post_id,timestamp,email,post_type,post_audience,active_subscription
146386903,2024-07-08T16:37:44.728Z,katherinemansfield13@gmail.com,newsletter,everyone,true
146386903,2024-07-08T16:37:44.764Z,ptantchev@gmail.com,newsletter,everyone,false
146386903,2024-07-08T16:37:45.228Z,btantchev@yahoo.com,newsletter,everyone,true
146386903,2024-07-08T16:37:46.279Z,aidankenney08@gmail.com,newsletter,everyone,true
146386903,2024-07-08T16:37:46.365Z,henryw.2118@gmail.com,newsletter,everyone,true
146386903,2024-07-08T16:37:46.422Z,griffin.szymoniak@gmail.com,newsletter,everyone,true
146386903,2024-07-08T16:37:46.427Z,josephekpo@ucsb.edu,newsletter,everyone,true
146386903,2024-07-08T16:37:46.462Z,willthomas127@gmail.com,newsletter,everyone,true
146386903,2024-07-08T16:37:46.537Z,derekuy@ucsb.edu,newsletter,everyone,true
