post_id,timestamp,email,post_type,post_audience,active_subscription
146381981,2024-07-08T00:46:26.384Z,ptantchev@gmail.com,newsletter,everyone,false
146381981,2024-07-08T00:46:27.537Z,katherinemansfield13@gmail.com,newsletter,everyone,true
146381981,2024-07-08T00:46:29.086Z,derekuy@ucsb.edu,newsletter,everyone,true
146381981,2024-07-08T00:46:29.156Z,griffin.szymoniak@gmail.com,newsletter,everyone,true
146381981,2024-07-08T00:46:29.180Z,willthomas127@gmail.com,newsletter,everyone,true
146381981,2024-07-08T00:46:29.235Z,henryw.2118@gmail.com,newsletter,everyone,true
