post_id,timestamp,email,post_type,post_audience,active_subscription,country,city,region,device_type,client_os,client_type,user_agent
146491085,2024-07-11T00:56:09.981Z,griffin.szymoniak@gmail.com,newsletter,everyone,true,US,,,,,,Mozilla/5.0 (Windows NT 5.1; rv:11.0) Gecko Firefox/11.0 (via ggpht.com GoogleImageProxy)
146491085,2024-07-11T00:59:03.274Z,aidankenney08@gmail.com,newsletter,everyone,true,US,,,,,,Mozilla/5.0 (Windows NT 5.1; rv:11.0) Gecko Firefox/11.0 (via ggpht.com GoogleImageProxy)
146491085,2024-07-11T00:59:03.374Z,aidankenney08@gmail.com,newsletter,everyone,true,US,,,,,,Mozilla/5.0 (Windows NT 5.1; rv:11.0) Gecko Firefox/11.0 (via ggpht.com GoogleImageProxy)
146491085,2024-07-11T01:06:56.071Z,willthomas127@gmail.com,newsletter,everyone,true,US,,,,,,Mozilla/5.0 (Windows NT 5.1; rv:11.0) Gecko Firefox/11.0 (via ggpht.com GoogleImageProxy)
146491085,2024-07-11T01:24:48.658Z,katherinemansfield13@gmail.com,newsletter,everyone,true,US,,,,,,Mozilla/5.0
146491085,2024-07-11T01:35:36.482Z,josephekpo@ucsb.edu,newsletter,everyone,true,US,,,,,,Mozilla/5.0 (Windows NT 5.1; rv:11.0) Gecko Firefox/11.0 (via ggpht.com GoogleImageProxy)
146491085,2024-07-11T01:41:30.135Z,josephekpo@ucsb.edu,newsletter,everyone,true,US,,,,,,Mozilla/5.0 (Windows NT 5.1; rv:11.0) Gecko Firefox/11.0 (via ggpht.com GoogleImageProxy)
146491085,2024-07-11T02:33:10.987Z,derekuy@ucsb.edu,newsletter,everyone,true,US,,,,,,Mozilla/5.0 (Windows NT 5.1; rv:11.0) Gecko Firefox/11.0 (via ggpht.com GoogleImageProxy)
146491085,2024-07-11T17:04:02.663Z,willthomas127@gmail.com,newsletter,everyone,true,US,,,,,,Mozilla/5.0 (Windows NT 5.1; rv:11.0) Gecko Firefox/11.0 (via ggpht.com GoogleImageProxy)
146491085,2024-07-11T18:08:11.177Z,derekuy@ucsb.edu,newsletter,everyone,true,US,,,,,,Mozilla/5.0 (Windows NT 5.1; rv:11.0) Gecko Firefox/11.0 (via ggpht.com GoogleImageProxy)
146491085,2024-07-11T18:21:14.137Z,henryw.2118@gmail.com,newsletter,everyone,true,US,,,,,,Mozilla/5.0 (Windows NT 5.1; rv:11.0) Gecko Firefox/11.0 (via ggpht.com GoogleImageProxy)
146491085,2024-07-11T20:15:04.242Z,derekuy@ucsb.edu,newsletter,everyone,true,US,,,,,,Mozilla/5.0 (Windows NT 5.1; rv:11.0) Gecko Firefox/11.0 (via ggpht.com GoogleImageProxy)
146491085,2024-07-11T21:41:42.891Z,ptantchev@gmail.com,newsletter,everyone,false,US,,,,,,Mozilla/5.0
146491085,2024-07-12T08:33:51.828Z,henryw.2118@gmail.com,newsletter,everyone,true,US,,,,,,Mozilla/5.0
146491085,2024-07-12T16:18:14.747Z,seanand113@gmail.com,newsletter,everyone,true,US,,,,,,Mozilla/5.0
146491085,2024-07-13T05:13:25.033Z,aidankenney08@gmail.com,newsletter,everyone,true,US,,,,,,Mozilla/5.0 (Windows NT 5.1; rv:11.0) Gecko Firefox/11.0 (via ggpht.com GoogleImageProxy)
146491085,2024-07-15T01:40:44.652Z,aidankenney08@gmail.com,newsletter,everyone,true,US,,,,,,Mozilla/5.0
146491085,2024-07-15T03:07:43.761Z,griffin.szymoniak@gmail.com,newsletter,everyone,true,US,,,,,,Mozilla/5.0
146491085,2024-07-18T16:39:51.842Z,henryw.2118@gmail.com,newsletter,everyone,true,US,,,,,,Mozilla/5.0
146491085,2024-07-22T12:42:53.536Z,seanand113@gmail.com,newsletter,everyone,true,US,,,,,,Mozilla/5.0
146491085,2024-07-26T18:20:11.657Z,griffin.szymoniak@gmail.com,newsletter,everyone,true,US,,,,,,Mozilla/5.0
146491085,2024-07-27T12:47:22.752Z,seanand113@gmail.com,newsletter,everyone,true,US,,,,,,Mozilla/5.0
