post_id,timestamp,email,post_type,post_audience,active_subscription
146491085,2024-07-11T00:45:40.558Z,katherinemansfield13@gmail.com,newsletter,everyone,true
146491085,2024-07-11T00:45:40.583Z,seanand113@gmail.com,newsletter,everyone,true
146491085,2024-07-11T00:45:40.899Z,btantchev@yahoo.com,newsletter,everyone,true
146491085,2024-07-11T00:45:41.525Z,henryw.2118@gmail.com,newsletter,everyone,true
146491085,2024-07-11T00:45:41.529Z,griffin.szymoniak@gmail.com,newsletter,everyone,true
146491085,2024-07-11T00:45:41.660Z,derekuy@ucsb.edu,newsletter,everyone,true
146491085,2024-07-11T00:45:41.682Z,josephekpo@ucsb.edu,newsletter,everyone,true
146491085,2024-07-11T00:45:41.732Z,willthomas127@gmail.com,newsletter,everyone,true
146491085,2024-07-11T00:45:41.733Z,aidankenney08@gmail.com,newsletter,everyone,true
146491085,2024-07-11T00:45:42.583Z,ptantchev@gmail.com,newsletter,everyone,false
