post_id,timestamp,email,post_type,post_audience,active_subscription
146424930,2024-07-09T18:46:53.399Z,ptantchev@gmail.com,newsletter,everyone,false
146424930,2024-07-09T18:46:55.313Z,josephekpo@ucsb.edu,newsletter,everyone,true
146424930,2024-07-09T18:46:55.323Z,griffin.szymoniak@gmail.com,newsletter,everyone,true
146424930,2024-07-09T18:46:55.323Z,willthomas127@gmail.com,newsletter,everyone,true
146424930,2024-07-09T18:46:55.488Z,derekuy@ucsb.edu,newsletter,everyone,true
146424930,2024-07-09T18:46:55.553Z,aidankenney08@gmail.com,newsletter,everyone,true
146424930,2024-07-09T18:46:55.580Z,henryw.2118@gmail.com,newsletter,everyone,true
146424930,2024-07-09T18:46:56.424Z,katherinemansfield13@gmail.com,newsletter,everyone,true
146424930,2024-07-09T18:46:56.482Z,seanand113@gmail.com,newsletter,everyone,true
146424930,2024-07-09T18:46:57.208Z,btantchev@yahoo.com,newsletter,everyone,true
