post_id,timestamp,email,post_type,post_audience,active_subscription
146529553,2024-07-12T16:30:23.249Z,btantchev@yahoo.com,newsletter,everyone,true
146529553,2024-07-12T16:30:23.347Z,seanand113@gmail.com,newsletter,everyone,true
146529553,2024-07-12T16:30:23.784Z,katherinemansfield13@gmail.com,newsletter,everyone,true
146529553,2024-07-12T16:30:25.139Z,griffin.szymoniak@gmail.com,newsletter,everyone,true
146529553,2024-07-12T16:30:25.144Z,derekuy@ucsb.edu,newsletter,everyone,true
146529553,2024-07-12T16:30:25.199Z,willthomas127@gmail.com,newsletter,everyone,true
146529553,2024-07-12T16:30:25.714Z,aidankenney08@gmail.com,newsletter,everyone,true
146529553,2024-07-12T16:30:25.760Z,henryw.2118@gmail.com,newsletter,everyone,true
146529553,2024-07-12T16:30:25.818Z,josephekpo@ucsb.edu,newsletter,everyone,true
146529553,2024-07-12T16:30:27.381Z,ptantchev@gmail.com,newsletter,everyone,false
