post_id,timestamp,email,post_type,post_audience,active_subscription,country,city,region,device_type,client_os,client_type,user_agent
146526987,2024-07-11T23:43:58.693Z,derekuy@ucsb.edu,newsletter,everyone,true,US,,,,,,Mozilla/5.0 (Windows NT 5.1; rv:11.0) Gecko Firefox/11.0 (via ggpht.com GoogleImageProxy)
146526987,2024-07-12T02:40:27.086Z,katherinemansfield13@gmail.com,newsletter,everyone,true,US,,,,,,Mozilla/5.0
146526987,2024-07-12T04:22:28.803Z,ptantchev@gmail.com,newsletter,everyone,false,US,,,,,,Mozilla/5.0
146526987,2024-07-12T04:36:26.188Z,aidankenney08@gmail.com,newsletter,everyone,true,US,,,,,,Mozilla/5.0 (Windows NT 5.1; rv:11.0) Gecko Firefox/11.0 (via ggpht.com GoogleImageProxy)
146526987,2024-07-12T05:59:04.781Z,henryw.2118@gmail.com,newsletter,everyone,true,US,,,,,,Mozilla/5.0 (Windows NT 5.1; rv:11.0) Gecko Firefox/11.0 (via ggpht.com GoogleImageProxy)
146526987,2024-07-12T06:55:21.831Z,henryw.2118@gmail.com,newsletter,everyone,true,US,,,,,,Mozilla/5.0
146526987,2024-07-12T08:34:53.346Z,josephekpo@ucsb.edu,newsletter,everyone,true,US,,,,,,Mozilla/5.0
146526987,2024-07-12T15:23:46.294Z,derekuy@ucsb.edu,newsletter,everyone,true,US,,,,,,Mozilla/5.0 (Windows NT 5.1; rv:11.0) Gecko Firefox/11.0 (via ggpht.com GoogleImageProxy)
146526987,2024-07-13T05:06:00.980Z,seanand113@gmail.com,newsletter,everyone,true,US,,,,,,Mozilla/5.0
146526987,2024-07-13T05:07:42.044Z,derekuy@ucsb.edu,newsletter,everyone,true,US,,,,,,Mozilla/5.0 (Windows NT 5.1; rv:11.0) Gecko Firefox/11.0 (via ggpht.com GoogleImageProxy)
146526987,2024-07-13T05:13:16.932Z,aidankenney08@gmail.com,newsletter,everyone,true,US,,,,,,Mozilla/5.0 (Windows NT 5.1; rv:11.0) Gecko Firefox/11.0 (via ggpht.com GoogleImageProxy)
146526987,2024-07-15T12:10:16.780Z,griffin.szymoniak@gmail.com,newsletter,everyone,true,US,,,,,,Mozilla/5.0
146526987,2024-07-18T16:54:30.530Z,henryw.2118@gmail.com,newsletter,everyone,true,US,,,,,,Mozilla/5.0
146526987,2024-07-22T15:54:44.258Z,seanand113@gmail.com,newsletter,everyone,true,US,,,,,,Mozilla/5.0
146526987,2024-07-25T20:12:34.372Z,aidankenney08@gmail.com,newsletter,everyone,true,US,,,,,,Mozilla/5.0
146526987,2024-07-26T18:11:21.902Z,griffin.szymoniak@gmail.com,newsletter,everyone,true,US,,,,,,Mozilla/5.0
146526987,2024-07-27T12:47:22.752Z,seanand113@gmail.com,newsletter,everyone,true,US,,,,,,Mozilla/5.0
