post_id,timestamp,email,post_type,post_audience,active_subscription
146526987,2024-07-11T23:36:21.198Z,ptantchev@gmail.com,newsletter,everyone,false
146526987,2024-07-11T23:36:23.250Z,katherinemansfield13@gmail.com,newsletter,everyone,true
146526987,2024-07-11T23:36:23.334Z,seanand113@gmail.com,newsletter,everyone,true
146526987,2024-07-11T23:36:23.789Z,btantchev@yahoo.com,newsletter,everyone,true
146526987,2024-07-11T23:36:26.712Z,derekuy@ucsb.edu,newsletter,everyone,true
146526987,2024-07-11T23:36:26.765Z,josephekpo@ucsb.edu,newsletter,everyone,true
146526987,2024-07-11T23:36:26.782Z,griffin.szymoniak@gmail.com,newsletter,everyone,true
146526987,2024-07-11T23:36:26.818Z,henryw.2118@gmail.com,newsletter,everyone,true
146526987,2024-07-11T23:36:26.864Z,aidankenney08@gmail.com,newsletter,everyone,true
146526987,2024-07-11T23:36:26.952Z,willthomas127@gmail.com,newsletter,everyone,true
