post_id,timestamp,email,post_type,post_audience,active_subscription,country,city,region,device_type,client_os,client_type,user_agent
146529553,2024-07-12T16:32:21.196Z,derekuy@ucsb.edu,newsletter,everyone,true,US,,,,,,Mozilla/5.0 (Windows NT 5.1; rv:11.0) Gecko Firefox/11.0 (via ggpht.com GoogleImageProxy)
146529553,2024-07-12T18:27:02.947Z,katherinemansfield13@gmail.com,newsletter,everyone,true,US,,,,,,Mozilla/5.0
146529553,2024-07-12T20:24:58.392Z,willthomas127@gmail.com,newsletter,everyone,true,US,,,,,,Mozilla/5.0 (Windows NT 5.1; rv:11.0) Gecko Firefox/11.0 (via ggpht.com GoogleImageProxy)
146529553,2024-07-13T00:55:06.555Z,henryw.2118@gmail.com,newsletter,everyone,true,US,,,,,,Mozilla/5.0
146529553,2024-07-13T01:21:22.805Z,josephekpo@ucsb.edu,newsletter,everyone,true,US,,,,,,Mozilla/5.0 (Windows NT 5.1; rv:11.0) Gecko Firefox/11.0 (via ggpht.com GoogleImageProxy)
146529553,2024-07-13T01:21:23.611Z,josephekpo@ucsb.edu,newsletter,everyone,true,US,,,,,,Mozilla/5.0 (Windows NT 5.1; rv:11.0) Gecko Firefox/11.0 (via ggpht.com GoogleImageProxy)
146529553,2024-07-13T05:07:39.727Z,derekuy@ucsb.edu,newsletter,everyone,true,US,,,,,,Mozilla/5.0 (Windows NT 5.1; rv:11.0) Gecko Firefox/11.0 (via ggpht.com GoogleImageProxy)
146529553,2024-07-13T05:13:18.558Z,aidankenney08@gmail.com,newsletter,everyone,true,US,,,,,,Mozilla/5.0 (Windows NT 5.1; rv:11.0) Gecko Firefox/11.0 (via ggpht.com GoogleImageProxy)
146529553,2024-07-13T07:08:54.204Z,ptantchev@gmail.com,newsletter,everyone,false,US,,,,,,Mozilla/5.0
146529553,2024-07-13T10:21:14.562Z,seanand113@gmail.com,newsletter,everyone,true,US,,,,,,Mozilla/5.0
146529553,2024-07-13T15:11:32.963Z,griffin.szymoniak@gmail.com,newsletter,everyone,true,US,,,,,,Mozilla/5.0 (Windows NT 5.1; rv:11.0) Gecko Firefox/11.0 (via ggpht.com GoogleImageProxy)
146529553,2024-07-13T15:11:37.141Z,griffin.szymoniak@gmail.com,newsletter,everyone,true,US,,,,,,Mozilla/5.0 (Windows NT 5.1; rv:11.0) Gecko Firefox/11.0 (via ggpht.com GoogleImageProxy)
146529553,2024-07-13T16:50:07.900Z,derekuy@ucsb.edu,newsletter,everyone,true,US,,,,,,Mozilla/5.0 (Windows NT 5.1; rv:11.0) Gecko Firefox/11.0 (via ggpht.com GoogleImageProxy)
146529553,2024-07-13T17:38:35.575Z,derekuy@ucsb.edu,newsletter,everyone,true,US,,,,,,Mozilla/5.0 (Windows NT 5.1; rv:11.0) Gecko Firefox/11.0 (via ggpht.com GoogleImageProxy)
146529553,2024-07-14T07:14:11.946Z,josephekpo@ucsb.edu,newsletter,everyone,true,US,,,,,,Mozilla/5.0
146529553,2024-07-15T12:10:16.780Z,griffin.szymoniak@gmail.com,newsletter,everyone,true,US,,,,,,Mozilla/5.0
146529553,2024-07-16T03:35:51.365Z,derekuy@ucsb.edu,newsletter,everyone,true,US,,,,,,Mozilla/5.0 (Windows NT 5.1; rv:11.0) Gecko Firefox/11.0 (via ggpht.com GoogleImageProxy)
146529553,2024-07-18T16:54:30.531Z,henryw.2118@gmail.com,newsletter,everyone,true,US,,,,,,Mozilla/5.0
146529553,2024-07-22T15:54:44.257Z,seanand113@gmail.com,newsletter,everyone,true,US,,,,,,Mozilla/5.0
146529553,2024-07-25T20:12:34.371Z,aidankenney08@gmail.com,newsletter,everyone,true,US,,,,,,Mozilla/5.0
146529553,2024-07-26T18:11:21.901Z,griffin.szymoniak@gmail.com,newsletter,everyone,true,US,,,,,,Mozilla/5.0
146529553,2024-07-27T12:47:22.751Z,seanand113@gmail.com,newsletter,everyone,true,US,,,,,,Mozilla/5.0
