post_id,timestamp,email,post_type,post_audience,active_subscription
146688360,2024-07-16T20:29:24.083Z,ptantchev@gmail.com,newsletter,everyone,false
146688360,2024-07-16T20:29:24.819Z,btantchev@yahoo.com,newsletter,everyone,true
146688360,2024-07-16T20:29:25.205Z,seanand113@gmail.com,newsletter,everyone,true
146688360,2024-07-16T20:29:25.239Z,katherinemansfield13@gmail.com,newsletter,everyone,true
146688360,2024-07-16T20:29:26.482Z,griffin.szymoniak@gmail.com,newsletter,everyone,true
146688360,2024-07-16T20:29:26.613Z,aidankenney08@gmail.com,newsletter,everyone,true
146688360,2024-07-16T20:29:26.672Z,josephekpo@ucsb.edu,newsletter,everyone,true
146688360,2024-07-16T20:29:26.680Z,derekuy@ucsb.edu,newsletter,everyone,true
146688360,2024-07-16T20:29:26.801Z,henryw.2118@gmail.com,newsletter,everyone,true
146688360,2024-07-16T20:29:26.819Z,willthomas127@gmail.com,newsletter,everyone,true
