post_id,timestamp,email,post_type,post_audience,active_subscription
146658450,2024-07-16T02:45:35.554Z,ptantchev@gmail.com,newsletter,everyone,false
146658450,2024-07-16T02:45:37.281Z,seanand113@gmail.com,newsletter,everyone,true
146658450,2024-07-16T02:45:37.390Z,katherinemansfield13@gmail.com,newsletter,everyone,true
146658450,2024-07-16T02:45:37.732Z,henryw.2118@gmail.com,newsletter,everyone,true
146658450,2024-07-16T02:45:37.793Z,josephekpo@ucsb.edu,newsletter,everyone,true
146658450,2024-07-16T02:45:37.849Z,btantchev@yahoo.com,newsletter,everyone,true
146658450,2024-07-16T02:45:37.884Z,griffin.szymoniak@gmail.com,newsletter,everyone,true
146658450,2024-07-16T02:45:37.952Z,derekuy@ucsb.edu,newsletter,everyone,true
146658450,2024-07-16T02:45:37.962Z,aidankenney08@gmail.com,newsletter,everyone,true
146658450,2024-07-16T02:45:38.278Z,willthomas127@gmail.com,newsletter,everyone,true
