post_id,timestamp,email,post_type,post_audience,active_subscription,country,city,region,device_type,client_os,client_type,user_agent
146688360,2024-07-16T20:34:21.618Z,katherinemansfield13@gmail.com,newsletter,everyone,true,US,,,,,,Mozilla/5.0
146688360,2024-07-16T20:39:54.756Z,aidankenney08@gmail.com,newsletter,everyone,true,US,,,,,,Mozilla/5.0 (Windows NT 5.1; rv:11.0) Gecko Firefox/11.0 (via ggpht.com GoogleImageProxy)
146688360,2024-07-16T21:06:32.946Z,henryw.2118@gmail.com,newsletter,everyone,true,US,,,,,,Mozilla/5.0
146688360,2024-07-16T21:06:57.820Z,derekuy@ucsb.edu,newsletter,everyone,true,US,,,,,,Mozilla/5.0 (Windows NT 5.1; rv:11.0) Gecko Firefox/11.0 (via ggpht.com GoogleImageProxy)
146688360,2024-07-16T21:06:59.546Z,derekuy@ucsb.edu,newsletter,everyone,true,US,,,,,,Mozilla/5.0 (Windows NT 5.1; rv:11.0) Gecko Firefox/11.0 (via ggpht.com GoogleImageProxy)
146688360,2024-07-16T21:07:01.686Z,derekuy@ucsb.edu,newsletter,everyone,true,US,,,,,,Mozilla/5.0 (Windows NT 5.1; rv:11.0) Gecko Firefox/11.0 (via ggpht.com GoogleImageProxy)
146688360,2024-07-16T22:17:50.837Z,ptantchev@gmail.com,newsletter,everyone,false,US,,,,,,Mozilla/5.0
146688360,2024-07-16T22:56:25.209Z,seanand113@gmail.com,newsletter,everyone,true,US,,,,,,Mozilla/5.0
146688360,2024-07-16T23:00:26.540Z,josephekpo@ucsb.edu,newsletter,everyone,true,US,,,,,,Mozilla/5.0 (Windows NT 5.1; rv:11.0) Gecko Firefox/11.0 (via ggpht.com GoogleImageProxy)
146688360,2024-07-17T03:37:48.624Z,griffin.szymoniak@gmail.com,newsletter,everyone,true,US,,,,,,Mozilla/5.0 (Windows NT 5.1; rv:11.0) Gecko Firefox/11.0 (via ggpht.com GoogleImageProxy)
146688360,2024-07-17T03:46:06.268Z,willthomas127@gmail.com,newsletter,everyone,true,US,,,,,,Mozilla/5.0 (Windows NT 5.1; rv:11.0) Gecko Firefox/11.0 (via ggpht.com GoogleImageProxy)
146688360,2024-07-17T03:46:11.073Z,willthomas127@gmail.com,newsletter,everyone,true,US,,,,,,Mozilla/5.0 (Windows NT 5.1; rv:11.0) Gecko Firefox/11.0 (via ggpht.com GoogleImageProxy)
146688360,2024-07-17T03:47:03.939Z,willthomas127@gmail.com,newsletter,everyone,true,US,,,,,,Mozilla/5.0 (Windows NT 5.1; rv:11.0) Gecko Firefox/11.0 (via ggpht.com GoogleImageProxy)
146688360,2024-07-17T05:27:20.001Z,griffin.szymoniak@gmail.com,newsletter,everyone,true,US,,,,,,Mozilla/5.0
146688360,2024-07-17T06:54:53.586Z,derekuy@ucsb.edu,newsletter,everyone,true,US,,,,,,Mozilla/5.0 (Windows NT 5.1; rv:11.0) Gecko Firefox/11.0 (via ggpht.com GoogleImageProxy)
146688360,2024-07-17T18:23:34.757Z,aidankenney08@gmail.com,newsletter,everyone,true,US,,,,,,Mozilla/5.0 (Windows NT 5.1; rv:11.0) Gecko Firefox/11.0 (via ggpht.com GoogleImageProxy)
146688360,2024-07-18T02:35:10.618Z,btantchev@yahoo.com,newsletter,everyone,true,US,,,,,,YahooMailProxy; https://help.yahoo.com/kb/yahoo-mail-proxy-SLN28749.html
146688360,2024-07-18T08:28:03.098Z,josephekpo@ucsb.edu,newsletter,everyone,true,US,,,,,,Mozilla/5.0
146688360,2024-07-18T18:47:52.116Z,henryw.2118@gmail.com,newsletter,everyone,true,US,,,,,,Mozilla/5.0
146688360,2024-07-25T18:54:42.658Z,aidankenney08@gmail.com,newsletter,everyone,true,US,,,,,,Mozilla/5.0
