post_id,timestamp,email,post_type,post_audience,active_subscription,country,city,region,device_type,client_os,client_type,user_agent
146858914,2024-07-21T21:08:01.278Z,derekuy@ucsb.edu,newsletter,everyone,true,US,,,,,,Mozilla/5.0 (Windows NT 5.1; rv:11.0) Gecko Firefox/11.0 (via ggpht.com GoogleImageProxy)
146858914,2024-07-21T22:53:09.381Z,katherinemansfield13@gmail.com,newsletter,everyone,true,US,,,,,,Mozilla/5.0
146858914,2024-07-22T01:11:29.255Z,henryw.2118@gmail.com,newsletter,everyone,true,US,,,,,,Mozilla/5.0
146858914,2024-07-22T04:48:22.387Z,aidankenney08@gmail.com,newsletter,everyone,true,US,,,,,,Mozilla/5.0 (Windows NT 5.1; rv:11.0) Gecko Firefox/11.0 (via ggpht.com GoogleImageProxy)
146858914,2024-07-22T05:35:19.374Z,ptantchev@gmail.com,newsletter,everyone,false,US,,,,,,Mozilla/5.0
146858914,2024-07-22T07:28:56.030Z,griffin.szymoniak@gmail.com,newsletter,everyone,true,US,,,,,,Mozilla/5.0
146858914,2024-07-22T12:04:32.438Z,seanand113@gmail.com,newsletter,everyone,true,US,,,,,,Mozilla/5.0
146858914,2024-07-22T20:19:17.244Z,derekuy@ucsb.edu,newsletter,everyone,true,US,,,,,,Mozilla/5.0 (Windows NT 5.1; rv:11.0) Gecko Firefox/11.0 (via ggpht.com GoogleImageProxy)
146858914,2024-07-22T22:26:36.405Z,griffin.szymoniak@gmail.com,newsletter,everyone,true,US,,,,,,Mozilla/5.0 (Windows NT 5.1; rv:11.0) Gecko Firefox/11.0 (via ggpht.com GoogleImageProxy)
146858914,2024-07-23T06:25:17.420Z,josephekpo@ucsb.edu,newsletter,everyone,true,US,,,,,,Mozilla/5.0
146858914,2024-07-24T02:24:42.945Z,aidankenney08@gmail.com,newsletter,everyone,true,US,,,,,,Mozilla/5.0 (Windows NT 5.1; rv:11.0) Gecko Firefox/11.0 (via ggpht.com GoogleImageProxy)
146858914,2024-07-25T18:26:49.864Z,aidankenney08@gmail.com,newsletter,everyone,true,US,,,,,,Mozilla/5.0
146858914,2024-07-26T16:38:00.519Z,aidankenney08@gmail.com,newsletter,everyone,true,US,,,,,,Mozilla/5.0 (Windows NT 5.1; rv:11.0) Gecko Firefox/11.0 (via ggpht.com GoogleImageProxy)
146858914,2024-08-01T12:58:21.734Z,seanand113@gmail.com,newsletter,everyone,true,US,,,,,,Mozilla/5.0
146858914,2024-08-04T22:51:06.133Z,henryw.2118@gmail.com,newsletter,everyone,true,US,,,,,,Mozilla/5.0
146858914,2024-08-17T11:34:42.024Z,katherinemansfield13@gmail.com,newsletter,everyone,true,US,,,,,,Mozilla/5.0
