post_id,timestamp,email,post_type,post_audience,active_subscription
146858914,2024-07-21T21:06:43.632Z,ptantchev@gmail.com,newsletter,everyone,false
146858914,2024-07-21T21:06:46.594Z,btantchev@yahoo.com,newsletter,everyone,true
146858914,2024-07-21T21:06:46.779Z,katherinemansfield13@gmail.com,newsletter,everyone,true
146858914,2024-07-21T21:06:46.819Z,seanand113@gmail.com,newsletter,everyone,true
146858914,2024-07-21T21:06:47.263Z,willthomas127@gmail.com,newsletter,everyone,true
146858914,2024-07-21T21:06:47.314Z,henryw.2118@gmail.com,newsletter,everyone,true
146858914,2024-07-21T21:06:47.327Z,derekuy@ucsb.edu,newsletter,everyone,true
146858914,2024-07-21T21:06:47.332Z,josephekpo@ucsb.edu,newsletter,everyone,true
146858914,2024-07-21T21:06:47.388Z,griffin.szymoniak@gmail.com,newsletter,everyone,true
146858914,2024-07-21T21:06:47.706Z,aidankenney08@gmail.com,newsletter,everyone,true
