post_id,timestamp,email,post_type,post_audience,active_subscription
146904774,2024-07-23T03:59:58.093Z,ptantchev@gmail.com,newsletter,everyone,false
146904774,2024-07-23T03:59:58.100Z,katherinemansfield13@gmail.com,newsletter,everyone,true
146904774,2024-07-23T03:59:58.233Z,seanand113@gmail.com,newsletter,everyone,true
146904774,2024-07-23T03:59:58.449Z,btantchev@yahoo.com,newsletter,everyone,true
146904774,2024-07-23T03:59:59.007Z,willthomas127@gmail.com,newsletter,everyone,true
146904774,2024-07-23T03:59:59.016Z,griffin.szymoniak@gmail.com,newsletter,everyone,true
146904774,2024-07-23T03:59:59.048Z,aidankenney08@gmail.com,newsletter,everyone,true
146904774,2024-07-23T03:59:59.071Z,henryw.2118@gmail.com,newsletter,everyone,true
146904774,2024-07-23T03:59:59.179Z,josephekpo@ucsb.edu,newsletter,everyone,true
146904774,2024-07-23T03:59:59.228Z,derekuy@ucsb.edu,newsletter,everyone,true
