post_id,timestamp,email,post_type,post_audience,active_subscription
146966346,2024-07-24T17:51:28.707Z,ptantchev@gmail.com,newsletter,everyone,false
146966346,2024-07-24T17:51:29.625Z,katherinemansfield13@gmail.com,newsletter,everyone,true
146966346,2024-07-24T17:51:29.659Z,seanand113@gmail.com,newsletter,everyone,true
146966346,2024-07-24T17:51:29.931Z,btantchev@yahoo.com,newsletter,everyone,true
146966346,2024-07-24T17:51:30.769Z,henryw.2118@gmail.com,newsletter,everyone,true
146966346,2024-07-24T17:51:30.769Z,griffin.szymoniak@gmail.com,newsletter,everyone,true
146966346,2024-07-24T17:51:30.787Z,josephekpo@ucsb.edu,newsletter,everyone,true
146966346,2024-07-24T17:51:30.945Z,aidankenney08@gmail.com,newsletter,everyone,true
146966346,2024-07-24T17:51:31.092Z,willthomas127@gmail.com,newsletter,everyone,true
146966346,2024-07-24T17:51:31.134Z,derekuy@ucsb.edu,newsletter,everyone,true
146966346,2024-07-24T17:51:31.154Z,olafjkuiper@gmail.com,newsletter,everyone,true
