post_id,timestamp,email,post_type,post_audience,active_subscription
146981809,2024-07-25T03:03:50.726Z,ptantchev@gmail.com,newsletter,everyone,false
146981809,2024-07-25T03:03:51.764Z,katherinemansfield13@gmail.com,newsletter,everyone,true
146981809,2024-07-25T03:03:51.918Z,btantchev@yahoo.com,newsletter,everyone,true
146981809,2024-07-25T03:03:51.945Z,seanand113@gmail.com,newsletter,everyone,true
146981809,2024-07-25T03:03:53.615Z,griffin.szymoniak@gmail.com,newsletter,everyone,true
146981809,2024-07-25T03:03:53.641Z,olafjkuiper@gmail.com,newsletter,everyone,true
146981809,2024-07-25T03:03:53.774Z,henryw.2118@gmail.com,newsletter,everyone,true
146981809,2024-07-25T03:03:53.824Z,willthomas127@gmail.com,newsletter,everyone,true
146981809,2024-07-25T03:03:53.954Z,aidankenney08@gmail.com,newsletter,everyone,true
146981809,2024-07-25T03:03:54.041Z,derekuy@ucsb.edu,newsletter,everyone,true
146981809,2024-07-25T03:03:54.253Z,josephekpo@ucsb.edu,newsletter,everyone,true
