post_id,timestamp,email,post_type,post_audience,active_subscription
146980553,2024-07-25T20:31:17.986Z,ptantchev@gmail.com,newsletter,everyone,false
146980553,2024-07-25T20:31:18.299Z,seanand113@gmail.com,newsletter,everyone,true
146980553,2024-07-25T20:31:18.590Z,katherinemansfield13@gmail.com,newsletter,everyone,true
146980553,2024-07-25T20:31:18.996Z,btantchev@yahoo.com,newsletter,everyone,true
146980553,2024-07-25T20:31:19.347Z,olafjkuiper@gmail.com,newsletter,everyone,true
146980553,2024-07-25T20:31:19.420Z,griffin.szymoniak@gmail.com,newsletter,everyone,true
146980553,2024-07-25T20:31:19.508Z,henryw.2118@gmail.com,newsletter,everyone,true
146980553,2024-07-25T20:31:19.583Z,josephekpo@ucsb.edu,newsletter,everyone,true
146980553,2024-07-25T20:31:19.605Z,willthomas127@gmail.com,newsletter,everyone,true
146980553,2024-07-25T20:31:19.632Z,derekuy@ucsb.edu,newsletter,everyone,true
146980553,2024-07-25T20:31:19.715Z,aidankenney08@gmail.com,newsletter,everyone,true
