post_id,timestamp,email,post_type,post_audience,active_subscription,country,city,region,device_type,client_os,client_type,user_agent
146980553,2024-07-25T22:33:53.034Z,seanand113@gmail.com,newsletter,everyone,true,US,,,,,,Mozilla/5.0
146980553,2024-07-25T23:39:46.983Z,henryw.2118@gmail.com,newsletter,everyone,true,US,,,,,,Mozilla/5.0 (Windows NT 5.1; rv:11.0) Gecko Firefox/11.0 (via ggpht.com GoogleImageProxy)
146980553,2024-07-25T23:53:08.602Z,griffin.szymoniak@gmail.com,newsletter,everyone,true,US,,,,,,Mozilla/5.0 (Windows NT 5.1; rv:11.0) Gecko Firefox/11.0 (via ggpht.com GoogleImageProxy)
146980553,2024-07-26T00:57:24.312Z,derekuy@ucsb.edu,newsletter,everyone,true,US,,,,,,Mozilla/5.0 (Windows NT 5.1; rv:11.0) Gecko Firefox/11.0 (via ggpht.com GoogleImageProxy)
146980553,2024-07-26T00:57:50.178Z,derekuy@ucsb.edu,newsletter,everyone,true,US,,,,,,Mozilla/5.0 (Windows NT 5.1; rv:11.0) Gecko Firefox/11.0 (via ggpht.com GoogleImageProxy)
146980553,2024-07-26T03:39:18.029Z,willthomas127@gmail.com,newsletter,everyone,true,US,,,,,,Mozilla/5.0 (Windows NT 5.1; rv:11.0) Gecko Firefox/11.0 (via ggpht.com GoogleImageProxy)
146980553,2024-07-26T03:49:43.276Z,derekuy@ucsb.edu,newsletter,everyone,true,US,,,,,,Mozilla/5.0 (Windows NT 5.1; rv:11.0) Gecko Firefox/11.0 (via ggpht.com GoogleImageProxy)
146980553,2024-07-26T16:37:16.378Z,aidankenney08@gmail.com,newsletter,everyone,true,US,,,,,,Mozilla/5.0 (Windows NT 5.1; rv:11.0) Gecko Firefox/11.0 (via ggpht.com GoogleImageProxy)
146980553,2024-07-27T00:32:16.715Z,willthomas127@gmail.com,newsletter,everyone,true,US,,,,,,Mozilla/5.0 (Windows NT 5.1; rv:11.0) Gecko Firefox/11.0 (via ggpht.com GoogleImageProxy)
146980553,2024-07-28T00:27:38.214Z,katherinemansfield13@gmail.com,newsletter,everyone,true,US,,,,,,Mozilla/5.0
146980553,2024-07-29T20:43:41.342Z,aidankenney08@gmail.com,newsletter,everyone,true,US,,,,,,Mozilla/5.0
146980553,2024-08-04T23:46:13.102Z,henryw.2118@gmail.com,newsletter,everyone,true,US,,,,,,Mozilla/5.0
146980553,2024-08-07T12:26:44.027Z,seanand113@gmail.com,newsletter,everyone,true,US,,,,,,Mozilla/5.0
146980553,2024-08-09T12:23:50.501Z,katherinemansfield13@gmail.com,newsletter,everyone,true,US,,,,,,Mozilla/5.0
146980553,2024-08-17T12:41:41.095Z,seanand113@gmail.com,newsletter,everyone,true,US,,,,,,Mozilla/5.0
