post_id,timestamp,email,post_type,post_audience,active_subscription,country,city,region,device_type,client_os,client_type,user_agent
146981809,2024-07-25T03:09:05.728Z,josephekpo@ucsb.edu,newsletter,everyone,true,US,,,,,,Mozilla/5.0 (Windows NT 5.1; rv:11.0) Gecko Firefox/11.0 (via ggpht.com GoogleImageProxy)
146981809,2024-07-25T04:20:08.294Z,derekuy@ucsb.edu,newsletter,everyone,true,US,,,,,,Mozilla/5.0 (Windows NT 5.1; rv:11.0) Gecko Firefox/11.0 (via ggpht.com GoogleImageProxy)
146981809,2024-07-25T04:20:08.613Z,derekuy@ucsb.edu,newsletter,everyone,true,US,,,,,,Mozilla/5.0 (Windows NT 5.1; rv:11.0) Gecko Firefox/11.0 (via ggpht.com GoogleImageProxy)
146981809,2024-07-25T04:59:46.445Z,olafjkuiper@gmail.com,newsletter,everyone,true,US,,,,,,Mozilla/5.0
146981809,2024-07-25T05:04:49.786Z,katherinemansfield13@gmail.com,newsletter,everyone,true,US,,,,,,Mozilla/5.0
146981809,2024-07-25T05:36:21.716Z,ptantchev@gmail.com,newsletter,everyone,false,US,,,,,,Mozilla/5.0 (Windows NT 5.1; rv:11.0) Gecko Firefox/11.0 (via ggpht.com GoogleImageProxy)
146981809,2024-07-25T05:37:16.808Z,derekuy@ucsb.edu,newsletter,everyone,true,US,,,,,,Mozilla/5.0 (Windows NT 5.1; rv:11.0) Gecko Firefox/11.0 (via ggpht.com GoogleImageProxy)
146981809,2024-07-25T06:14:38.319Z,henryw.2118@gmail.com,newsletter,everyone,true,US,,,,,,Mozilla/5.0
146981809,2024-07-25T14:46:49.113Z,ptantchev@gmail.com,newsletter,everyone,false,US,,,,,,Mozilla/5.0
146981809,2024-07-27T21:05:20.548Z,josephekpo@ucsb.edu,newsletter,everyone,true,US,,,,,,Mozilla/5.0
146981809,2024-07-29T20:22:51.686Z,aidankenney08@gmail.com,newsletter,everyone,true,US,,,,,,Mozilla/5.0
146981809,2024-08-01T11:22:08.379Z,seanand113@gmail.com,newsletter,everyone,true,US,,,,,,Mozilla/5.0
146981809,2024-08-02T09:50:26.653Z,griffin.szymoniak@gmail.com,newsletter,everyone,true,US,,,,,,Mozilla/5.0
146981809,2024-08-04T23:46:13.103Z,henryw.2118@gmail.com,newsletter,everyone,true,US,,,,,,Mozilla/5.0
146981809,2024-08-09T12:23:50.501Z,katherinemansfield13@gmail.com,newsletter,everyone,true,US,,,,,,Mozilla/5.0
146981809,2024-08-17T12:41:41.096Z,seanand113@gmail.com,newsletter,everyone,true,US,,,,,,Mozilla/5.0
