post_id,timestamp,email,post_type,post_audience,active_subscription,country,city,region,device_type,client_os,client_type,user_agent
147059390,2024-07-27T16:05:39.646Z,derekuy@ucsb.edu,newsletter,everyone,true,US,,,,,,Mozilla/5.0 (Windows NT 5.1; rv:11.0) Gecko Firefox/11.0 (via ggpht.com GoogleImageProxy)
147059390,2024-07-27T16:22:18.024Z,seanand113@gmail.com,newsletter,everyone,true,US,,,,,,Mozilla/5.0
147059390,2024-07-27T21:41:40.349Z,derekuy@ucsb.edu,newsletter,everyone,true,US,,,,,,Mozilla/5.0 (Windows NT 5.1; rv:11.0) Gecko Firefox/11.0 (via ggpht.com GoogleImageProxy)
147059390,2024-07-27T22:13:54.789Z,olafjkuiper@gmail.com,newsletter,everyone,true,US,,,,,,Mozilla/5.0
147059390,2024-07-27T22:47:05.352Z,ptantchev@gmail.com,newsletter,everyone,false,US,,,,,,Mozilla/5.0
147059390,2024-07-28T00:59:40.974Z,aidankenney08@gmail.com,newsletter,everyone,true,US,,,,,,Mozilla/5.0 (Windows NT 5.1; rv:11.0) Gecko Firefox/11.0 (via ggpht.com GoogleImageProxy)
147059390,2024-07-28T20:12:40.196Z,josephekpo@ucsb.edu,newsletter,everyone,true,US,,,,,,Mozilla/5.0
147059390,2024-07-29T03:41:40.628Z,katherinemansfield13@gmail.com,newsletter,everyone,true,US,,,,,,Mozilla/5.0
147059390,2024-07-31T17:47:21.144Z,aidankenney08@gmail.com,newsletter,everyone,true,US,,,,,,Mozilla/5.0
147059390,2024-08-02T09:50:26.654Z,griffin.szymoniak@gmail.com,newsletter,everyone,true,US,,,,,,Mozilla/5.0
147059390,2024-08-04T23:28:38.236Z,henryw.2118@gmail.com,newsletter,everyone,true,US,,,,,,Mozilla/5.0
147059390,2024-08-07T12:26:44.026Z,seanand113@gmail.com,newsletter,everyone,true,US,,,,,,Mozilla/5.0
147059390,2024-08-09T12:23:50.500Z,katherinemansfield13@gmail.com,newsletter,everyone,true,US,,,,,,Mozilla/5.0
147059390,2024-08-17T12:41:41.094Z,seanand113@gmail.com,newsletter,everyone,true,US,,,,,,Mozilla/5.0
