post_id,timestamp,email,post_type,post_audience,active_subscription
147059390,2024-07-27T16:05:09.954Z,ptantchev@gmail.com,newsletter,everyone,false
147059390,2024-07-27T16:05:13.975Z,seanand113@gmail.com,newsletter,everyone,true
147059390,2024-07-27T16:05:14.463Z,btantchev@yahoo.com,newsletter,everyone,true
147059390,2024-07-27T16:05:14.475Z,katherinemansfield13@gmail.com,newsletter,everyone,true
147059390,2024-07-27T16:05:15.513Z,henryw.2118@gmail.com,newsletter,everyone,true
147059390,2024-07-27T16:05:15.545Z,willthomas127@gmail.com,newsletter,everyone,true
147059390,2024-07-27T16:05:15.639Z,aidankenney08@gmail.com,newsletter,everyone,true
147059390,2024-07-27T16:05:15.697Z,olafjkuiper@gmail.com,newsletter,everyone,true
147059390,2024-07-27T16:05:15.715Z,griffin.szymoniak@gmail.com,newsletter,everyone,true
147059390,2024-07-27T16:05:15.743Z,josephekpo@ucsb.edu,newsletter,everyone,true
147059390,2024-07-27T16:05:15.836Z,derekuy@ucsb.edu,newsletter,everyone,true
