post_id,timestamp,email,post_type,post_audience,active_subscription
147019561,2024-07-29T16:04:57.550Z,ptantchev@gmail.com,newsletter,everyone,false
147019561,2024-07-29T16:04:59.418Z,seanand113@gmail.com,newsletter,everyone,true
147019561,2024-07-29T16:04:59.471Z,katherinemansfield13@gmail.com,newsletter,everyone,true
147019561,2024-07-29T16:04:59.901Z,btantchev@yahoo.com,newsletter,everyone,true
147019561,2024-07-29T16:05:00.276Z,griffin.szymoniak@gmail.com,newsletter,everyone,true
147019561,2024-07-29T16:05:00.333Z,willthomas127@gmail.com,newsletter,everyone,true
147019561,2024-07-29T16:05:00.465Z,josephekpo@ucsb.edu,newsletter,everyone,true
147019561,2024-07-29T16:05:00.499Z,aidankenney08@gmail.com,newsletter,everyone,true
147019561,2024-07-29T16:05:00.510Z,henryw.2118@gmail.com,newsletter,everyone,true
147019561,2024-07-29T16:05:00.577Z,olafjkuiper@gmail.com,newsletter,everyone,true
147019561,2024-07-29T16:05:00.688Z,derekuy@ucsb.edu,newsletter,everyone,true
