post_id,timestamp,email,post_type,post_audience,active_subscription,country,city,region,device_type,client_os,client_type,user_agent
147019561,2024-07-29T17:46:08.950Z,katherinemansfield13@gmail.com,newsletter,everyone,true,US,,,,,,Mozilla/5.0
147019561,2024-07-29T18:10:20.071Z,seanand113@gmail.com,newsletter,everyone,true,US,,,,,,Mozilla/5.0
147019561,2024-07-29T20:24:23.923Z,ptantchev@gmail.com,newsletter,everyone,false,US,,,,,,Mozilla/5.0
147019561,2024-07-29T20:29:58.863Z,olafjkuiper@gmail.com,newsletter,everyone,true,US,,,,,,Mozilla/5.0
147019561,2024-07-29T21:13:56.177Z,aidankenney08@gmail.com,newsletter,everyone,true,US,,,,,,Mozilla/5.0
147019561,2024-07-30T02:53:49.885Z,josephekpo@ucsb.edu,newsletter,everyone,true,US,,,,,,Mozilla/5.0 (Windows NT 5.1; rv:11.0) Gecko Firefox/11.0 (via ggpht.com GoogleImageProxy)
147019561,2024-07-30T09:12:48.130Z,henryw.2118@gmail.com,newsletter,everyone,true,US,,,,,,Mozilla/5.0
147019561,2024-08-01T03:26:17.477Z,josephekpo@ucsb.edu,newsletter,everyone,true,US,,,,,,Mozilla/5.0
147019561,2024-08-04T23:46:13.105Z,henryw.2118@gmail.com,newsletter,everyone,true,US,,,,,,Mozilla/5.0
