post_id,timestamp,email,post_type,post_audience,active_subscription
147168665,2024-07-30T16:36:48.850Z,ptantchev@gmail.com,newsletter,everyone,false
147168665,2024-07-30T16:36:49.723Z,katherinemansfield13@gmail.com,newsletter,everyone,true
147168665,2024-07-30T16:36:49.842Z,seanand113@gmail.com,newsletter,everyone,true
147168665,2024-07-30T16:36:50.080Z,btantchev@yahoo.com,newsletter,everyone,true
147168665,2024-07-30T16:36:50.251Z,griffin.szymoniak@gmail.com,newsletter,everyone,true
147168665,2024-07-30T16:36:50.406Z,olafjkuiper@gmail.com,newsletter,everyone,true
147168665,2024-07-30T16:36:50.415Z,aidankenney08@gmail.com,newsletter,everyone,true
147168665,2024-07-30T16:36:50.488Z,derekuy@ucsb.edu,newsletter,everyone,true
147168665,2024-07-30T16:36:50.494Z,henryw.2118@gmail.com,newsletter,everyone,true
147168665,2024-07-30T16:36:50.506Z,willthomas127@gmail.com,newsletter,everyone,true
147168665,2024-07-30T16:36:50.634Z,josephekpo@ucsb.edu,newsletter,everyone,true
