post_id,timestamp,email,post_type,post_audience,active_subscription
147206632,2024-07-31T16:50:17.226Z,ptantchev@gmail.com,newsletter,everyone,false
147206632,2024-07-31T16:50:18.277Z,katherinemansfield13@gmail.com,newsletter,everyone,true
147206632,2024-07-31T16:50:18.362Z,seanand113@gmail.com,newsletter,everyone,true
147206632,2024-07-31T16:50:18.965Z,btantchev@yahoo.com,newsletter,everyone,true
147206632,2024-07-31T16:50:22.426Z,olafjkuiper@gmail.com,newsletter,everyone,true
147206632,2024-07-31T16:50:22.495Z,griffin.szymoniak@gmail.com,newsletter,everyone,true
147206632,2024-07-31T16:50:22.531Z,henryw.2118@gmail.com,newsletter,everyone,true
147206632,2024-07-31T16:50:22.603Z,willthomas127@gmail.com,newsletter,everyone,true
147206632,2024-07-31T16:50:22.735Z,derekuy@ucsb.edu,newsletter,everyone,true
147206632,2024-07-31T16:50:22.749Z,aidankenney08@gmail.com,newsletter,everyone,true
147206632,2024-07-31T16:50:22.949Z,josephekpo@ucsb.edu,newsletter,everyone,true
