post_id,timestamp,email,post_type,post_audience,active_subscription,country,city,region,device_type,client_os,client_type,user_agent
147206632,2024-07-31T16:50:39.282Z,griffin.szymoniak@gmail.com,newsletter,everyone,true,US,,,,,,Mozilla/5.0 (Windows NT 5.1; rv:11.0) Gecko Firefox/11.0 (via ggpht.com GoogleImageProxy)
147206632,2024-07-31T16:50:40.872Z,willthomas127@gmail.com,newsletter,everyone,true,US,,,,,,Mozilla/5.0 (Windows NT 5.1; rv:11.0) Gecko Firefox/11.0 (via ggpht.com GoogleImageProxy)
147206632,2024-07-31T16:54:10.073Z,derekuy@ucsb.edu,newsletter,everyone,true,US,,,,,,Mozilla/5.0 (Windows NT 5.1; rv:11.0) Gecko Firefox/11.0 (via ggpht.com GoogleImageProxy)
147206632,2024-07-31T17:31:38.558Z,derekuy@ucsb.edu,newsletter,everyone,true,US,,,,,,Mozilla/5.0 (Windows NT 5.1; rv:11.0) Gecko Firefox/11.0 (via ggpht.com GoogleImageProxy)
147206632,2024-07-31T18:05:47.152Z,griffin.szymoniak@gmail.com,newsletter,everyone,true,US,,,,,,Mozilla/5.0 (Windows NT 5.1; rv:11.0) Gecko Firefox/11.0 (via ggpht.com GoogleImageProxy)
147206632,2024-07-31T20:04:06.126Z,aidankenney08@gmail.com,newsletter,everyone,true,US,,,,,,Mozilla/5.0 (Windows NT 5.1; rv:11.0) Gecko Firefox/11.0 (via ggpht.com GoogleImageProxy)
147206632,2024-07-31T20:43:06.055Z,aidankenney08@gmail.com,newsletter,everyone,true,US,,,,,,Mozilla/5.0
147206632,2024-07-31T21:17:57.933Z,griffin.szymoniak@gmail.com,newsletter,everyone,true,US,,,,,,Mozilla/5.0 (Windows NT 5.1; rv:11.0) Gecko Firefox/11.0 (via ggpht.com GoogleImageProxy)
147206632,2024-07-31T21:17:59.135Z,griffin.szymoniak@gmail.com,newsletter,everyone,true,US,,,,,,Mozilla/5.0 (Windows NT 5.1; rv:11.0) Gecko Firefox/11.0 (via ggpht.com GoogleImageProxy)
147206632,2024-08-01T00:47:36.664Z,willthomas127@gmail.com,newsletter,everyone,true,US,,,,,,Mozilla/5.0 (Windows NT 5.1; rv:11.0) Gecko Firefox/11.0 (via ggpht.com GoogleImageProxy)
147206632,2024-08-01T02:56:14.617Z,olafjkuiper@gmail.com,newsletter,everyone,true,US,,,,,,Mozilla/5.0
147206632,2024-08-01T06:24:45.350Z,katherinemansfield13@gmail.com,newsletter,everyone,true,US,,,,,,Mozilla/5.0
147206632,2024-08-01T07:34:42.876Z,seanand113@gmail.com,newsletter,everyone,true,US,,,,,,Mozilla/5.0
147206632,2024-08-01T11:24:41.694Z,henryw.2118@gmail.com,newsletter,everyone,true,US,,,,,,Mozilla/5.0
147206632,2024-08-02T03:39:38.941Z,derekuy@ucsb.edu,newsletter,everyone,true,US,,,,,,Mozilla/5.0 (Windows NT 5.1; rv:11.0) Gecko Firefox/11.0 (via ggpht.com GoogleImageProxy)
147206632,2024-08-02T08:15:03.584Z,griffin.szymoniak@gmail.com,newsletter,everyone,true,US,,,,,,Mozilla/5.0
147206632,2024-08-05T00:01:40.875Z,henryw.2118@gmail.com,newsletter,everyone,true,US,,,,,,Mozilla/5.0
147206632,2024-08-07T12:26:44.026Z,seanand113@gmail.com,newsletter,everyone,true,US,,,,,,Mozilla/5.0
