post_id,timestamp,email,post_type,post_audience,active_subscription
147248603,2024-08-01T18:13:48.397Z,ptantchev@gmail.com,newsletter,everyone,false
147248603,2024-08-01T18:13:49.172Z,btantchev@yahoo.com,newsletter,everyone,true
147248603,2024-08-01T18:13:49.405Z,katherinemansfield13@gmail.com,newsletter,everyone,true
147248603,2024-08-01T18:13:49.676Z,seanand113@gmail.com,newsletter,everyone,true
147248603,2024-08-01T18:13:49.840Z,griffin.szymoniak@gmail.com,newsletter,everyone,true
147248603,2024-08-01T18:13:49.880Z,henryw.2118@gmail.com,newsletter,everyone,true
147248603,2024-08-01T18:13:50.032Z,olafjkuiper@gmail.com,newsletter,everyone,true
147248603,2024-08-01T18:13:50.037Z,josephekpo@ucsb.edu,newsletter,everyone,true
147248603,2024-08-01T18:13:50.073Z,derekuy@ucsb.edu,newsletter,everyone,true
147248603,2024-08-01T18:13:50.082Z,aidankenney08@gmail.com,newsletter,everyone,true
147248603,2024-08-01T18:13:50.298Z,willthomas127@gmail.com,newsletter,everyone,true
