post_id,timestamp,email,post_type,post_audience,active_subscription
147420600,2024-08-06T19:57:32.550Z,ptantchev@gmail.com,newsletter,everyone,false
147420600,2024-08-06T19:57:33.892Z,seanand113@gmail.com,newsletter,everyone,true
147420600,2024-08-06T19:57:33.954Z,katherinemansfield13@gmail.com,newsletter,everyone,true
147420600,2024-08-06T19:57:34.042Z,seansantos3000@gmail.com,newsletter,everyone,true
147420600,2024-08-06T19:57:34.255Z,btantchev@yahoo.com,newsletter,everyone,true
147420600,2024-08-06T19:57:35.552Z,griffin.szymoniak@gmail.com,newsletter,everyone,true
147420600,2024-08-06T19:57:35.573Z,aidankenney08@gmail.com,newsletter,everyone,true
147420600,2024-08-06T19:57:35.582Z,derekuy@ucsb.edu,newsletter,everyone,true
147420600,2024-08-06T19:57:35.669Z,josephekpo@ucsb.edu,newsletter,everyone,true
147420600,2024-08-06T19:57:35.776Z,henryw.2118@gmail.com,newsletter,everyone,true
147420600,2024-08-06T19:57:35.799Z,olafjkuiper@gmail.com,newsletter,everyone,true
147420600,2024-08-06T19:57:35.880Z,willthomas127@gmail.com,newsletter,everyone,true
