post_id,timestamp,email,post_type,post_audience,active_subscription,country,city,region,device_type,client_os,client_type,user_agent
147563155,2024-08-10T19:26:33.099Z,derekuy@ucsb.edu,newsletter,everyone,true,US,,,,,,Mozilla/5.0 (Windows NT 5.1; rv:11.0) Gecko Firefox/11.0 (via ggpht.com GoogleImageProxy)
147563155,2024-08-10T21:22:38.944Z,katherinemansfield13@gmail.com,newsletter,everyone,true,US,,,,,,Mozilla/5.0
147563155,2024-08-10T22:54:06.658Z,ptantchev@gmail.com,newsletter,everyone,false,US,,,,,,Mozilla/5.0
147563155,2024-08-10T22:57:48.862Z,ptantchev@gmail.com,newsletter,everyone,false,US,,,,,,Mozilla/5.0 (Windows NT 5.1; rv:11.0) Gecko Firefox/11.0 (via ggpht.com GoogleImageProxy)
147563155,2024-08-10T22:57:50.046Z,ptantchev@gmail.com,newsletter,everyone,false,US,,,,,,Mozilla/5.0 (Windows NT 5.1; rv:11.0) Gecko Firefox/11.0 (via ggpht.com GoogleImageProxy)
147563155,2024-08-11T00:06:55.088Z,derekuy@ucsb.edu,newsletter,everyone,true,US,,,,,,Mozilla/5.0 (Windows NT 5.1; rv:11.0) Gecko Firefox/11.0 (via ggpht.com GoogleImageProxy)
147563155,2024-08-11T04:34:14.986Z,henryw.2118@gmail.com,newsletter,everyone,true,US,,,,,,Mozilla/5.0
147563155,2024-08-11T07:25:43.103Z,griffin.szymoniak@gmail.com,newsletter,everyone,true,US,,,,,,Mozilla/5.0
147563155,2024-08-11T08:13:22.771Z,seanand113@gmail.com,newsletter,everyone,true,US,,,,,,Mozilla/5.0
147563155,2024-08-11T19:40:50.883Z,derekuy@ucsb.edu,newsletter,everyone,true,US,,,,,,Mozilla/5.0 (Windows NT 5.1; rv:11.0) Gecko Firefox/11.0 (via ggpht.com GoogleImageProxy)
147563155,2024-08-11T21:33:20.751Z,olafjkuiper@gmail.com,newsletter,everyone,true,US,,,,,,Mozilla/5.0
147563155,2024-08-11T22:24:07.098Z,henryw.2118@gmail.com,newsletter,everyone,true,US,,,,,,Mozilla/5.0
147563155,2024-08-11T23:53:57.686Z,henryw.2118@gmail.com,newsletter,everyone,true,US,,,,,,Mozilla/5.0
147563155,2024-08-12T03:51:17.346Z,derekuy@ucsb.edu,newsletter,everyone,true,US,,,,,,Mozilla/5.0 (Windows NT 5.1; rv:11.0) Gecko Firefox/11.0 (via ggpht.com GoogleImageProxy)
147563155,2024-08-12T22:45:32.574Z,josephekpo@ucsb.edu,newsletter,everyone,true,US,,,,,,Mozilla/5.0
147563155,2024-08-13T14:24:21.022Z,katherinemansfield13@gmail.com,newsletter,everyone,true,US,,,,,,Mozilla/5.0 (Windows NT 5.1; rv:11.0) Gecko Firefox/11.0 (via ggpht.com GoogleImageProxy)
147563155,2024-08-14T03:25:50.771Z,aidankenney08@gmail.com,newsletter,everyone,true,US,,,,,,Mozilla/5.0 (Windows NT 5.1; rv:11.0) Gecko Firefox/11.0 (via ggpht.com GoogleImageProxy)
147563155,2024-08-14T17:21:34.294Z,katherinemansfield13@gmail.com,newsletter,everyone,true,US,,,,,,Mozilla/5.0 (Windows NT 5.1; rv:11.0) Gecko Firefox/11.0 (via ggpht.com GoogleImageProxy)
147563155,2024-08-16T19:18:14.883Z,aidankenney08@gmail.com,newsletter,everyone,true,US,,,,,,Mozilla/5.0
147563155,2024-08-22T12:25:22.054Z,seanand113@gmail.com,newsletter,everyone,true,US,,,,,,Mozilla/5.0
147563155,2024-08-27T23:30:33.368Z,seanand113@gmail.com,newsletter,everyone,true,US,,,,,,Mozilla/5.0
147563155,2024-09-05T10:34:14.814Z,seanand113@gmail.com,newsletter,everyone,true,US,,,,,,Mozilla/5.0
