post_id,timestamp,email,post_type,post_audience,active_subscription
147563155,2024-08-10T19:26:14.810Z,ptantchev@gmail.com,newsletter,everyone,false
147563155,2024-08-10T19:26:15.570Z,katherinemansfield13@gmail.com,newsletter,everyone,true
147563155,2024-08-10T19:26:15.607Z,seanand113@gmail.com,newsletter,everyone,true
147563155,2024-08-10T19:26:15.802Z,seansantos3000@gmail.com,newsletter,everyone,true
147563155,2024-08-10T19:26:16.079Z,btantchev@yahoo.com,newsletter,everyone,true
147563155,2024-08-10T19:26:16.941Z,henryw.2118@gmail.com,newsletter,everyone,true
147563155,2024-08-10T19:26:16.975Z,griffin.szymoniak@gmail.com,newsletter,everyone,true
147563155,2024-08-10T19:26:17.011Z,aidankenney08@gmail.com,newsletter,everyone,true
147563155,2024-08-10T19:26:17.079Z,willthomas127@gmail.com,newsletter,everyone,true
147563155,2024-08-10T19:26:17.090Z,olafjkuiper@gmail.com,newsletter,everyone,true
147563155,2024-08-10T19:26:17.149Z,josephekpo@ucsb.edu,newsletter,everyone,true
147563155,2024-08-10T19:26:17.289Z,derekuy@ucsb.edu,newsletter,everyone,true
147563155,2024-08-10T19:26:17.349Z,faigorjaihometv@gmail.com,newsletter,everyone,true
