post_id,timestamp,email,post_type,post_audience,active_subscription
147506398,2024-08-09T02:32:15.027Z,ptantchev@gmail.com,newsletter,everyone,false
147506398,2024-08-09T02:32:17.087Z,katherinemansfield13@gmail.com,newsletter,everyone,true
147506398,2024-08-09T02:32:17.127Z,seansantos3000@gmail.com,newsletter,everyone,true
147506398,2024-08-09T02:32:17.316Z,seanand113@gmail.com,newsletter,everyone,true
147506398,2024-08-09T02:32:17.557Z,btantchev@yahoo.com,newsletter,everyone,true
147506398,2024-08-09T02:32:18.044Z,griffin.szymoniak@gmail.com,newsletter,everyone,true
147506398,2024-08-09T02:32:18.301Z,olafjkuiper@gmail.com,newsletter,everyone,true
147506398,2024-08-09T02:32:18.312Z,henryw.2118@gmail.com,newsletter,everyone,true
147506398,2024-08-09T02:32:18.556Z,derekuy@ucsb.edu,newsletter,everyone,true
147506398,2024-08-09T02:32:18.642Z,willthomas127@gmail.com,newsletter,everyone,true
147506398,2024-08-09T02:32:18.766Z,aidankenney08@gmail.com,newsletter,everyone,true
147506398,2024-08-09T02:32:19.189Z,josephekpo@ucsb.edu,newsletter,everyone,true
