post_id,timestamp,email,post_type,post_audience,active_subscription,country,city,region,device_type,client_os,client_type,user_agent
147671437,2024-08-13T16:50:40.221Z,henryw.2118@gmail.com,newsletter,everyone,true,US,,,,,,Mozilla/5.0 (Windows NT 5.1; rv:11.0) Gecko Firefox/11.0 (via ggpht.com GoogleImageProxy)
147671437,2024-08-13T17:26:49.413Z,katherinemansfield13@gmail.com,newsletter,everyone,true,US,,,,,,Mozilla/5.0 (Windows NT 5.1; rv:11.0) Gecko Firefox/11.0 (via ggpht.com GoogleImageProxy)
147671437,2024-08-13T17:26:51.748Z,katherinemansfield13@gmail.com,newsletter,everyone,true,US,,,,,,Mozilla/5.0 (Windows NT 5.1; rv:11.0) Gecko Firefox/11.0 (via ggpht.com GoogleImageProxy)
147671437,2024-08-13T17:58:04.369Z,derekuy@ucsb.edu,newsletter,everyone,true,US,,,,,,Mozilla/5.0 (Windows NT 5.1; rv:11.0) Gecko Firefox/11.0 (via ggpht.com GoogleImageProxy)
147671437,2024-08-13T19:49:21.880Z,ptantchev@gmail.com,newsletter,everyone,false,US,,,,,,Mozilla/5.0
147671437,2024-08-13T19:50:30.979Z,ptantchev@gmail.com,newsletter,everyone,false,US,,,,,,Mozilla/5.0 (Windows NT 5.1; rv:11.0) Gecko Firefox/11.0 (via ggpht.com GoogleImageProxy)
147671437,2024-08-13T19:56:10.359Z,josephekpo@ucsb.edu,newsletter,everyone,true,US,,,,,,Mozilla/5.0 (Windows NT 5.1; rv:11.0) Gecko Firefox/11.0 (via ggpht.com GoogleImageProxy)
147671437,2024-08-13T22:33:16.282Z,katherinemansfield13@gmail.com,newsletter,everyone,true,US,,,,,,Mozilla/5.0 (Windows NT 5.1; rv:11.0) Gecko Firefox/11.0 (via ggpht.com GoogleImageProxy)
147671437,2024-08-14T01:22:41.905Z,olafjkuiper@gmail.com,newsletter,everyone,true,US,,,,,,Mozilla/5.0
147671437,2024-08-14T02:55:58.423Z,katherinemansfield13@gmail.com,newsletter,everyone,true,US,,,,,,Mozilla/5.0 (Windows NT 5.1; rv:11.0) Gecko Firefox/11.0 (via ggpht.com GoogleImageProxy)
147671437,2024-08-14T03:21:17.578Z,aidankenney08@gmail.com,newsletter,everyone,true,US,,,,,,Mozilla/5.0 (Windows NT 5.1; rv:11.0) Gecko Firefox/11.0 (via ggpht.com GoogleImageProxy)
147671437,2024-08-14T07:50:31.035Z,griffin.szymoniak@gmail.com,newsletter,everyone,true,US,,,,,,Mozilla/5.0
147671437,2024-08-14T10:14:33.048Z,seanand113@gmail.com,newsletter,everyone,true,US,,,,,,Mozilla/5.0
147671437,2024-08-14T14:40:58.273Z,griffin.szymoniak@gmail.com,newsletter,everyone,true,US,,,,,,Mozilla/5.0 (Windows NT 5.1; rv:11.0) Gecko Firefox/11.0 (via ggpht.com GoogleImageProxy)
147671437,2024-08-14T19:10:36.485Z,aidankenney08@gmail.com,newsletter,everyone,true,US,,,,,,Mozilla/5.0
147671437,2024-08-14T20:57:19.448Z,henryw.2118@gmail.com,newsletter,everyone,true,US,,,,,,Mozilla/5.0
147671437,2024-08-27T00:57:06.022Z,katherinemansfield13@gmail.com,newsletter,everyone,true,US,,,,,,Mozilla/5.0
147671437,2024-08-27T13:43:29.696Z,seanand113@gmail.com,newsletter,everyone,true,US,,,,,,Mozilla/5.0
147671437,2024-09-04T10:51:32.387Z,henryw.2118@gmail.com,newsletter,everyone,true,US,,,,,,Mozilla/5.0
147671437,2024-09-05T10:13:17.260Z,seanand113@gmail.com,newsletter,everyone,true,US,,,,,,Mozilla/5.0
147671437,2024-09-10T15:35:01.922Z,seanand113@gmail.com,newsletter,everyone,true,US,,,,,,Mozilla/5.0
