post_id,timestamp,email,post_type,post_audience,active_subscription
147672830,2024-08-14T16:02:12.945Z,ptantchev@gmail.com,newsletter,everyone,false
147672830,2024-08-14T16:02:16.281Z,katherinemansfield13@gmail.com,newsletter,everyone,true
147672830,2024-08-14T16:02:16.436Z,seansantos3000@gmail.com,newsletter,everyone,true
147672830,2024-08-14T16:02:16.487Z,seanand113@gmail.com,newsletter,everyone,true
147672830,2024-08-14T16:02:17.108Z,btantchev@yahoo.com,newsletter,everyone,true
147672830,2024-08-14T16:02:18.150Z,olafjkuiper@gmail.com,newsletter,everyone,true
147672830,2024-08-14T16:02:18.280Z,josephekpo@ucsb.edu,newsletter,everyone,true
147672830,2024-08-14T16:02:18.456Z,willthomas127@gmail.com,newsletter,everyone,true
147672830,2024-08-14T16:02:18.458Z,henryw.2118@gmail.com,newsletter,everyone,true
147672830,2024-08-14T16:02:18.485Z,faigorjaihometv@gmail.com,newsletter,everyone,true
147672830,2024-08-14T16:02:18.571Z,aidankenney08@gmail.com,newsletter,everyone,true
147672830,2024-08-14T16:02:18.979Z,griffin.szymoniak@gmail.com,newsletter,everyone,true
147672830,2024-08-14T16:02:19.819Z,derekuy@ucsb.edu,newsletter,everyone,true
