post_id,timestamp,email,post_type,post_audience,active_subscription
147671437,2024-08-13T16:50:06.425Z,ptantchev@gmail.com,newsletter,everyone,false
147671437,2024-08-13T16:50:06.657Z,seansantos3000@gmail.com,newsletter,everyone,true
147671437,2024-08-13T16:50:06.660Z,seanand113@gmail.com,newsletter,everyone,true
147671437,2024-08-13T16:50:06.798Z,katherinemansfield13@gmail.com,newsletter,everyone,true
147671437,2024-08-13T16:50:07.553Z,btantchev@yahoo.com,newsletter,everyone,true
147671437,2024-08-13T16:50:08.200Z,olafjkuiper@gmail.com,newsletter,everyone,true
147671437,2024-08-13T16:50:08.274Z,willthomas127@gmail.com,newsletter,everyone,true
147671437,2024-08-13T16:50:08.357Z,henryw.2118@gmail.com,newsletter,everyone,true
147671437,2024-08-13T16:50:08.369Z,griffin.szymoniak@gmail.com,newsletter,everyone,true
147671437,2024-08-13T16:50:08.395Z,faigorjaihometv@gmail.com,newsletter,everyone,true
147671437,2024-08-13T16:50:08.546Z,derekuy@ucsb.edu,newsletter,everyone,true
147671437,2024-08-13T16:50:08.823Z,aidankenney08@gmail.com,newsletter,everyone,true
147671437,2024-08-13T16:50:13.668Z,josephekpo@ucsb.edu,newsletter,everyone,true
