post_id,timestamp,email,post_type,post_audience,active_subscription,country,city,region,device_type,client_os,client_type,user_agent
147732834,2024-08-16T16:06:22.524Z,henryw.2118@gmail.com,newsletter,everyone,true,US,,,,,,Mozilla/5.0 (Windows NT 5.1; rv:11.0) Gecko Firefox/11.0 (via ggpht.com GoogleImageProxy)
147732834,2024-08-16T16:07:57.568Z,scumler19@gmail.com,newsletter,everyone,true,US,,,,,,Mozilla/5.0 (Windows NT 5.1; rv:11.0) Gecko Firefox/11.0 (via ggpht.com GoogleImageProxy)
147732834,2024-08-16T16:12:53.204Z,Eofloisand1@gmail.com,newsletter,everyone,true,US,,,,,,Mozilla/5.0 (Windows NT 5.1; rv:11.0) Gecko Firefox/11.0 (via ggpht.com GoogleImageProxy)
147732834,2024-08-16T17:17:52.547Z,katherinemansfield13@gmail.com,newsletter,everyone,true,US,,,,,,Mozilla/5.0 (Windows NT 5.1; rv:11.0) Gecko Firefox/11.0 (via ggpht.com GoogleImageProxy)
147732834,2024-08-16T18:59:42.546Z,Eofloisand1@gmail.com,newsletter,everyone,true,US,,,,,,Mozilla/5.0 (Windows NT 5.1; rv:11.0) Gecko Firefox/11.0 (via ggpht.com GoogleImageProxy)
147732834,2024-08-16T19:19:47.790Z,Derek.uy@gmail.com,newsletter,everyone,true,US,,,,,,Mozilla/5.0 (Windows NT 5.1; rv:11.0) Gecko Firefox/11.0 (via ggpht.com GoogleImageProxy)
147732834,2024-08-16T19:19:51.585Z,derekuy@ucsb.edu,newsletter,everyone,true,US,,,,,,Mozilla/5.0 (Windows NT 5.1; rv:11.0) Gecko Firefox/11.0 (via ggpht.com GoogleImageProxy)
147732834,2024-08-16T19:20:03.340Z,derekuy@ucsb.edu,newsletter,everyone,true,US,,,,,,Mozilla/5.0 (Windows NT 5.1; rv:11.0) Gecko Firefox/11.0 (via ggpht.com GoogleImageProxy)
147732834,2024-08-16T20:10:13.818Z,aidankenney08@gmail.com,newsletter,everyone,true,US,,,,,,Mozilla/5.0
147732834,2024-08-16T21:37:58.019Z,griffin.szymoniak@gmail.com,newsletter,everyone,true,US,,,,,,Mozilla/5.0 (Windows NT 5.1; rv:11.0) Gecko Firefox/11.0 (via ggpht.com GoogleImageProxy)
147732834,2024-08-16T22:34:22.622Z,katherinemansfield13@gmail.com,newsletter,everyone,true,US,,,,,,Mozilla/5.0 (Windows NT 5.1; rv:11.0) Gecko Firefox/11.0 (via ggpht.com GoogleImageProxy)
147732834,2024-08-16T23:25:56.672Z,olafjkuiper@gmail.com,newsletter,everyone,true,US,,,,,,Mozilla/5.0
147732834,2024-08-17T03:14:59.313Z,derekuy@ucsb.edu,newsletter,everyone,true,US,,,,,,Mozilla/5.0 (Windows NT 5.1; rv:11.0) Gecko Firefox/11.0 (via ggpht.com GoogleImageProxy)
147732834,2024-08-17T03:35:40.458Z,seanand113@gmail.com,newsletter,everyone,true,US,,,,,,Mozilla/5.0
147732834,2024-08-17T05:56:57.630Z,derekuy@ucsb.edu,newsletter,everyone,true,US,,,,,,Mozilla/5.0 (Windows NT 5.1; rv:11.0) Gecko Firefox/11.0 (via ggpht.com GoogleImageProxy)
147732834,2024-08-17T06:30:26.896Z,willthomas127@gmail.com,newsletter,everyone,true,US,,,,,,Mozilla/5.0 (Windows NT 5.1; rv:11.0) Gecko Firefox/11.0 (via ggpht.com GoogleImageProxy)
147732834,2024-08-17T07:58:03.029Z,griffin.szymoniak@gmail.com,newsletter,everyone,true,US,,,,,,Mozilla/5.0
147732834,2024-08-17T09:58:20.384Z,katherinemansfield13@gmail.com,newsletter,everyone,true,US,,,,,,Mozilla/5.0
147732834,2024-08-17T11:27:40.691Z,josephekpo@ucsb.edu,newsletter,everyone,true,US,,,,,,Mozilla/5.0
147732834,2024-08-17T18:36:03.355Z,ptantchev@gmail.com,newsletter,everyone,false,US,,,,,,Mozilla/5.0
147732834,2024-08-17T22:40:25.607Z,Derek.uy@gmail.com,newsletter,everyone,true,US,,,,,,Mozilla/5.0
147732834,2024-08-18T08:22:27.218Z,henryw.2118@gmail.com,newsletter,everyone,true,US,,,,,,Mozilla/5.0
147732834,2024-08-18T14:24:41.006Z,hayeswu@icloud.com,newsletter,everyone,true,US,,,,,,Mozilla/5.0
147732834,2024-08-18T23:51:33.421Z,willthomas127@gmail.com,newsletter,everyone,true,US,,,,,,Mozilla/5.0 (Windows NT 5.1; rv:11.0) Gecko Firefox/11.0 (via ggpht.com GoogleImageProxy)
147732834,2024-08-19T00:32:59.707Z,scumler19@gmail.com,newsletter,everyone,true,US,,,,,,Mozilla/5.0 (Windows NT 5.1; rv:11.0) Gecko Firefox/11.0 (via ggpht.com GoogleImageProxy)
147732834,2024-08-23T19:34:58.965Z,jamespwilson14@gmail.com,newsletter,everyone,true,US,,,,,,Mozilla/5.0
147732834,2024-09-05T09:52:13.818Z,seanand113@gmail.com,newsletter,everyone,true,US,,,,,,Mozilla/5.0
147732834,2024-09-09T23:56:02.859Z,seanand113@gmail.com,newsletter,everyone,true,US,,,,,,Mozilla/5.0
147732834,2024-09-10T10:16:28.238Z,seanand113@gmail.com,newsletter,everyone,true,US,,,,,,Mozilla/5.0
147732834,2024-09-10T15:23:56.548Z,seanand113@gmail.com,newsletter,everyone,true,US,,,,,,Mozilla/5.0
