post_id,timestamp,email,post_type,post_audience,active_subscription
147733403,2024-08-15T15:36:12.225Z,olafjkuiper@gmail.com,newsletter,everyone,true
147733403,2024-08-15T15:36:12.272Z,jamespwilson14@gmail.com,newsletter,everyone,true
147733403,2024-08-15T15:36:12.383Z,willthomas127@gmail.com,newsletter,everyone,true
147733403,2024-08-15T15:36:12.400Z,josephekpo@ucsb.edu,newsletter,everyone,true
147733403,2024-08-15T15:36:12.476Z,griffin.szymoniak@gmail.com,newsletter,everyone,true
147733403,2024-08-15T15:36:12.527Z,scumler19@gmail.com,newsletter,everyone,true
147733403,2024-08-15T15:36:12.528Z,aidankenney08@gmail.com,newsletter,everyone,true
147733403,2024-08-15T15:36:12.548Z,derekuy@ucsb.edu,newsletter,everyone,true
147733403,2024-08-15T15:36:12.649Z,henryw.2118@gmail.com,newsletter,everyone,true
147733403,2024-08-15T15:36:12.696Z,faigorjaihometv@gmail.com,newsletter,everyone,true
147733403,2024-08-15T15:36:13.479Z,seansantos3000@gmail.com,newsletter,everyone,true
147733403,2024-08-15T15:36:13.552Z,seanand113@gmail.com,newsletter,everyone,true
147733403,2024-08-15T15:36:14.222Z,katherinemansfield13@gmail.com,newsletter,everyone,true
147733403,2024-08-15T15:36:14.513Z,btantchev@yahoo.com,newsletter,everyone,true
147733403,2024-08-15T15:36:15.481Z,ptantchev@gmail.com,newsletter,everyone,false
147733403,2024-08-15T15:36:16.106Z,hayeswu@icloud.com,newsletter,everyone,true
