post_id,timestamp,email,post_type,post_audience,active_subscription,country,city,region,device_type,client_os,client_type,user_agent
147733403,2024-08-15T15:37:36.442Z,willthomas127@gmail.com,newsletter,everyone,true,US,,,,,,Mozilla/5.0 (Windows NT 5.1; rv:11.0) Gecko Firefox/11.0 (via ggpht.com GoogleImageProxy)
147733403,2024-08-15T15:38:10.446Z,derekuy@ucsb.edu,newsletter,everyone,true,US,,,,,,Mozilla/5.0 (Windows NT 5.1; rv:11.0) Gecko Firefox/11.0 (via ggpht.com GoogleImageProxy)
147733403,2024-08-15T15:38:12.236Z,derekuy@ucsb.edu,newsletter,everyone,true,US,,,,,,Mozilla/5.0 (Windows NT 5.1; rv:11.0) Gecko Firefox/11.0 (via ggpht.com GoogleImageProxy)
147733403,2024-08-15T15:38:16.625Z,derekuy@ucsb.edu,newsletter,everyone,true,US,,,,,,Mozilla/5.0 (Windows NT 5.1; rv:11.0) Gecko Firefox/11.0 (via ggpht.com GoogleImageProxy)
147733403,2024-08-15T15:40:44.930Z,derekuy@ucsb.edu,newsletter,everyone,true,US,,,,,,Mozilla/5.0 (Windows NT 5.1; rv:11.0) Gecko Firefox/11.0 (via ggpht.com GoogleImageProxy)
147733403,2024-08-15T15:42:18.281Z,katherinemansfield13@gmail.com,newsletter,everyone,true,US,,,,,,Mozilla/5.0 (Windows NT 5.1; rv:11.0) Gecko Firefox/11.0 (via ggpht.com GoogleImageProxy)
147733403,2024-08-15T15:42:18.690Z,katherinemansfield13@gmail.com,newsletter,everyone,true,US,,,,,,Mozilla/5.0 (Windows NT 5.1; rv:11.0) Gecko Firefox/11.0 (via ggpht.com GoogleImageProxy)
147733403,2024-08-15T16:34:39.729Z,hayeswu@icloud.com,newsletter,everyone,true,US,,,,,,Mozilla/5.0
147733403,2024-08-15T17:43:22.499Z,seansantos3000@gmail.com,newsletter,everyone,true,US,,,,,,Mozilla/5.0 (Windows NT 5.1; rv:11.0) Gecko Firefox/11.0 (via ggpht.com GoogleImageProxy)
147733403,2024-08-15T22:25:53.949Z,aidankenney08@gmail.com,newsletter,everyone,true,US,,,,,,Mozilla/5.0 (Windows NT 5.1; rv:11.0) Gecko Firefox/11.0 (via ggpht.com GoogleImageProxy)
147733403,2024-08-16T03:51:38.456Z,katherinemansfield13@gmail.com,newsletter,everyone,true,US,,,,,,Mozilla/5.0
147733403,2024-08-16T03:52:53.172Z,ptantchev@gmail.com,newsletter,everyone,false,US,,,,,,Mozilla/5.0
147733403,2024-08-16T03:56:07.570Z,olafjkuiper@gmail.com,newsletter,everyone,true,US,,,,,,Mozilla/5.0
147733403,2024-08-16T04:23:13.833Z,seanand113@gmail.com,newsletter,everyone,true,US,,,,,,Mozilla/5.0
147733403,2024-08-16T05:23:28.171Z,griffin.szymoniak@gmail.com,newsletter,everyone,true,US,,,,,,Mozilla/5.0 (Windows NT 5.1; rv:11.0) Gecko Firefox/11.0 (via ggpht.com GoogleImageProxy)
147733403,2024-08-16T07:27:45.426Z,griffin.szymoniak@gmail.com,newsletter,everyone,true,NL,,,,,,Mozilla/5.0
147733403,2024-08-16T07:30:28.448Z,btantchev@yahoo.com,newsletter,everyone,true,US,,,,,,YahooMailProxy; https://help.yahoo.com/kb/yahoo-mail-proxy-SLN28749.html
147733403,2024-08-16T09:19:49.072Z,henryw.2118@gmail.com,newsletter,everyone,true,US,,,,,,Mozilla/5.0
147733403,2024-08-16T19:42:56.448Z,aidankenney08@gmail.com,newsletter,everyone,true,US,,,,,,Mozilla/5.0
147733403,2024-08-16T22:34:22.718Z,katherinemansfield13@gmail.com,newsletter,everyone,true,US,,,,,,Mozilla/5.0 (Windows NT 5.1; rv:11.0) Gecko Firefox/11.0 (via ggpht.com GoogleImageProxy)
147733403,2024-08-17T04:29:57.386Z,josephekpo@ucsb.edu,newsletter,everyone,true,US,,,,,,Mozilla/5.0
147733403,2024-08-19T00:32:58.898Z,scumler19@gmail.com,newsletter,everyone,true,US,,,,,,Mozilla/5.0 (Windows NT 5.1; rv:11.0) Gecko Firefox/11.0 (via ggpht.com GoogleImageProxy)
147733403,2024-08-23T19:34:58.961Z,jamespwilson14@gmail.com,newsletter,everyone,true,US,,,,,,Mozilla/5.0
147733403,2024-08-28T11:36:37.424Z,seanand113@gmail.com,newsletter,everyone,true,US,,,,,,Mozilla/5.0
147733403,2024-09-05T09:52:13.820Z,seanand113@gmail.com,newsletter,everyone,true,US,,,,,,Mozilla/5.0
147733403,2024-09-10T10:21:53.341Z,seanand113@gmail.com,newsletter,everyone,true,US,,,,,,Mozilla/5.0
147733403,2024-09-10T15:23:56.548Z,seanand113@gmail.com,newsletter,everyone,true,US,,,,,,Mozilla/5.0
