post_id,timestamp,email,post_type,post_audience,active_subscription
147732834,2024-08-16T16:02:13.228Z,ptantchev@gmail.com,newsletter,everyone,false
147732834,2024-08-16T16:02:15.500Z,katherinemansfield13@gmail.com,newsletter,everyone,true
147732834,2024-08-16T16:02:15.542Z,seanand113@gmail.com,newsletter,everyone,true
147732834,2024-08-16T16:02:15.720Z,Eofloisand1@gmail.com,newsletter,everyone,true
147732834,2024-08-16T16:02:15.772Z,aidankenney08@gmail.com,newsletter,everyone,true
147732834,2024-08-16T16:02:15.812Z,scumler19@gmail.com,newsletter,everyone,true
147732834,2024-08-16T16:02:15.834Z,jamespwilson14@gmail.com,newsletter,everyone,true
147732834,2024-08-16T16:02:15.889Z,griffin.szymoniak@gmail.com,newsletter,everyone,true
147732834,2024-08-16T16:02:15.917Z,Derek.uy@gmail.com,newsletter,everyone,true
147732834,2024-08-16T16:02:15.957Z,henryw.2118@gmail.com,newsletter,everyone,true
147732834,2024-08-16T16:02:15.994Z,derekuy@ucsb.edu,newsletter,everyone,true
147732834,2024-08-16T16:02:16.015Z,seansantos3000@gmail.com,newsletter,everyone,true
147732834,2024-08-16T16:02:16.025Z,josephekpo@ucsb.edu,newsletter,everyone,true
147732834,2024-08-16T16:02:16.027Z,olafjkuiper@gmail.com,newsletter,everyone,true
147732834,2024-08-16T16:02:16.439Z,faigorjaihometv@gmail.com,newsletter,everyone,true
147732834,2024-08-16T16:02:16.450Z,btantchev@yahoo.com,newsletter,everyone,true
147732834,2024-08-16T16:02:16.971Z,willthomas127@gmail.com,newsletter,everyone,true
147732834,2024-08-16T16:02:20.620Z,hayeswu@icloud.com,newsletter,everyone,true
