post_id,timestamp,email,post_type,post_audience,active_subscription
147928447,2024-08-20T15:29:57.321Z,ptantchev@gmail.com,newsletter,everyone,false
147928447,2024-08-20T15:29:57.498Z,seanand113@gmail.com,newsletter,everyone,true
147928447,2024-08-20T15:29:57.505Z,katherinemansfield13@gmail.com,newsletter,everyone,true
147928447,2024-08-20T15:29:57.642Z,seansantos3000@gmail.com,newsletter,everyone,true
147928447,2024-08-20T15:29:57.664Z,Derek.uy@gmail.com,newsletter,everyone,true
147928447,2024-08-20T15:29:57.920Z,btantchev@yahoo.com,newsletter,everyone,true
147928447,2024-08-20T15:29:58.852Z,griffin.szymoniak@gmail.com,newsletter,everyone,true
147928447,2024-08-20T15:29:58.989Z,henryw.2118@gmail.com,newsletter,everyone,true
147928447,2024-08-20T15:29:59.026Z,josephekpo@ucsb.edu,newsletter,everyone,true
147928447,2024-08-20T15:29:59.034Z,Eofloisand1@gmail.com,newsletter,everyone,true
147928447,2024-08-20T15:29:59.173Z,derekuy@ucsb.edu,newsletter,everyone,true
147928447,2024-08-20T15:29:59.203Z,olafjkuiper@gmail.com,newsletter,everyone,true
147928447,2024-08-20T15:29:59.255Z,jamespwilson14@gmail.com,newsletter,everyone,true
147928447,2024-08-20T15:29:59.269Z,willthomas127@gmail.com,newsletter,everyone,true
147928447,2024-08-20T15:29:59.289Z,scumler19@gmail.com,newsletter,everyone,true
147928447,2024-08-20T15:29:59.607Z,aidankenney08@gmail.com,newsletter,everyone,true
147928447,2024-08-20T15:29:59.664Z,faigorjaihometv@gmail.com,newsletter,everyone,true
147928447,2024-08-20T15:30:07.387Z,hayeswu@icloud.com,newsletter,everyone,true
