post_id,timestamp,email,post_type,post_audience,active_subscription,country,city,region,device_type,client_os,client_type,user_agent
147928447,2024-08-20T15:30:45.557Z,willthomas127@gmail.com,newsletter,everyone,true,US,,,,,,Mozilla/5.0 (Windows NT 5.1; rv:11.0) Gecko Firefox/11.0 (via ggpht.com GoogleImageProxy)
147928447,2024-08-20T15:31:57.550Z,katherinemansfield13@gmail.com,newsletter,everyone,true,US,,,,,,Mozilla/5.0 (Windows NT 5.1; rv:11.0) Gecko Firefox/11.0 (via ggpht.com GoogleImageProxy)
147928447,2024-08-20T15:32:40.635Z,Eofloisand1@gmail.com,newsletter,everyone,true,US,,,,,,Mozilla/5.0 (Windows NT 5.1; rv:11.0) Gecko Firefox/11.0 (via ggpht.com GoogleImageProxy)
147928447,2024-08-20T15:33:00.198Z,katherinemansfield13@gmail.com,newsletter,everyone,true,US,,,,,,Mozilla/5.0 (Windows NT 5.1; rv:11.0) Gecko Firefox/11.0 (via ggpht.com GoogleImageProxy)
147928447,2024-08-20T15:52:36.407Z,willthomas127@gmail.com,newsletter,everyone,true,US,,,,,,Mozilla/5.0 (Windows NT 5.1; rv:11.0) Gecko Firefox/11.0 (via ggpht.com GoogleImageProxy)
147928447,2024-08-20T16:20:08.933Z,Eofloisand1@gmail.com,newsletter,everyone,true,US,,,,,,Mozilla/5.0 (Windows NT 5.1; rv:11.0) Gecko Firefox/11.0 (via ggpht.com GoogleImageProxy)
147928447,2024-08-20T16:42:16.825Z,Derek.uy@gmail.com,newsletter,everyone,true,US,,,,,,Mozilla/5.0 (Windows NT 5.1; rv:11.0) Gecko Firefox/11.0 (via ggpht.com GoogleImageProxy)
147928447,2024-08-20T17:25:53.278Z,griffin.szymoniak@gmail.com,newsletter,everyone,true,NL,,,,,,Mozilla/5.0
147928447,2024-08-20T17:49:42.060Z,griffin.szymoniak@gmail.com,newsletter,everyone,true,US,,,,,,Mozilla/5.0 (Windows NT 5.1; rv:11.0) Gecko Firefox/11.0 (via ggpht.com GoogleImageProxy)
147928447,2024-08-20T17:57:33.556Z,griffin.szymoniak@gmail.com,newsletter,everyone,true,US,,,,,,Mozilla/5.0 (Windows NT 5.1; rv:11.0) Gecko Firefox/11.0 (via ggpht.com GoogleImageProxy)
147928447,2024-08-20T18:28:52.647Z,Derek.uy@gmail.com,newsletter,everyone,true,US,,,,,,Mozilla/5.0 (Windows NT 5.1; rv:11.0) Gecko Firefox/11.0 (via ggpht.com GoogleImageProxy)
147928447,2024-08-20T19:50:08.656Z,seanand113@gmail.com,newsletter,everyone,true,US,,,,,,Mozilla/5.0
147928447,2024-08-20T19:55:44.945Z,derekuy@ucsb.edu,newsletter,everyone,true,US,,,,,,Mozilla/5.0 (Windows NT 5.1; rv:11.0) Gecko Firefox/11.0 (via ggpht.com GoogleImageProxy)
147928447,2024-08-20T20:54:27.397Z,olafjkuiper@gmail.com,newsletter,everyone,true,US,,,,,,Mozilla/5.0
147928447,2024-08-20T21:34:54.559Z,henryw.2118@gmail.com,newsletter,everyone,true,US,,,,,,Mozilla/5.0
147928447,2024-08-20T22:13:01.051Z,josephekpo@ucsb.edu,newsletter,everyone,true,US,,,,,,Mozilla/5.0 (Windows NT 5.1; rv:11.0) Gecko Firefox/11.0 (via ggpht.com GoogleImageProxy)
147928447,2024-08-21T00:31:16.407Z,aidankenney08@gmail.com,newsletter,everyone,true,US,,,,,,Mozilla/5.0 (Windows NT 5.1; rv:11.0) Gecko Firefox/11.0 (via ggpht.com GoogleImageProxy)
147928447,2024-08-21T00:58:51.010Z,aidankenney08@gmail.com,newsletter,everyone,true,US,,,,,,Mozilla/5.0 (Windows NT 5.1; rv:11.0) Gecko Firefox/11.0 (via ggpht.com GoogleImageProxy)
147928447,2024-08-21T03:06:50.962Z,hayeswu@icloud.com,newsletter,everyone,true,US,,,,,,Mozilla/5.0
147928447,2024-08-21T04:35:03.636Z,katherinemansfield13@gmail.com,newsletter,everyone,true,US,,,,,,Mozilla/5.0
147928447,2024-08-21T06:19:09.502Z,ptantchev@gmail.com,newsletter,everyone,false,US,,,,,,Mozilla/5.0
147928447,2024-08-21T07:38:24.673Z,aidankenney08@gmail.com,newsletter,everyone,true,US,,,,,,Mozilla/5.0 (Windows NT 5.1; rv:11.0) Gecko Firefox/11.0 (via ggpht.com GoogleImageProxy)
147928447,2024-08-21T14:44:45.642Z,aidankenney08@gmail.com,newsletter,everyone,true,US,,,,,,Mozilla/5.0 (Windows NT 5.1; rv:11.0) Gecko Firefox/11.0 (via ggpht.com GoogleImageProxy)
147928447,2024-08-21T17:31:49.438Z,aidankenney08@gmail.com,newsletter,everyone,true,NL,,,,,,Mozilla/5.0
147928447,2024-08-22T06:30:21.541Z,Derek.uy@gmail.com,newsletter,everyone,true,US,,,,,,Mozilla/5.0
147928447,2024-08-23T02:45:25.058Z,josephekpo@ucsb.edu,newsletter,everyone,true,US,,,,,,Mozilla/5.0
147928447,2024-08-26T23:22:48.590Z,henryw.2118@gmail.com,newsletter,everyone,true,US,,,,,,Mozilla/5.0
147928447,2024-09-04T14:45:40.150Z,seanand113@gmail.com,newsletter,everyone,true,US,,,,,,Mozilla/5.0
147928447,2024-09-06T10:44:33.437Z,seanand113@gmail.com,newsletter,everyone,true,US,,,,,,Mozilla/5.0
147928447,2024-09-07T16:55:21.423Z,seanand113@gmail.com,newsletter,everyone,true,US,,,,,,Mozilla/5.0
147928447,2024-09-08T11:16:06.990Z,seanand113@gmail.com,newsletter,everyone,true,US,,,,,,Mozilla/5.0
147928447,2024-09-10T13:54:02.140Z,seanand113@gmail.com,newsletter,everyone,true,US,,,,,,Mozilla/5.0
147928447,2024-09-11T14:00:31.635Z,seanand113@gmail.com,newsletter,everyone,true,US,,,,,,Mozilla/5.0
147928447,2024-09-12T22:00:46.432Z,jamespwilson14@gmail.com,newsletter,everyone,true,US,,,,,,Mozilla/5.0
147928447,2024-09-16T19:53:28.139Z,hayeswu@icloud.com,newsletter,everyone,true,US,,,,,,Mozilla/5.0
