post_id,timestamp,email,post_type,post_audience,active_subscription
148007196,2024-08-22T16:10:32.699Z,ptantchev@gmail.com,newsletter,everyone,false
148007196,2024-08-22T16:10:34.749Z,henryw.2118@gmail.com,newsletter,everyone,true
148007196,2024-08-22T16:10:34.768Z,willthomas127@gmail.com,newsletter,everyone,true
148007196,2024-08-22T16:10:34.797Z,aidankenney08@gmail.com,newsletter,everyone,true
148007196,2024-08-22T16:10:34.821Z,olafjkuiper@gmail.com,newsletter,everyone,true
148007196,2024-08-22T16:10:34.842Z,griffin.szymoniak@gmail.com,newsletter,everyone,true
148007196,2024-08-22T16:10:34.879Z,scumler19@gmail.com,newsletter,everyone,true
148007196,2024-08-22T16:10:34.961Z,josephekpo@ucsb.edu,newsletter,everyone,true
148007196,2024-08-22T16:10:34.964Z,jamespwilson14@gmail.com,newsletter,everyone,true
148007196,2024-08-22T16:10:34.964Z,Eofloisand1@gmail.com,newsletter,everyone,true
148007196,2024-08-22T16:10:35.007Z,derekuy@ucsb.edu,newsletter,everyone,true
148007196,2024-08-22T16:10:35.064Z,katherinemansfield13@gmail.com,newsletter,everyone,true
148007196,2024-08-22T16:10:35.106Z,faigorjaihometv@gmail.com,newsletter,everyone,true
148007196,2024-08-22T16:10:35.198Z,Derek.uy@gmail.com,newsletter,everyone,true
148007196,2024-08-22T16:10:35.292Z,seanand113@gmail.com,newsletter,everyone,true
148007196,2024-08-22T16:10:35.453Z,seansantos3000@gmail.com,newsletter,everyone,true
148007196,2024-08-22T16:10:35.752Z,btantchev@yahoo.com,newsletter,everyone,true
148007196,2024-08-22T16:10:45.516Z,hayeswu@icloud.com,newsletter,everyone,true
