post_id,timestamp,email,post_type,post_audience,active_subscription
148047185,2024-08-23T16:30:06.318Z,seanand113@gmail.com,newsletter,everyone,true
148047185,2024-08-23T16:30:06.458Z,Derek.uy@gmail.com,newsletter,everyone,true
148047185,2024-08-23T16:30:06.476Z,katherinemansfield13@gmail.com,newsletter,everyone,true
148047185,2024-08-23T16:30:07.180Z,seansantos3000@gmail.com,newsletter,everyone,true
148047185,2024-08-23T16:30:07.490Z,ptantchev@gmail.com,newsletter,everyone,false
148047185,2024-08-23T16:30:08.037Z,josephekpo@ucsb.edu,newsletter,everyone,true
148047185,2024-08-23T16:30:08.077Z,btantchev@yahoo.com,newsletter,everyone,true
148047185,2024-08-23T16:30:08.082Z,willthomas127@gmail.com,newsletter,everyone,true
148047185,2024-08-23T16:30:08.140Z,jamespwilson14@gmail.com,newsletter,everyone,true
148047185,2024-08-23T16:30:08.152Z,Eofloisand1@gmail.com,newsletter,everyone,true
148047185,2024-08-23T16:30:08.270Z,faigorjaihometv@gmail.com,newsletter,everyone,true
148047185,2024-08-23T16:30:08.270Z,scumler19@gmail.com,newsletter,everyone,true
148047185,2024-08-23T16:30:08.289Z,olafjkuiper@gmail.com,newsletter,everyone,true
148047185,2024-08-23T16:30:08.371Z,aidankenney08@gmail.com,newsletter,everyone,true
148047185,2024-08-23T16:30:08.799Z,henryw.2118@gmail.com,newsletter,everyone,true
148047185,2024-08-23T16:30:08.895Z,griffin.szymoniak@gmail.com,newsletter,everyone,true
148047185,2024-08-23T16:30:09.483Z,derekuy@ucsb.edu,newsletter,everyone,true
148047185,2024-08-23T16:30:12.427Z,hayeswu@icloud.com,newsletter,everyone,true
