post_id,timestamp,email,post_type,post_audience,active_subscription,country,city,region,device_type,client_os,client_type,user_agent
148007196,2024-08-22T16:26:06.362Z,seansantos3000@gmail.com,newsletter,everyone,true,US,,,,,,Mozilla/5.0 (Windows NT 5.1; rv:11.0) Gecko Firefox/11.0 (via ggpht.com GoogleImageProxy)
148007196,2024-08-22T16:26:37.539Z,Eofloisand1@gmail.com,newsletter,everyone,true,US,,,,,,Mozilla/5.0 (Windows NT 5.1; rv:11.0) Gecko Firefox/11.0 (via ggpht.com GoogleImageProxy)
148007196,2024-08-22T16:44:11.783Z,derekuy@ucsb.edu,newsletter,everyone,true,US,,,,,,Mozilla/5.0 (Windows NT 5.1; rv:11.0) Gecko Firefox/11.0 (via ggpht.com GoogleImageProxy)
148007196,2024-08-22T16:44:23.776Z,derekuy@ucsb.edu,newsletter,everyone,true,US,,,,,,Mozilla/5.0 (Windows NT 5.1; rv:11.0) Gecko Firefox/11.0 (via ggpht.com GoogleImageProxy)
148007196,2024-08-22T16:45:07.802Z,derekuy@ucsb.edu,newsletter,everyone,true,US,,,,,,Mozilla/5.0 (Windows NT 5.1; rv:11.0) Gecko Firefox/11.0 (via ggpht.com GoogleImageProxy)
148007196,2024-08-22T16:50:54.684Z,derekuy@ucsb.edu,newsletter,everyone,true,US,,,,,,Mozilla/5.0 (Windows NT 5.1; rv:11.0) Gecko Firefox/11.0 (via ggpht.com GoogleImageProxy)
148007196,2024-08-22T16:51:40.332Z,Derek.uy@gmail.com,newsletter,everyone,true,US,,,,,,Mozilla/5.0 (Windows NT 5.1; rv:11.0) Gecko Firefox/11.0 (via ggpht.com GoogleImageProxy)
148007196,2024-08-22T17:39:52.185Z,Eofloisand1@gmail.com,newsletter,everyone,true,US,,,,,,Mozilla/5.0 (Windows NT 5.1; rv:11.0) Gecko Firefox/11.0 (via ggpht.com GoogleImageProxy)
148007196,2024-08-22T18:56:31.790Z,aidankenney08@gmail.com,newsletter,everyone,true,US,,,,,,Mozilla/5.0
148007196,2024-08-22T19:09:42.861Z,Derek.uy@gmail.com,newsletter,everyone,true,US,,,,,,Mozilla/5.0
148007196,2024-08-22T20:10:02.280Z,griffin.szymoniak@gmail.com,newsletter,everyone,true,US,,,,,,Mozilla/5.0
148007196,2024-08-22T21:06:58.568Z,olafjkuiper@gmail.com,newsletter,everyone,true,US,,,,,,Mozilla/5.0
148007196,2024-08-22T21:42:10.020Z,katherinemansfield13@gmail.com,newsletter,everyone,true,US,,,,,,Mozilla/5.0 (Windows NT 5.1; rv:11.0) Gecko Firefox/11.0 (via ggpht.com GoogleImageProxy)
148007196,2024-08-23T03:06:59.640Z,seanand113@gmail.com,newsletter,everyone,true,US,,,,,,Mozilla/5.0
148007196,2024-08-23T04:33:18.118Z,josephekpo@ucsb.edu,newsletter,everyone,true,US,,,,,,Mozilla/5.0
148007196,2024-08-23T06:27:16.085Z,ptantchev@gmail.com,newsletter,everyone,false,US,,,,,,Mozilla/5.0
148007196,2024-08-23T06:46:12.604Z,katherinemansfield13@gmail.com,newsletter,everyone,true,US,,,,,,Mozilla/5.0
148007196,2024-08-23T07:44:38.176Z,aidankenney08@gmail.com,newsletter,everyone,true,US,,,,,,Mozilla/5.0 (Windows NT 5.1; rv:11.0) Gecko Firefox/11.0 (via ggpht.com GoogleImageProxy)
148007196,2024-08-23T19:44:28.074Z,henryw.2118@gmail.com,newsletter,everyone,true,US,,,,,,Mozilla/5.0
148007196,2024-08-23T20:02:25.694Z,jamespwilson14@gmail.com,newsletter,everyone,true,US,,,,,,Mozilla/5.0
148007196,2024-08-23T21:21:58.763Z,hayeswu@icloud.com,newsletter,everyone,true,US,,,,,,Mozilla/5.0
148007196,2024-08-24T00:21:39.247Z,henryw.2118@gmail.com,newsletter,everyone,true,US,,,,,,Mozilla/5.0 (Windows NT 5.1; rv:11.0) Gecko Firefox/11.0 (via ggpht.com GoogleImageProxy)
148007196,2024-08-24T00:24:02.816Z,aidankenney08@gmail.com,newsletter,everyone,true,US,,,,,,Mozilla/5.0 (Windows NT 5.1; rv:11.0) Gecko Firefox/11.0 (via ggpht.com GoogleImageProxy)
148007196,2024-09-02T12:25:09.855Z,Eofloisand1@gmail.com,newsletter,everyone,true,US,,,,,,Mozilla/5.0 (Windows NT 5.1; rv:11.0) Gecko Firefox/11.0 (via ggpht.com GoogleImageProxy)
148007196,2024-09-02T12:31:40.872Z,seanand113@gmail.com,newsletter,everyone,true,US,,,,,,Mozilla/5.0
148007196,2024-09-04T17:32:28.489Z,seanand113@gmail.com,newsletter,everyone,true,US,,,,,,Mozilla/5.0
148007196,2024-09-06T11:23:07.229Z,seanand113@gmail.com,newsletter,everyone,true,US,,,,,,Mozilla/5.0
148007196,2024-09-09T14:33:37.698Z,seanand113@gmail.com,newsletter,everyone,true,US,,,,,,Mozilla/5.0
148007196,2024-09-09T14:33:41.807Z,seanand113@gmail.com,newsletter,everyone,true,US,,,,,,Mozilla/5.0
148007196,2024-09-09T21:07:25.489Z,henryw.2118@gmail.com,newsletter,everyone,true,US,,,,,,Mozilla/5.0
148007196,2024-09-10T14:49:41.942Z,seanand113@gmail.com,newsletter,everyone,true,US,,,,,,Mozilla/5.0
148007196,2024-09-16T19:53:28.140Z,hayeswu@icloud.com,newsletter,everyone,true,US,,,,,,Mozilla/5.0
148007196,2024-09-19T19:34:03.460Z,seanand113@gmail.com,newsletter,everyone,true,US,,,,,,Mozilla/5.0
148007196,2024-09-19T22:09:03.996Z,griffin.szymoniak@gmail.com,newsletter,everyone,true,US,,,,,,Mozilla/5.0
