post_id,timestamp,email,post_type,post_audience,active_subscription,country,city,region,device_type,client_os,client_type,user_agent
148047185,2024-08-23T16:35:07.378Z,Eofloisand1@gmail.com,newsletter,everyone,true,US,,,,,,Mozilla/5.0 (Windows NT 5.1; rv:11.0) Gecko Firefox/11.0 (via ggpht.com GoogleImageProxy)
148047185,2024-08-23T16:35:55.112Z,willthomas127@gmail.com,newsletter,everyone,true,US,,,,,,Mozilla/5.0 (Windows NT 5.1; rv:11.0) Gecko Firefox/11.0 (via ggpht.com GoogleImageProxy)
148047185,2024-08-23T16:37:09.558Z,derekuy@ucsb.edu,newsletter,everyone,true,US,,,,,,Mozilla/5.0 (Windows NT 5.1; rv:11.0) Gecko Firefox/11.0 (via ggpht.com GoogleImageProxy)
148047185,2024-08-23T17:00:43.316Z,aidankenney08@gmail.com,newsletter,everyone,true,US,,,,,,Mozilla/5.0 (Windows NT 5.1; rv:11.0) Gecko Firefox/11.0 (via ggpht.com GoogleImageProxy)
148047185,2024-08-23T17:18:12.230Z,scumler19@gmail.com,newsletter,everyone,true,US,,,,,,Mozilla/5.0 (Windows NT 5.1; rv:11.0) Gecko Firefox/11.0 (via ggpht.com GoogleImageProxy)
148047185,2024-08-23T18:20:18.336Z,aidankenney08@gmail.com,newsletter,everyone,true,US,,,,,,Mozilla/5.0 (Windows NT 5.1; rv:11.0) Gecko Firefox/11.0 (via ggpht.com GoogleImageProxy)
148047185,2024-08-23T18:24:29.138Z,henryw.2118@gmail.com,newsletter,everyone,true,US,,,,,,Mozilla/5.0 (Windows NT 5.1; rv:11.0) Gecko Firefox/11.0 (via ggpht.com GoogleImageProxy)
148047185,2024-08-23T18:47:06.859Z,katherinemansfield13@gmail.com,newsletter,everyone,true,US,,,,,,Mozilla/5.0 (Windows NT 5.1; rv:11.0) Gecko Firefox/11.0 (via ggpht.com GoogleImageProxy)
148047185,2024-08-23T18:47:07.019Z,katherinemansfield13@gmail.com,newsletter,everyone,true,US,,,,,,Mozilla/5.0 (Windows NT 5.1; rv:11.0) Gecko Firefox/11.0 (via ggpht.com GoogleImageProxy)
148047185,2024-08-23T18:47:14.890Z,katherinemansfield13@gmail.com,newsletter,everyone,true,US,,,,,,Mozilla/5.0 (Windows NT 5.1; rv:11.0) Gecko Firefox/11.0 (via ggpht.com GoogleImageProxy)
148047185,2024-08-23T18:49:43.429Z,aidankenney08@gmail.com,newsletter,everyone,true,US,,,,,,Mozilla/5.0
148047185,2024-08-23T20:02:25.692Z,jamespwilson14@gmail.com,newsletter,everyone,true,US,,,,,,Mozilla/5.0
148047185,2024-08-23T20:12:21.359Z,derekuy@ucsb.edu,newsletter,everyone,true,US,,,,,,Mozilla/5.0 (Windows NT 5.1; rv:11.0) Gecko Firefox/11.0 (via ggpht.com GoogleImageProxy)
148047185,2024-08-23T20:27:40.041Z,Eofloisand1@gmail.com,newsletter,everyone,true,US,,,,,,Mozilla/5.0 (Windows NT 5.1; rv:11.0) Gecko Firefox/11.0 (via ggpht.com GoogleImageProxy)
148047185,2024-08-23T21:05:05.422Z,olafjkuiper@gmail.com,newsletter,everyone,true,US,,,,,,Mozilla/5.0
148047185,2024-08-23T21:56:34.284Z,Eofloisand1@gmail.com,newsletter,everyone,true,US,,,,,,Mozilla/5.0 (Windows NT 5.1; rv:11.0) Gecko Firefox/11.0 (via ggpht.com GoogleImageProxy)
148047185,2024-08-23T23:51:28.842Z,seanand113@gmail.com,newsletter,everyone,true,US,,,,,,Mozilla/5.0
148047185,2024-08-24T00:29:23.642Z,aidankenney08@gmail.com,newsletter,everyone,true,US,,,,,,Mozilla/5.0 (Windows NT 5.1; rv:11.0) Gecko Firefox/11.0 (via ggpht.com GoogleImageProxy)
148047185,2024-08-24T00:39:16.812Z,Derek.uy@gmail.com,newsletter,everyone,true,US,,,,,,Mozilla/5.0
148047185,2024-08-24T03:16:10.489Z,henryw.2118@gmail.com,newsletter,everyone,true,US,,,,,,Mozilla/5.0
148047185,2024-08-24T04:46:39.276Z,josephekpo@ucsb.edu,newsletter,everyone,true,US,,,,,,Mozilla/5.0
148047185,2024-08-24T05:18:38.584Z,katherinemansfield13@gmail.com,newsletter,everyone,true,US,,,,,,Mozilla/5.0
148047185,2024-08-24T16:07:41.554Z,willthomas127@gmail.com,newsletter,everyone,true,US,,,,,,Mozilla/5.0 (Windows NT 5.1; rv:11.0) Gecko Firefox/11.0 (via ggpht.com GoogleImageProxy)
148047185,2024-08-24T16:45:59.033Z,ptantchev@gmail.com,newsletter,everyone,false,US,,,,,,Mozilla/5.0
148047185,2024-08-24T18:03:58.280Z,hayeswu@icloud.com,newsletter,everyone,true,US,,,,,,Mozilla/5.0
148047185,2024-08-24T23:42:05.180Z,seansantos3000@gmail.com,newsletter,everyone,true,US,,,,,,Mozilla/5.0 (Windows NT 5.1; rv:11.0) Gecko Firefox/11.0 (via ggpht.com GoogleImageProxy)
148047185,2024-08-25T05:47:47.105Z,griffin.szymoniak@gmail.com,newsletter,everyone,true,US,,,,,,Mozilla/5.0
148047185,2024-08-27T18:36:14.432Z,aidankenney08@gmail.com,newsletter,everyone,true,US,,,,,,Mozilla/5.0 (Windows NT 5.1; rv:11.0) Gecko Firefox/11.0 (via ggpht.com GoogleImageProxy)
148047185,2024-08-28T10:12:23.387Z,seanand113@gmail.com,newsletter,everyone,true,US,,,,,,Mozilla/5.0
148047185,2024-09-02T12:25:05.925Z,Eofloisand1@gmail.com,newsletter,everyone,true,US,,,,,,Mozilla/5.0 (Windows NT 5.1; rv:11.0) Gecko Firefox/11.0 (via ggpht.com GoogleImageProxy)
148047185,2024-09-04T14:27:23.540Z,seanand113@gmail.com,newsletter,everyone,true,US,,,,,,Mozilla/5.0
148047185,2024-09-06T10:44:33.435Z,seanand113@gmail.com,newsletter,everyone,true,US,,,,,,Mozilla/5.0
148047185,2024-09-07T15:44:09.685Z,seanand113@gmail.com,newsletter,everyone,true,US,,,,,,Mozilla/5.0
148047185,2024-09-08T10:48:17.242Z,seanand113@gmail.com,newsletter,everyone,true,US,,,,,,Mozilla/5.0
148047185,2024-09-09T13:45:02.241Z,seanand113@gmail.com,newsletter,everyone,true,US,,,,,,Mozilla/5.0
148047185,2024-09-09T20:44:56.253Z,henryw.2118@gmail.com,newsletter,everyone,true,US,,,,,,Mozilla/5.0
148047185,2024-09-10T13:54:02.139Z,seanand113@gmail.com,newsletter,everyone,true,US,,,,,,Mozilla/5.0
148047185,2024-09-11T14:00:31.635Z,seanand113@gmail.com,newsletter,everyone,true,US,,,,,,Mozilla/5.0
148047185,2024-09-14T14:49:33.188Z,seanand113@gmail.com,newsletter,everyone,true,US,,,,,,Mozilla/5.0
148047185,2024-09-16T19:53:28.141Z,hayeswu@icloud.com,newsletter,everyone,true,US,,,,,,Mozilla/5.0
148047185,2024-09-19T10:32:45.385Z,seanand113@gmail.com,newsletter,everyone,true,US,,,,,,Mozilla/5.0
148047185,2024-09-19T22:09:03.995Z,griffin.szymoniak@gmail.com,newsletter,everyone,true,US,,,,,,Mozilla/5.0
148047185,2024-09-20T09:22:25.644Z,seanand113@gmail.com,newsletter,everyone,true,US,,,,,,Mozilla/5.0
