post_id,timestamp,email,post_type,post_audience,active_subscription,country,city,region,device_type,client_os,client_type,user_agent
148127699,2024-08-26T00:36:21.865Z,hayeswu@icloud.com,newsletter,everyone,true,US,,,,,,Mozilla/5.0
148127699,2024-08-26T00:36:21.865Z,hayeswu@icloud.com,newsletter,everyone,true,US,,,,,,Mozilla/5.0
148127699,2024-08-26T00:36:22.801Z,Eofloisand1@gmail.com,newsletter,everyone,true,US,,,,,,Mozilla/5.0 (Windows NT 5.1; rv:11.0) Gecko Firefox/11.0 (via ggpht.com GoogleImageProxy)
148127699,2024-08-26T00:37:07.156Z,scumler19@gmail.com,newsletter,everyone,true,US,,,,,,Mozilla/5.0 (Windows NT 5.1; rv:11.0) Gecko Firefox/11.0 (via ggpht.com GoogleImageProxy)
148127699,2024-08-26T00:39:32.699Z,derekuy@ucsb.edu,newsletter,everyone,true,US,,,,,,Mozilla/5.0 (Windows NT 5.1; rv:11.0) Gecko Firefox/11.0 (via ggpht.com GoogleImageProxy)
148127699,2024-08-26T01:32:03.352Z,Eofloisand1@gmail.com,newsletter,everyone,true,US,,,,,,Mozilla/5.0 (Windows NT 5.1; rv:11.0) Gecko Firefox/11.0 (via ggpht.com GoogleImageProxy)
148127699,2024-08-26T02:05:12.503Z,seanand113@gmail.com,newsletter,everyone,true,US,,,,,,Mozilla/5.0
148127699,2024-08-26T04:10:17.042Z,ptantchev@gmail.com,newsletter,everyone,false,US,,,,,,Mozilla/5.0 (Windows NT 5.1; rv:11.0) Gecko Firefox/11.0 (via ggpht.com GoogleImageProxy)
148127699,2024-08-26T04:10:21.953Z,ptantchev@gmail.com,newsletter,everyone,false,US,,,,,,Mozilla/5.0 (Windows NT 5.1; rv:11.0) Gecko Firefox/11.0 (via ggpht.com GoogleImageProxy)
148127699,2024-08-26T04:14:01.778Z,olafjkuiper@gmail.com,newsletter,everyone,true,US,,,,,,Mozilla/5.0
148127699,2024-08-26T04:17:27.741Z,griffin.szymoniak@gmail.com,newsletter,everyone,true,US,,,,,,Mozilla/5.0
148127699,2024-08-26T06:44:32.647Z,josephekpo@ucsb.edu,newsletter,everyone,true,US,,,,,,Mozilla/5.0 (Windows NT 5.1; rv:11.0) Gecko Firefox/11.0 (via ggpht.com GoogleImageProxy)
148127699,2024-08-26T06:53:46.123Z,aidankenney08@gmail.com,newsletter,everyone,true,US,,,,,,Mozilla/5.0 (Windows NT 5.1; rv:11.0) Gecko Firefox/11.0 (via ggpht.com GoogleImageProxy)
148127699,2024-08-26T07:44:19.413Z,henryw.2118@gmail.com,newsletter,everyone,true,US,,,,,,Mozilla/5.0
148127699,2024-08-26T13:12:11.536Z,Eofloisand1@gmail.com,newsletter,everyone,true,US,,,,,,Mozilla/5.0 (Windows NT 5.1; rv:11.0) Gecko Firefox/11.0 (via ggpht.com GoogleImageProxy)
148127699,2024-08-26T15:34:28.475Z,ptantchev@gmail.com,newsletter,everyone,false,US,,,,,,Mozilla/5.0
148127699,2024-08-26T18:14:25.457Z,katherinemansfield13@gmail.com,newsletter,everyone,true,US,,,,,,Mozilla/5.0 (Windows NT 5.1; rv:11.0) Gecko Firefox/11.0 (via ggpht.com GoogleImageProxy)
148127699,2024-08-26T18:15:51.570Z,katherinemansfield13@gmail.com,newsletter,everyone,true,US,,,,,,Mozilla/5.0 (Windows NT 5.1; rv:11.0) Gecko Firefox/11.0 (via ggpht.com GoogleImageProxy)
148127699,2024-08-26T22:23:58.008Z,Derek.uy@gmail.com,newsletter,everyone,true,US,,,,,,Mozilla/5.0
148127699,2024-08-27T21:39:08.803Z,griffin.szymoniak@gmail.com,newsletter,everyone,true,US,,,,,,Mozilla/5.0 (Windows NT 5.1; rv:11.0) Gecko Firefox/11.0 (via ggpht.com GoogleImageProxy)
148127699,2024-08-27T22:31:36.272Z,katherinemansfield13@gmail.com,newsletter,everyone,true,US,,,,,,Mozilla/5.0
148127699,2024-08-28T05:03:53.822Z,aidankenney08@gmail.com,newsletter,everyone,true,US,,,,,,Mozilla/5.0 (Windows NT 5.1; rv:11.0) Gecko Firefox/11.0 (via ggpht.com GoogleImageProxy)
148127699,2024-08-28T10:12:23.386Z,seanand113@gmail.com,newsletter,everyone,true,US,,,,,,Mozilla/5.0
148127699,2024-09-02T12:24:54.904Z,Eofloisand1@gmail.com,newsletter,everyone,true,US,,,,,,Mozilla/5.0 (Windows NT 5.1; rv:11.0) Gecko Firefox/11.0 (via ggpht.com GoogleImageProxy)
148127699,2024-09-04T06:49:14.916Z,seanand113@gmail.com,newsletter,everyone,true,US,,,,,,Mozilla/5.0
148127699,2024-09-05T18:46:33.412Z,aidankenney08@gmail.com,newsletter,everyone,true,US,,,,,,Mozilla/5.0
148127699,2024-09-06T10:44:33.434Z,seanand113@gmail.com,newsletter,everyone,true,US,,,,,,Mozilla/5.0
148127699,2024-09-07T15:44:09.685Z,seanand113@gmail.com,newsletter,everyone,true,US,,,,,,Mozilla/5.0
148127699,2024-09-08T10:48:17.242Z,seanand113@gmail.com,newsletter,everyone,true,US,,,,,,Mozilla/5.0
148127699,2024-09-08T23:36:23.960Z,henryw.2118@gmail.com,newsletter,everyone,true,US,,,,,,Mozilla/5.0
148127699,2024-09-09T12:47:06.330Z,seanand113@gmail.com,newsletter,everyone,true,US,,,,,,Mozilla/5.0
148127699,2024-09-10T13:54:02.139Z,seanand113@gmail.com,newsletter,everyone,true,US,,,,,,Mozilla/5.0
148127699,2024-09-11T11:25:39.698Z,seanand113@gmail.com,newsletter,everyone,true,US,,,,,,Mozilla/5.0
148127699,2024-09-14T14:49:33.188Z,seanand113@gmail.com,newsletter,everyone,true,US,,,,,,Mozilla/5.0
148127699,2024-09-16T19:53:28.141Z,hayeswu@icloud.com,newsletter,everyone,true,US,,,,,,Mozilla/5.0
148127699,2024-09-19T10:32:45.384Z,seanand113@gmail.com,newsletter,everyone,true,US,,,,,,Mozilla/5.0
148127699,2024-09-19T22:00:53.684Z,griffin.szymoniak@gmail.com,newsletter,everyone,true,US,,,,,,Mozilla/5.0
148127699,2024-09-20T08:30:47.926Z,seanand113@gmail.com,newsletter,everyone,true,US,,,,,,Mozilla/5.0
148127699,2024-09-21T14:56:49.181Z,seanand113@gmail.com,newsletter,everyone,true,US,,,,,,Mozilla/5.0
