post_id,timestamp,email,post_type,post_audience,active_subscription
148127699,2024-08-26T00:33:15.187Z,Derek.uy@gmail.com,newsletter,everyone,true
148127699,2024-08-26T00:33:15.198Z,seanand113@gmail.com,newsletter,everyone,true
148127699,2024-08-26T00:33:15.265Z,katherinemansfield13@gmail.com,newsletter,everyone,true
148127699,2024-08-26T00:33:15.430Z,seansantos3000@gmail.com,newsletter,everyone,true
148127699,2024-08-26T00:33:15.574Z,btantchev@yahoo.com,newsletter,everyone,true
148127699,2024-08-26T00:33:15.773Z,ptantchev@gmail.com,newsletter,everyone,false
148127699,2024-08-26T00:33:16.377Z,henryw.2118@gmail.com,newsletter,everyone,true
148127699,2024-08-26T00:33:16.407Z,aidankenney08@gmail.com,newsletter,everyone,true
148127699,2024-08-26T00:33:16.642Z,scumler19@gmail.com,newsletter,everyone,true
148127699,2024-08-26T00:33:16.712Z,willthomas127@gmail.com,newsletter,everyone,true
148127699,2024-08-26T00:33:16.771Z,derekuy@ucsb.edu,newsletter,everyone,true
148127699,2024-08-26T00:33:16.773Z,josephekpo@ucsb.edu,newsletter,everyone,true
148127699,2024-08-26T00:33:16.825Z,jamespwilson14@gmail.com,newsletter,everyone,true
148127699,2024-08-26T00:33:16.839Z,Eofloisand1@gmail.com,newsletter,everyone,true
148127699,2024-08-26T00:33:16.839Z,olafjkuiper@gmail.com,newsletter,everyone,true
148127699,2024-08-26T00:33:16.947Z,griffin.szymoniak@gmail.com,newsletter,everyone,true
148127699,2024-08-26T00:33:17.112Z,faigorjaihometv@gmail.com,newsletter,everyone,true
148127699,2024-08-26T00:33:17.783Z,hayeswu@icloud.com,newsletter,everyone,true
