post_id,timestamp,email,post_type,post_audience,active_subscription
148230717,2024-08-28T15:47:26.214Z,ptantchev@gmail.com,newsletter,everyone,false
148230717,2024-08-28T15:47:26.454Z,katherinemansfield13@gmail.com,newsletter,everyone,true
148230717,2024-08-28T15:47:26.535Z,seanand113@gmail.com,newsletter,everyone,true
148230717,2024-08-28T15:47:26.570Z,seansantos3000@gmail.com,newsletter,everyone,true
148230717,2024-08-28T15:47:26.584Z,Derek.uy@gmail.com,newsletter,everyone,true
148230717,2024-08-28T15:47:26.862Z,btantchev@yahoo.com,newsletter,everyone,true
148230717,2024-08-28T15:47:27.161Z,Eofloisand1@gmail.com,newsletter,everyone,true
148230717,2024-08-28T15:47:27.179Z,olafjkuiper@gmail.com,newsletter,everyone,true
148230717,2024-08-28T15:47:27.187Z,josephekpo@ucsb.edu,newsletter,everyone,true
148230717,2024-08-28T15:47:27.289Z,willthomas127@gmail.com,newsletter,everyone,true
148230717,2024-08-28T15:47:27.310Z,aidankenney08@gmail.com,newsletter,everyone,true
148230717,2024-08-28T15:47:27.356Z,griffin.szymoniak@gmail.com,newsletter,everyone,true
148230717,2024-08-28T15:47:27.359Z,scumler19@gmail.com,newsletter,everyone,true
148230717,2024-08-28T15:47:27.362Z,jamespwilson14@gmail.com,newsletter,everyone,true
148230717,2024-08-28T15:47:27.374Z,henryw.2118@gmail.com,newsletter,everyone,true
148230717,2024-08-28T15:47:27.464Z,derekuy@ucsb.edu,newsletter,everyone,true
148230717,2024-08-28T15:47:27.736Z,faigorjaihometv@gmail.com,newsletter,everyone,true
148230717,2024-08-28T15:57:31.408Z,hayeswu@icloud.com,newsletter,everyone,true
