post_id,timestamp,email,post_type,post_audience,active_subscription,country,city,region,device_type,client_os,client_type,user_agent
148230717,2024-08-28T15:48:53.218Z,willthomas127@gmail.com,newsletter,everyone,true,US,,,,,,Mozilla/5.0 (Windows NT 5.1; rv:11.0) Gecko Firefox/11.0 (via ggpht.com GoogleImageProxy)
148230717,2024-08-28T15:49:05.661Z,derekuy@ucsb.edu,newsletter,everyone,true,US,,,,,,Mozilla/5.0 (Windows NT 5.1; rv:11.0) Gecko Firefox/11.0 (via ggpht.com GoogleImageProxy)
148230717,2024-08-28T15:51:59.655Z,willthomas127@gmail.com,newsletter,everyone,true,US,,,,,,Mozilla/5.0 (Windows NT 5.1; rv:11.0) Gecko Firefox/11.0 (via ggpht.com GoogleImageProxy)
148230717,2024-08-28T15:53:36.075Z,henryw.2118@gmail.com,newsletter,everyone,true,US,,,,,,Mozilla/5.0 (Windows NT 5.1; rv:11.0) Gecko Firefox/11.0 (via ggpht.com GoogleImageProxy)
148230717,2024-08-28T15:55:22.034Z,scumler19@gmail.com,newsletter,everyone,true,US,,,,,,Mozilla/5.0 (Windows NT 5.1; rv:11.0) Gecko Firefox/11.0 (via ggpht.com GoogleImageProxy)
148230717,2024-08-28T15:58:31.380Z,seanand113@gmail.com,newsletter,everyone,true,US,,,,,,Mozilla/5.0
148230717,2024-08-28T16:09:14.983Z,Eofloisand1@gmail.com,newsletter,everyone,true,US,,,,,,Mozilla/5.0 (Windows NT 5.1; rv:11.0) Gecko Firefox/11.0 (via ggpht.com GoogleImageProxy)
148230717,2024-08-28T17:06:57.510Z,griffin.szymoniak@gmail.com,newsletter,everyone,true,US,,,,,,Mozilla/5.0 (Windows NT 5.1; rv:11.0) Gecko Firefox/11.0 (via ggpht.com GoogleImageProxy)
148230717,2024-08-28T17:09:36.116Z,hayeswu@icloud.com,newsletter,everyone,true,US,,,,,,Mozilla/5.0
148230717,2024-08-28T17:19:49.006Z,derekuy@ucsb.edu,newsletter,everyone,true,US,,,,,,Mozilla/5.0 (Windows NT 5.1; rv:11.0) Gecko Firefox/11.0 (via ggpht.com GoogleImageProxy)
148230717,2024-08-28T17:19:52.998Z,derekuy@ucsb.edu,newsletter,everyone,true,US,,,,,,Mozilla/5.0 (Windows NT 5.1; rv:11.0) Gecko Firefox/11.0 (via ggpht.com GoogleImageProxy)
148230717,2024-08-28T17:37:16.368Z,josephekpo@ucsb.edu,newsletter,everyone,true,US,,,,,,Mozilla/5.0 (Windows NT 5.1; rv:11.0) Gecko Firefox/11.0 (via ggpht.com GoogleImageProxy)
148230717,2024-08-28T17:40:36.054Z,aidankenney08@gmail.com,newsletter,everyone,true,US,,,,,,Mozilla/5.0 (Windows NT 5.1; rv:11.0) Gecko Firefox/11.0 (via ggpht.com GoogleImageProxy)
148230717,2024-08-29T00:03:43.557Z,griffin.szymoniak@gmail.com,newsletter,everyone,true,US,,,,,,Mozilla/5.0 (Windows NT 5.1; rv:11.0) Gecko Firefox/11.0 (via ggpht.com GoogleImageProxy)
148230717,2024-08-29T01:13:42.400Z,aidankenney08@gmail.com,newsletter,everyone,true,US,,,,,,Mozilla/5.0 (Windows NT 5.1; rv:11.0) Gecko Firefox/11.0 (via ggpht.com GoogleImageProxy)
148230717,2024-08-29T03:22:36.380Z,Derek.uy@gmail.com,newsletter,everyone,true,US,,,,,,Mozilla/5.0
148230717,2024-08-29T04:47:15.570Z,aidankenney08@gmail.com,newsletter,everyone,true,US,,,,,,Mozilla/5.0 (Windows NT 5.1; rv:11.0) Gecko Firefox/11.0 (via ggpht.com GoogleImageProxy)
148230717,2024-08-29T05:25:21.981Z,katherinemansfield13@gmail.com,newsletter,everyone,true,US,,,,,,Mozilla/5.0
148230717,2024-08-29T06:30:37.313Z,griffin.szymoniak@gmail.com,newsletter,everyone,true,US,,,,,,Mozilla/5.0
148230717,2024-08-29T07:50:12.217Z,olafjkuiper@gmail.com,newsletter,everyone,true,US,,,,,,Mozilla/5.0
148230717,2024-08-29T09:36:46.335Z,henryw.2118@gmail.com,newsletter,everyone,true,US,,,,,,Mozilla/5.0
148230717,2024-08-29T18:17:52.529Z,derekuy@ucsb.edu,newsletter,everyone,true,US,,,,,,Mozilla/5.0 (Windows NT 5.1; rv:11.0) Gecko Firefox/11.0 (via ggpht.com GoogleImageProxy)
148230717,2024-08-30T03:12:46.678Z,josephekpo@ucsb.edu,newsletter,everyone,true,US,,,,,,Mozilla/5.0
148230717,2024-08-30T03:52:43.246Z,griffin.szymoniak@gmail.com,newsletter,everyone,true,US,,,,,,Mozilla/5.0 (Windows NT 5.1; rv:11.0) Gecko Firefox/11.0 (via ggpht.com GoogleImageProxy)
148230717,2024-08-30T15:25:26.587Z,ptantchev@gmail.com,newsletter,everyone,false,US,,,,,,Mozilla/5.0
148230717,2024-09-04T15:37:10.236Z,seanand113@gmail.com,newsletter,everyone,true,US,,,,,,Mozilla/5.0
148230717,2024-09-05T20:01:12.808Z,aidankenney08@gmail.com,newsletter,everyone,true,US,,,,,,Mozilla/5.0
148230717,2024-09-06T10:44:33.438Z,seanand113@gmail.com,newsletter,everyone,true,US,,,,,,Mozilla/5.0
148230717,2024-09-07T16:55:21.424Z,seanand113@gmail.com,newsletter,everyone,true,US,,,,,,Mozilla/5.0
148230717,2024-09-09T13:55:25.497Z,seanand113@gmail.com,newsletter,everyone,true,US,,,,,,Mozilla/5.0
148230717,2024-09-10T14:38:08.374Z,seanand113@gmail.com,newsletter,everyone,true,US,,,,,,Mozilla/5.0
148230717,2024-09-12T08:57:03.981Z,seanand113@gmail.com,newsletter,everyone,true,US,,,,,,Mozilla/5.0
148230717,2024-09-16T19:53:41.780Z,hayeswu@icloud.com,newsletter,everyone,true,US,,,,,,Mozilla/5.0
148230717,2024-09-19T12:11:03.156Z,seanand113@gmail.com,newsletter,everyone,true,US,,,,,,Mozilla/5.0
148230717,2024-09-19T22:00:53.684Z,griffin.szymoniak@gmail.com,newsletter,everyone,true,US,,,,,,Mozilla/5.0
148230717,2024-09-20T10:30:15.043Z,seanand113@gmail.com,newsletter,everyone,true,US,,,,,,Mozilla/5.0
148230717,2024-09-22T03:00:23.808Z,seanand113@gmail.com,newsletter,everyone,true,US,,,,,,Mozilla/5.0
