post_id,timestamp,email,post_type,post_audience,active_subscription
148580949,2024-09-06T15:49:16.704Z,ptantchev@gmail.com,newsletter,everyone,false
148580949,2024-09-06T15:49:17.121Z,seanand113@gmail.com,newsletter,everyone,true
148580949,2024-09-06T15:49:17.316Z,katherinemansfield13@gmail.com,newsletter,everyone,true
148580949,2024-09-06T15:49:17.367Z,Derek.uy@gmail.com,newsletter,everyone,true
148580949,2024-09-06T15:49:17.477Z,btantchev@yahoo.com,newsletter,everyone,true
148580949,2024-09-06T15:49:17.564Z,seansantos3000@gmail.com,newsletter,everyone,true
148580949,2024-09-06T15:49:19.273Z,Eofloisand1@gmail.com,newsletter,everyone,true
148580949,2024-09-06T15:49:19.273Z,jamespwilson14@gmail.com,newsletter,everyone,true
148580949,2024-09-06T15:49:19.538Z,henryw.2118@gmail.com,newsletter,everyone,true
148580949,2024-09-06T15:49:19.687Z,olafjkuiper@gmail.com,newsletter,everyone,true
148580949,2024-09-06T15:49:19.848Z,faigorjaihometv@gmail.com,newsletter,everyone,true
148580949,2024-09-06T15:49:19.921Z,scumler19@gmail.com,newsletter,everyone,true
148580949,2024-09-06T15:49:19.980Z,willthomas127@gmail.com,newsletter,everyone,true
148580949,2024-09-06T15:49:19.983Z,aidankenney08@gmail.com,newsletter,everyone,true
148580949,2024-09-06T15:49:19.993Z,derekuy@ucsb.edu,newsletter,everyone,true
148580949,2024-09-06T15:49:20.000Z,griffin.szymoniak@gmail.com,newsletter,everyone,true
148580949,2024-09-06T15:49:20.250Z,josephekpo@ucsb.edu,newsletter,everyone,true
148580949,2024-09-06T15:49:20.992Z,hayeswu@icloud.com,newsletter,everyone,true
