post_id,timestamp,email,post_type,post_audience,active_subscription
148560689,2024-09-06T03:01:02.199Z,ptantchev@gmail.com,newsletter,everyone,false
148560689,2024-09-06T03:01:02.929Z,Derek.uy@gmail.com,newsletter,everyone,true
148560689,2024-09-06T03:01:03.096Z,seanand113@gmail.com,newsletter,everyone,true
148560689,2024-09-06T03:01:03.228Z,katherinemansfield13@gmail.com,newsletter,everyone,true
148560689,2024-09-06T03:01:03.283Z,seansantos3000@gmail.com,newsletter,everyone,true
148560689,2024-09-06T03:01:03.755Z,griffin.szymoniak@gmail.com,newsletter,everyone,true
148560689,2024-09-06T03:01:03.778Z,btantchev@yahoo.com,newsletter,everyone,true
148560689,2024-09-06T03:01:03.811Z,aidankenney08@gmail.com,newsletter,everyone,true
148560689,2024-09-06T03:01:03.951Z,josephekpo@ucsb.edu,newsletter,everyone,true
148560689,2024-09-06T03:01:03.989Z,derekuy@ucsb.edu,newsletter,everyone,true
148560689,2024-09-06T03:01:03.995Z,jamespwilson14@gmail.com,newsletter,everyone,true
148560689,2024-09-06T03:01:03.997Z,willthomas127@gmail.com,newsletter,everyone,true
148560689,2024-09-06T03:01:04.174Z,olafjkuiper@gmail.com,newsletter,everyone,true
148560689,2024-09-06T03:01:04.220Z,scumler19@gmail.com,newsletter,everyone,true
148560689,2024-09-06T03:01:04.259Z,Eofloisand1@gmail.com,newsletter,everyone,true
148560689,2024-09-06T03:01:04.263Z,henryw.2118@gmail.com,newsletter,everyone,true
148560689,2024-09-06T03:01:04.468Z,faigorjaihometv@gmail.com,newsletter,everyone,true
148560689,2024-09-06T03:01:07.470Z,hayeswu@icloud.com,newsletter,everyone,true
