post_id,timestamp,email,post_type,post_audience,active_subscription,country,city,region,device_type,client_os,client_type,user_agent
148580949,2024-09-06T15:51:07.844Z,Eofloisand1@gmail.com,newsletter,everyone,true,US,,,,,,Mozilla/5.0 (Windows NT 5.1; rv:11.0) Gecko Firefox/11.0 (via ggpht.com GoogleImageProxy)
148580949,2024-09-06T15:53:03.991Z,willthomas127@gmail.com,newsletter,everyone,true,US,,,,,,Mozilla/5.0 (Windows NT 5.1; rv:11.0) Gecko Firefox/11.0 (via ggpht.com GoogleImageProxy)
148580949,2024-09-06T15:56:53.667Z,josephekpo@ucsb.edu,newsletter,everyone,true,US,,,,,,Mozilla/5.0 (Windows NT 5.1; rv:11.0) Gecko Firefox/11.0 (via ggpht.com GoogleImageProxy)
148580949,2024-09-06T16:01:45.098Z,griffin.szymoniak@gmail.com,newsletter,everyone,true,US,,,,,,Mozilla/5.0
148580949,2024-09-06T16:12:20.355Z,griffin.szymoniak@gmail.com,newsletter,everyone,true,US,,,,,,Mozilla/5.0 (Windows NT 5.1; rv:11.0) Gecko Firefox/11.0 (via ggpht.com GoogleImageProxy)
148580949,2024-09-06T17:53:29.769Z,aidankenney08@gmail.com,newsletter,everyone,true,US,,,,,,Mozilla/5.0 (Windows NT 5.1; rv:11.0) Gecko Firefox/11.0 (via ggpht.com GoogleImageProxy)
148580949,2024-09-06T18:14:01.919Z,Derek.uy@gmail.com,newsletter,everyone,true,NL,,,,,,Mozilla/5.0
148580949,2024-09-06T18:55:29.274Z,Derek.uy@gmail.com,newsletter,everyone,true,US,,,,,,Mozilla/5.0 (Windows NT 5.1; rv:11.0) Gecko Firefox/11.0 (via ggpht.com GoogleImageProxy)
148580949,2024-09-06T18:57:46.758Z,aidankenney08@gmail.com,newsletter,everyone,true,US,,,,,,Mozilla/5.0 (Windows NT 5.1; rv:11.0) Gecko Firefox/11.0 (via ggpht.com GoogleImageProxy)
148580949,2024-09-06T21:26:20.512Z,derekuy@ucsb.edu,newsletter,everyone,true,US,,,,,,Mozilla/5.0 (Windows NT 5.1; rv:11.0) Gecko Firefox/11.0 (via ggpht.com GoogleImageProxy)
148580949,2024-09-06T23:28:21.890Z,griffin.szymoniak@gmail.com,newsletter,everyone,true,US,,,,,,Mozilla/5.0 (Windows NT 5.1; rv:11.0) Gecko Firefox/11.0 (via ggpht.com GoogleImageProxy)
148580949,2024-09-06T23:31:10.726Z,henryw.2118@gmail.com,newsletter,everyone,true,US,,,,,,Mozilla/5.0
148580949,2024-09-07T01:38:52.000Z,olafjkuiper@gmail.com,newsletter,everyone,true,US,,,,,,Mozilla/5.0
148580949,2024-09-07T10:06:52.913Z,seanand113@gmail.com,newsletter,everyone,true,US,,,,,,Mozilla/5.0
148580949,2024-09-07T19:37:55.747Z,ptantchev@gmail.com,newsletter,everyone,false,US,,,,,,Mozilla/5.0
148580949,2024-09-08T01:34:34.770Z,derekuy@ucsb.edu,newsletter,everyone,true,US,,,,,,Mozilla/5.0 (Windows NT 5.1; rv:11.0) Gecko Firefox/11.0 (via ggpht.com GoogleImageProxy)
148580949,2024-09-08T09:01:44.475Z,seanand113@gmail.com,newsletter,everyone,true,US,,,,,,Mozilla/5.0
148580949,2024-09-09T02:06:48.410Z,hayeswu@icloud.com,newsletter,everyone,true,US,,,,,,Mozilla/5.0
148580949,2024-09-09T05:23:51.825Z,aidankenney08@gmail.com,newsletter,everyone,true,US,,,,,,Mozilla/5.0 (Windows NT 5.1; rv:11.0) Gecko Firefox/11.0 (via ggpht.com GoogleImageProxy)
148580949,2024-09-09T11:54:06.283Z,seanand113@gmail.com,newsletter,everyone,true,US,,,,,,Mozilla/5.0
148580949,2024-09-10T12:26:39.511Z,seanand113@gmail.com,newsletter,everyone,true,US,,,,,,Mozilla/5.0
148580949,2024-09-11T05:56:01.431Z,henryw.2118@gmail.com,newsletter,everyone,true,US,,,,,,Mozilla/5.0
148580949,2024-09-11T11:25:39.697Z,seanand113@gmail.com,newsletter,everyone,true,US,,,,,,Mozilla/5.0
148580949,2024-09-11T23:56:19.318Z,Derek.uy@gmail.com,newsletter,everyone,true,US,,,,,,Mozilla/5.0 (Windows NT 5.1; rv:11.0) Gecko Firefox/11.0 (via ggpht.com GoogleImageProxy)
148580949,2024-09-12T01:26:09.419Z,aidankenney08@gmail.com,newsletter,everyone,true,US,,,,,,Mozilla/5.0
148580949,2024-09-12T12:54:45.451Z,seanand113@gmail.com,newsletter,everyone,true,US,,,,,,Mozilla/5.0
148580949,2024-09-16T20:19:46.737Z,hayeswu@icloud.com,newsletter,everyone,true,US,,,,,,Mozilla/5.0
148580949,2024-09-19T10:17:41.198Z,seanand113@gmail.com,newsletter,everyone,true,US,,,,,,Mozilla/5.0
148580949,2024-09-20T09:35:55.507Z,seanand113@gmail.com,newsletter,everyone,true,US,,,,,,Mozilla/5.0
148580949,2024-09-21T15:42:05.573Z,seanand113@gmail.com,newsletter,everyone,true,US,,,,,,Mozilla/5.0
148580949,2024-09-23T18:49:04.805Z,scumler19@gmail.com,newsletter,everyone,true,US,,,,,,Mozilla/5.0 (Windows NT 5.1; rv:11.0) Gecko Firefox/11.0 (via ggpht.com GoogleImageProxy)
148580949,2024-09-24T11:54:28.195Z,seanand113@gmail.com,newsletter,everyone,true,US,,,,,,Mozilla/5.0
148580949,2024-09-30T18:25:28.881Z,griffin.szymoniak@gmail.com,newsletter,everyone,true,US,,,,,,Mozilla/5.0
148580949,2024-10-01T11:20:43.170Z,seanand113@gmail.com,newsletter,everyone,true,US,,,,,,Mozilla/5.0
148580949,2024-10-01T23:02:42.593Z,jamespwilson14@gmail.com,newsletter,everyone,true,US,,,,,,Mozilla/5.0
