post_id,timestamp,email,post_type,post_audience,active_subscription,country,city,region,device_type,client_os,client_type,user_agent
148560689,2024-09-06T03:01:19.501Z,willthomas127@gmail.com,newsletter,everyone,true,US,,,,,,Mozilla/5.0 (Windows NT 5.1; rv:11.0) Gecko Firefox/11.0 (via ggpht.com GoogleImageProxy)
148560689,2024-09-06T03:09:50.913Z,Derek.uy@gmail.com,newsletter,everyone,true,US,,,,,,Mozilla/5.0 (Windows NT 5.1; rv:11.0) Gecko Firefox/11.0 (via ggpht.com GoogleImageProxy)
148560689,2024-09-06T03:09:52.251Z,Derek.uy@gmail.com,newsletter,everyone,true,US,,,,,,Mozilla/5.0 (Windows NT 5.1; rv:11.0) Gecko Firefox/11.0 (via ggpht.com GoogleImageProxy)
148560689,2024-09-06T03:12:05.420Z,ptantchev@gmail.com,newsletter,everyone,false,US,,,,,,Mozilla/5.0
148560689,2024-09-06T03:24:30.836Z,Eofloisand1@gmail.com,newsletter,everyone,true,US,,,,,,Mozilla/5.0 (Windows NT 5.1; rv:11.0) Gecko Firefox/11.0 (via ggpht.com GoogleImageProxy)
148560689,2024-09-06T03:40:55.023Z,ptantchev@gmail.com,newsletter,everyone,false,US,,,,,,Mozilla/5.0 (Windows NT 5.1; rv:11.0) Gecko Firefox/11.0 (via ggpht.com GoogleImageProxy)
148560689,2024-09-06T03:40:55.924Z,ptantchev@gmail.com,newsletter,everyone,false,US,,,,,,Mozilla/5.0 (Windows NT 5.1; rv:11.0) Gecko Firefox/11.0 (via ggpht.com GoogleImageProxy)
148560689,2024-09-06T05:39:05.748Z,aidankenney08@gmail.com,newsletter,everyone,true,US,,,,,,Mozilla/5.0 (Windows NT 5.1; rv:11.0) Gecko Firefox/11.0 (via ggpht.com GoogleImageProxy)
148560689,2024-09-06T05:39:07.594Z,aidankenney08@gmail.com,newsletter,everyone,true,US,,,,,,Mozilla/5.0 (Windows NT 5.1; rv:11.0) Gecko Firefox/11.0 (via ggpht.com GoogleImageProxy)
148560689,2024-09-06T06:01:00.132Z,derekuy@ucsb.edu,newsletter,everyone,true,US,,,,,,Mozilla/5.0 (Windows NT 5.1; rv:11.0) Gecko Firefox/11.0 (via ggpht.com GoogleImageProxy)
148560689,2024-09-06T06:25:17.155Z,josephekpo@ucsb.edu,newsletter,everyone,true,US,,,,,,Mozilla/5.0
148560689,2024-09-06T07:10:44.131Z,derekuy@ucsb.edu,newsletter,everyone,true,US,,,,,,Mozilla/5.0 (Windows NT 5.1; rv:11.0) Gecko Firefox/11.0 (via ggpht.com GoogleImageProxy)
148560689,2024-09-06T08:51:19.216Z,Eofloisand1@gmail.com,newsletter,everyone,true,US,,,,,,Mozilla/5.0 (Windows NT 5.1; rv:11.0) Gecko Firefox/11.0 (via ggpht.com GoogleImageProxy)
148560689,2024-09-06T08:51:28.747Z,Eofloisand1@gmail.com,newsletter,everyone,true,US,,,,,,Mozilla/5.0 (Windows NT 5.1; rv:11.0) Gecko Firefox/11.0 (via ggpht.com GoogleImageProxy)
148560689,2024-09-06T09:10:29.876Z,seanand113@gmail.com,newsletter,everyone,true,US,,,,,,Mozilla/5.0
148560689,2024-09-06T15:15:36.860Z,katherinemansfield13@gmail.com,newsletter,everyone,true,US,,,,,,Mozilla/5.0 (Windows NT 5.1; rv:11.0) Gecko Firefox/11.0 (via ggpht.com GoogleImageProxy)
148560689,2024-09-06T15:47:58.483Z,katherinemansfield13@gmail.com,newsletter,everyone,true,US,,,,,,Mozilla/5.0
148560689,2024-09-06T18:13:02.815Z,griffin.szymoniak@gmail.com,newsletter,everyone,true,US,,,,,,Mozilla/5.0 (Windows NT 5.1; rv:11.0) Gecko Firefox/11.0 (via ggpht.com GoogleImageProxy)
148560689,2024-09-06T18:14:01.918Z,Derek.uy@gmail.com,newsletter,everyone,true,NL,,,,,,Mozilla/5.0
148560689,2024-09-06T18:57:46.944Z,aidankenney08@gmail.com,newsletter,everyone,true,US,,,,,,Mozilla/5.0 (Windows NT 5.1; rv:11.0) Gecko Firefox/11.0 (via ggpht.com GoogleImageProxy)
148560689,2024-09-06T21:26:05.348Z,Derek.uy@gmail.com,newsletter,everyone,true,US,,,,,,Mozilla/5.0 (Windows NT 5.1; rv:11.0) Gecko Firefox/11.0 (via ggpht.com GoogleImageProxy)
148560689,2024-09-06T21:55:59.653Z,olafjkuiper@gmail.com,newsletter,everyone,true,US,,,,,,Mozilla/5.0
148560689,2024-09-06T23:28:32.823Z,griffin.szymoniak@gmail.com,newsletter,everyone,true,US,,,,,,Mozilla/5.0 (Windows NT 5.1; rv:11.0) Gecko Firefox/11.0 (via ggpht.com GoogleImageProxy)
148560689,2024-09-06T23:30:54.276Z,griffin.szymoniak@gmail.com,newsletter,everyone,true,US,,,,,,Mozilla/5.0
148560689,2024-09-06T23:31:10.726Z,henryw.2118@gmail.com,newsletter,everyone,true,US,,,,,,Mozilla/5.0
148560689,2024-09-07T11:31:03.431Z,seanand113@gmail.com,newsletter,everyone,true,US,,,,,,Mozilla/5.0
148560689,2024-09-08T09:37:48.518Z,seanand113@gmail.com,newsletter,everyone,true,US,,,,,,Mozilla/5.0
148560689,2024-09-09T02:06:48.411Z,hayeswu@icloud.com,newsletter,everyone,true,US,,,,,,Mozilla/5.0
148560689,2024-09-09T05:23:51.628Z,aidankenney08@gmail.com,newsletter,everyone,true,US,,,,,,Mozilla/5.0 (Windows NT 5.1; rv:11.0) Gecko Firefox/11.0 (via ggpht.com GoogleImageProxy)
148560689,2024-09-09T11:54:06.283Z,seanand113@gmail.com,newsletter,everyone,true,US,,,,,,Mozilla/5.0
148560689,2024-09-10T12:26:39.512Z,seanand113@gmail.com,newsletter,everyone,true,US,,,,,,Mozilla/5.0
148560689,2024-09-11T05:56:01.430Z,henryw.2118@gmail.com,newsletter,everyone,true,US,,,,,,Mozilla/5.0
148560689,2024-09-11T11:25:39.698Z,seanand113@gmail.com,newsletter,everyone,true,US,,,,,,Mozilla/5.0
148560689,2024-09-11T23:56:20.566Z,Derek.uy@gmail.com,newsletter,everyone,true,US,,,,,,Mozilla/5.0 (Windows NT 5.1; rv:11.0) Gecko Firefox/11.0 (via ggpht.com GoogleImageProxy)
148560689,2024-09-12T01:26:09.420Z,aidankenney08@gmail.com,newsletter,everyone,true,US,,,,,,Mozilla/5.0
148560689,2024-09-12T13:23:28.964Z,seanand113@gmail.com,newsletter,everyone,true,US,,,,,,Mozilla/5.0
148560689,2024-09-16T20:19:46.737Z,hayeswu@icloud.com,newsletter,everyone,true,US,,,,,,Mozilla/5.0
148560689,2024-09-19T10:47:38.428Z,seanand113@gmail.com,newsletter,everyone,true,US,,,,,,Mozilla/5.0
148560689,2024-09-20T09:46:05.251Z,seanand113@gmail.com,newsletter,everyone,true,US,,,,,,Mozilla/5.0
148560689,2024-09-21T15:42:05.573Z,seanand113@gmail.com,newsletter,everyone,true,US,,,,,,Mozilla/5.0
148560689,2024-09-23T18:49:04.623Z,scumler19@gmail.com,newsletter,everyone,true,US,,,,,,Mozilla/5.0 (Windows NT 5.1; rv:11.0) Gecko Firefox/11.0 (via ggpht.com GoogleImageProxy)
148560689,2024-09-24T11:54:28.195Z,seanand113@gmail.com,newsletter,everyone,true,US,,,,,,Mozilla/5.0
148560689,2024-09-30T18:25:28.881Z,griffin.szymoniak@gmail.com,newsletter,everyone,true,US,,,,,,Mozilla/5.0
148560689,2024-10-01T11:34:59.450Z,seanand113@gmail.com,newsletter,everyone,true,US,,,,,,Mozilla/5.0
148560689,2024-10-01T22:36:37.447Z,jamespwilson14@gmail.com,newsletter,everyone,true,US,,,,,,Mozilla/5.0
