post_id,timestamp,email,post_type,post_audience,active_subscription
148772505,2024-09-11T15:51:32.205Z,ptantchev@gmail.com,newsletter,everyone,false
148772505,2024-09-11T15:51:34.109Z,katherinemansfield13@gmail.com,newsletter,everyone,true
148772505,2024-09-11T15:51:34.121Z,Derek.uy@gmail.com,newsletter,everyone,true
148772505,2024-09-11T15:51:34.765Z,seanand113@gmail.com,newsletter,everyone,true
148772505,2024-09-11T15:51:34.820Z,seansantos3000@gmail.com,newsletter,everyone,true
148772505,2024-09-11T15:51:35.806Z,btantchev@yahoo.com,newsletter,everyone,true
148772505,2024-09-11T15:51:35.915Z,griffin.szymoniak@gmail.com,newsletter,everyone,true
148772505,2024-09-11T15:51:35.953Z,henryw.2118@gmail.com,newsletter,everyone,true
148772505,2024-09-11T15:51:36.046Z,aidankenney08@gmail.com,newsletter,everyone,true
148772505,2024-09-11T15:51:36.060Z,scumler19@gmail.com,newsletter,everyone,true
148772505,2024-09-11T15:51:36.083Z,jamespwilson14@gmail.com,newsletter,everyone,true
148772505,2024-09-11T15:51:36.156Z,Eofloisand1@gmail.com,newsletter,everyone,true
148772505,2024-09-11T15:51:36.179Z,olafjkuiper@gmail.com,newsletter,everyone,true
148772505,2024-09-11T15:51:36.280Z,josephekpo@ucsb.edu,newsletter,everyone,true
148772505,2024-09-11T15:51:36.315Z,derekuy@ucsb.edu,newsletter,everyone,true
148772505,2024-09-11T15:51:36.344Z,willthomas127@gmail.com,newsletter,everyone,true
148772505,2024-09-11T15:51:36.568Z,faigorjaihometv@gmail.com,newsletter,everyone,true
148772505,2024-09-11T15:51:40.102Z,hayeswu@icloud.com,newsletter,everyone,true
