post_id,timestamp,email,post_type,post_audience,active_subscription,country,city,region,device_type,client_os,client_type,user_agent
148772505,2024-09-11T15:51:51.705Z,griffin.szymoniak@gmail.com,newsletter,everyone,true,US,,,,,,Mozilla/5.0 (Windows NT 5.1; rv:11.0) Gecko Firefox/11.0 (via ggpht.com GoogleImageProxy)
148772505,2024-09-11T15:55:47.778Z,Eofloisand1@gmail.com,newsletter,everyone,true,US,,,,,,Mozilla/5.0 (Windows NT 5.1; rv:11.0) Gecko Firefox/11.0 (via ggpht.com GoogleImageProxy)
148772505,2024-09-11T15:56:55.679Z,derekuy@ucsb.edu,newsletter,everyone,true,US,,,,,,Mozilla/5.0 (Windows NT 5.1; rv:11.0) Gecko Firefox/11.0 (via ggpht.com GoogleImageProxy)
148772505,2024-09-11T15:58:07.292Z,josephekpo@ucsb.edu,newsletter,everyone,true,US,,,,,,Mozilla/5.0 (Windows NT 5.1; rv:11.0) Gecko Firefox/11.0 (via ggpht.com GoogleImageProxy)
148772505,2024-09-11T16:17:20.263Z,Derek.uy@gmail.com,newsletter,everyone,true,US,,,,,,Mozilla/5.0
148772505,2024-09-11T16:55:27.075Z,Derek.uy@gmail.com,newsletter,everyone,true,US,,,,,,Mozilla/5.0 (Windows NT 5.1; rv:11.0) Gecko Firefox/11.0 (via ggpht.com GoogleImageProxy)
148772505,2024-09-11T18:36:40.758Z,derekuy@ucsb.edu,newsletter,everyone,true,US,,,,,,Mozilla/5.0 (Windows NT 5.1; rv:11.0) Gecko Firefox/11.0 (via ggpht.com GoogleImageProxy)
148772505,2024-09-11T19:20:28.964Z,willthomas127@gmail.com,newsletter,everyone,true,US,,,,,,Mozilla/5.0 (Windows NT 5.1; rv:11.0) Gecko Firefox/11.0 (via ggpht.com GoogleImageProxy)
148772505,2024-09-11T19:28:31.605Z,Eofloisand1@gmail.com,newsletter,everyone,true,US,,,,,,Mozilla/5.0 (Windows NT 5.1; rv:11.0) Gecko Firefox/11.0 (via ggpht.com GoogleImageProxy)
148772505,2024-09-11T19:36:34.244Z,griffin.szymoniak@gmail.com,newsletter,everyone,true,US,,,,,,Mozilla/5.0 (Windows NT 5.1; rv:11.0) Gecko Firefox/11.0 (via ggpht.com GoogleImageProxy)
148772505,2024-09-11T19:48:27.130Z,olafjkuiper@gmail.com,newsletter,everyone,true,US,,,,,,Mozilla/5.0
148772505,2024-09-11T20:17:48.328Z,henryw.2118@gmail.com,newsletter,everyone,true,US,,,,,,Mozilla/5.0
148772505,2024-09-11T21:53:37.844Z,katherinemansfield13@gmail.com,newsletter,everyone,true,US,,,,,,Mozilla/5.0 (Windows NT 5.1; rv:11.0) Gecko Firefox/11.0 (via ggpht.com GoogleImageProxy)
148772505,2024-09-11T22:14:01.500Z,henryw.2118@gmail.com,newsletter,everyone,true,US,,,,,,Mozilla/5.0 (Windows NT 5.1; rv:11.0) Gecko Firefox/11.0 (via ggpht.com GoogleImageProxy)
148772505,2024-09-11T22:16:20.426Z,willthomas127@gmail.com,newsletter,everyone,true,US,,,,,,Mozilla/5.0 (Windows NT 5.1; rv:11.0) Gecko Firefox/11.0 (via ggpht.com GoogleImageProxy)
148772505,2024-09-11T22:54:56.983Z,griffin.szymoniak@gmail.com,newsletter,everyone,true,US,,,,,,Mozilla/5.0
148772505,2024-09-11T23:09:48.822Z,aidankenney08@gmail.com,newsletter,everyone,true,US,,,,,,Mozilla/5.0 (Windows NT 5.1; rv:11.0) Gecko Firefox/11.0 (via ggpht.com GoogleImageProxy)
148772505,2024-09-11T23:37:58.153Z,aidankenney08@gmail.com,newsletter,everyone,true,US,,,,,,Mozilla/5.0 (Windows NT 5.1; rv:11.0) Gecko Firefox/11.0 (via ggpht.com GoogleImageProxy)
148772505,2024-09-11T23:55:15.350Z,Derek.uy@gmail.com,newsletter,everyone,true,US,,,,,,Mozilla/5.0 (Windows NT 5.1; rv:11.0) Gecko Firefox/11.0 (via ggpht.com GoogleImageProxy)
148772505,2024-09-12T03:46:36.491Z,willthomas127@gmail.com,newsletter,everyone,true,US,,,,,,Mozilla/5.0 (Windows NT 5.1; rv:11.0) Gecko Firefox/11.0 (via ggpht.com GoogleImageProxy)
148772505,2024-09-12T05:01:56.171Z,ptantchev@gmail.com,newsletter,everyone,false,NL,,,,,,Mozilla/5.0
148772505,2024-09-12T07:47:42.008Z,katherinemansfield13@gmail.com,newsletter,everyone,true,US,,,,,,Mozilla/5.0
148772505,2024-09-12T09:54:18.636Z,seanand113@gmail.com,newsletter,everyone,true,US,,,,,,Mozilla/5.0
148772505,2024-09-12T16:45:41.877Z,aidankenney08@gmail.com,newsletter,everyone,true,US,,,,,,Mozilla/5.0 (Windows NT 5.1; rv:11.0) Gecko Firefox/11.0 (via ggpht.com GoogleImageProxy)
148772505,2024-09-12T19:02:53.631Z,aidankenney08@gmail.com,newsletter,everyone,true,US,,,,,,Mozilla/5.0
148772505,2024-09-13T04:10:36.030Z,hayeswu@icloud.com,newsletter,everyone,true,US,,,,,,Mozilla/5.0
148772505,2024-09-15T00:04:55.241Z,josephekpo@ucsb.edu,newsletter,everyone,true,US,,,,,,Mozilla/5.0
148772505,2024-09-16T20:50:13.685Z,hayeswu@icloud.com,newsletter,everyone,true,US,,,,,,Mozilla/5.0
148772505,2024-09-17T13:55:39.835Z,seanand113@gmail.com,newsletter,everyone,true,US,,,,,,Mozilla/5.0
148772505,2024-09-18T11:45:45.335Z,Eofloisand1@gmail.com,newsletter,everyone,true,US,,,,,,Mozilla/5.0 (Windows NT 5.1; rv:11.0) Gecko Firefox/11.0 (via ggpht.com GoogleImageProxy)
148772505,2024-09-20T08:47:29.926Z,seanand113@gmail.com,newsletter,everyone,true,US,,,,,,Mozilla/5.0
148772505,2024-09-21T15:08:34.007Z,seanand113@gmail.com,newsletter,everyone,true,US,,,,,,Mozilla/5.0
148772505,2024-09-23T18:49:04.185Z,scumler19@gmail.com,newsletter,everyone,true,US,,,,,,Mozilla/5.0 (Windows NT 5.1; rv:11.0) Gecko Firefox/11.0 (via ggpht.com GoogleImageProxy)
148772505,2024-09-24T11:25:28.040Z,seanand113@gmail.com,newsletter,everyone,true,US,,,,,,Mozilla/5.0
148772505,2024-09-25T03:01:55.033Z,seanand113@gmail.com,newsletter,everyone,true,US,,,,,,Mozilla/5.0
148772505,2024-09-30T18:30:16.601Z,griffin.szymoniak@gmail.com,newsletter,everyone,true,US,,,,,,Mozilla/5.0
148772505,2024-10-01T11:10:03.130Z,seanand113@gmail.com,newsletter,everyone,true,US,,,,,,Mozilla/5.0
148772505,2024-10-01T11:10:07.491Z,seanand113@gmail.com,newsletter,everyone,true,US,,,,,,Mozilla/5.0
148772505,2024-10-01T23:10:46.171Z,jamespwilson14@gmail.com,newsletter,everyone,true,US,,,,,,Mozilla/5.0
148772505,2024-10-07T12:22:51.330Z,seanand113@gmail.com,newsletter,everyone,true,US,,,,,,Mozilla/5.0
