post_id,timestamp,email,post_type,post_audience,active_subscription
149063525,2024-09-18T16:40:15.056Z,ptantchev@gmail.com,newsletter,everyone,false
149063525,2024-09-18T16:40:16.255Z,Derek.uy@gmail.com,newsletter,everyone,true
149063525,2024-09-18T16:40:16.553Z,katherinemansfield13@gmail.com,newsletter,everyone,true
149063525,2024-09-18T16:40:16.572Z,seanand113@gmail.com,newsletter,everyone,true
149063525,2024-09-18T16:40:16.580Z,seansantos3000@gmail.com,newsletter,everyone,true
149063525,2024-09-18T16:40:16.775Z,griffin.szymoniak@gmail.com,newsletter,everyone,true
149063525,2024-09-18T16:40:16.867Z,henryw.2118@gmail.com,newsletter,everyone,true
149063525,2024-09-18T16:40:16.914Z,faigorjaihometv@gmail.com,newsletter,everyone,true
149063525,2024-09-18T16:40:17.318Z,derekuy@ucsb.edu,newsletter,everyone,true
149063525,2024-09-18T16:40:17.449Z,btantchev@yahoo.com,newsletter,everyone,true
149063525,2024-09-18T16:40:17.454Z,olafjkuiper@gmail.com,newsletter,everyone,true
149063525,2024-09-18T16:40:17.561Z,josephekpo@ucsb.edu,newsletter,everyone,true
149063525,2024-09-18T16:40:17.658Z,scumler19@gmail.com,newsletter,everyone,true
149063525,2024-09-18T16:40:17.674Z,Eofloisand1@gmail.com,newsletter,everyone,true
149063525,2024-09-18T16:40:17.742Z,aidankenney08@gmail.com,newsletter,everyone,true
149063525,2024-09-18T16:40:17.833Z,willthomas127@gmail.com,newsletter,everyone,true
149063525,2024-09-18T16:40:17.834Z,jamespwilson14@gmail.com,newsletter,everyone,true
149063525,2024-09-18T16:40:21.198Z,hayeswu@icloud.com,newsletter,everyone,true
