post_id,timestamp,email,post_type,post_audience,active_subscription,country,city,region,device_type,client_os,client_type,user_agent
149063525,2024-09-18T16:41:02.440Z,Eofloisand1@gmail.com,newsletter,everyone,true,US,,,,,,Mozilla/5.0 (Windows NT 5.1; rv:11.0) Gecko Firefox/11.0 (via ggpht.com GoogleImageProxy)
149063525,2024-09-18T16:41:21.485Z,griffin.szymoniak@gmail.com,newsletter,everyone,true,US,,,,,,Mozilla/5.0 (Windows NT 5.1; rv:11.0) Gecko Firefox/11.0 (via ggpht.com GoogleImageProxy)
149063525,2024-09-18T17:20:28.804Z,henryw.2118@gmail.com,newsletter,everyone,true,US,,,,,,Mozilla/5.0
149063525,2024-09-18T17:28:04.448Z,derekuy@ucsb.edu,newsletter,everyone,true,US,,,,,,Mozilla/5.0 (Windows NT 5.1; rv:11.0) Gecko Firefox/11.0 (via ggpht.com GoogleImageProxy)
149063525,2024-09-18T17:28:21.435Z,derekuy@ucsb.edu,newsletter,everyone,true,US,,,,,,Mozilla/5.0 (Windows NT 5.1; rv:11.0) Gecko Firefox/11.0 (via ggpht.com GoogleImageProxy)
149063525,2024-09-18T17:29:35.463Z,Derek.uy@gmail.com,newsletter,everyone,true,US,,,,,,Mozilla/5.0 (Windows NT 5.1; rv:11.0) Gecko Firefox/11.0 (via ggpht.com GoogleImageProxy)
149063525,2024-09-18T20:49:28.661Z,griffin.szymoniak@gmail.com,newsletter,everyone,true,US,,,,,,Mozilla/5.0 (Windows NT 5.1; rv:11.0) Gecko Firefox/11.0 (via ggpht.com GoogleImageProxy)
149063525,2024-09-18T23:33:11.268Z,seanand113@gmail.com,newsletter,everyone,true,US,,,,,,Mozilla/5.0
149063525,2024-09-19T00:28:16.299Z,katherinemansfield13@gmail.com,newsletter,everyone,true,US,,,,,,Mozilla/5.0 (Windows NT 5.1; rv:11.0) Gecko Firefox/11.0 (via ggpht.com GoogleImageProxy)
149063525,2024-09-19T01:17:56.631Z,willthomas127@gmail.com,newsletter,everyone,true,US,,,,,,Mozilla/5.0 (Windows NT 5.1; rv:11.0) Gecko Firefox/11.0 (via ggpht.com GoogleImageProxy)
149063525,2024-09-19T01:55:15.066Z,katherinemansfield13@gmail.com,newsletter,everyone,true,US,,,,,,Mozilla/5.0
149063525,2024-09-19T05:44:02.004Z,btantchev@yahoo.com,newsletter,everyone,true,US,,,,,,YahooMailProxy; https://help.yahoo.com/kb/yahoo-mail-proxy-SLN28749.html
149063525,2024-09-19T09:16:12.607Z,olafjkuiper@gmail.com,newsletter,everyone,true,US,,,,,,Mozilla/5.0
149063525,2024-09-19T17:44:25.471Z,Derek.uy@gmail.com,newsletter,everyone,true,US,,,,,,Mozilla/5.0
149063525,2024-09-19T23:05:32.700Z,griffin.szymoniak@gmail.com,newsletter,everyone,true,US,,,,,,Mozilla/5.0
149063525,2024-09-20T01:27:25.103Z,josephekpo@ucsb.edu,newsletter,everyone,true,US,,,,,,Mozilla/5.0
149063525,2024-09-20T07:51:46.588Z,seanand113@gmail.com,newsletter,everyone,true,US,,,,,,Mozilla/5.0
149063525,2024-09-20T15:50:28.269Z,hayeswu@icloud.com,newsletter,everyone,true,US,,,,,,Mozilla/5.0
149063525,2024-09-21T08:18:36.041Z,ptantchev@gmail.com,newsletter,everyone,false,US,,,,,,Mozilla/5.0
149063525,2024-09-21T14:00:54.169Z,seanand113@gmail.com,newsletter,everyone,true,US,,,,,,Mozilla/5.0
149063525,2024-09-21T23:48:56.420Z,griffin.szymoniak@gmail.com,newsletter,everyone,true,US,,,,,,Mozilla/5.0 (Windows NT 5.1; rv:11.0) Gecko Firefox/11.0 (via ggpht.com GoogleImageProxy)
149063525,2024-09-22T09:20:45.086Z,seanand113@gmail.com,newsletter,everyone,true,US,,,,,,Mozilla/5.0
149063525,2024-09-22T15:25:43.955Z,seanand113@gmail.com,newsletter,everyone,true,US,,,,,,Mozilla/5.0
149063525,2024-09-24T15:44:31.404Z,seanand113@gmail.com,newsletter,everyone,true,US,,,,,,Mozilla/5.0
149063525,2024-09-26T18:00:13.200Z,aidankenney08@gmail.com,newsletter,everyone,true,US,,,,,,Mozilla/5.0
149063525,2024-09-30T11:50:39.544Z,Eofloisand1@gmail.com,newsletter,everyone,true,US,,,,,,Mozilla/5.0 (Windows NT 5.1; rv:11.0) Gecko Firefox/11.0 (via ggpht.com GoogleImageProxy)
149063525,2024-09-30T19:09:10.390Z,griffin.szymoniak@gmail.com,newsletter,everyone,true,US,,,,,,Mozilla/5.0
149063525,2024-10-01T10:24:05.776Z,seanand113@gmail.com,newsletter,everyone,true,US,,,,,,Mozilla/5.0
149063525,2024-10-01T23:54:55.739Z,jamespwilson14@gmail.com,newsletter,everyone,true,US,,,,,,Mozilla/5.0
149063525,2024-10-03T19:01:28.374Z,hayeswu@icloud.com,newsletter,everyone,true,US,,,,,,Mozilla/5.0
149063525,2024-10-05T17:53:06.535Z,seanand113@gmail.com,newsletter,everyone,true,US,,,,,,Mozilla/5.0
149063525,2024-10-07T11:20:00.576Z,seanand113@gmail.com,newsletter,everyone,true,US,,,,,,Mozilla/5.0
149063525,2024-10-14T14:00:35.546Z,seanand113@gmail.com,newsletter,everyone,true,US,,,,,,Mozilla/5.0
149063525,2024-10-16T12:30:25.563Z,seanand113@gmail.com,newsletter,everyone,true,US,,,,,,Mozilla/5.0
