post_id,timestamp,email,post_type,post_audience,active_subscription
149404645,2024-09-25T16:35:46.682Z,ptantchev@gmail.com,newsletter,everyone,false
149404645,2024-09-25T16:35:49.397Z,seanand113@gmail.com,newsletter,everyone,true
149404645,2024-09-25T16:35:49.547Z,Derek.uy@gmail.com,newsletter,everyone,true
149404645,2024-09-25T16:35:49.629Z,seansantos3000@gmail.com,newsletter,everyone,true
149404645,2024-09-25T16:35:49.790Z,katherinemansfield13@gmail.com,newsletter,everyone,true
149404645,2024-09-25T16:35:50.235Z,btantchev@yahoo.com,newsletter,everyone,true
149404645,2024-09-25T16:35:50.794Z,henryw.2118@gmail.com,newsletter,everyone,true
149404645,2024-09-25T16:35:50.823Z,aidankenney08@gmail.com,newsletter,everyone,true
149404645,2024-09-25T16:35:50.832Z,willthomas127@gmail.com,newsletter,everyone,true
149404645,2024-09-25T16:35:50.832Z,griffin.szymoniak@gmail.com,newsletter,everyone,true
149404645,2024-09-25T16:35:50.834Z,olafjkuiper@gmail.com,newsletter,everyone,true
149404645,2024-09-25T16:35:50.854Z,scumler19@gmail.com,newsletter,everyone,true
149404645,2024-09-25T16:35:50.878Z,jamespwilson14@gmail.com,newsletter,everyone,true
149404645,2024-09-25T16:35:50.935Z,faigorjaihometv@gmail.com,newsletter,everyone,true
149404645,2024-09-25T16:35:50.935Z,derekuy@ucsb.edu,newsletter,everyone,true
149404645,2024-09-25T16:35:51.029Z,Eofloisand1@gmail.com,newsletter,everyone,true
149404645,2024-09-25T16:35:51.115Z,josephekpo@ucsb.edu,newsletter,everyone,true
149404645,2024-09-25T16:35:58.289Z,hayeswu@icloud.com,newsletter,everyone,true
