post_id,timestamp,email,post_type,post_audience,active_subscription,country,city,region,device_type,client_os,client_type,user_agent
149404645,2024-09-25T16:39:39.007Z,Eofloisand1@gmail.com,newsletter,everyone,true,US,,,,,,Mozilla/5.0 (Windows NT 5.1; rv:11.0) Gecko Firefox/11.0 (via ggpht.com GoogleImageProxy)
149404645,2024-09-25T16:40:50.543Z,willthomas127@gmail.com,newsletter,everyone,true,US,,,,,,Mozilla/5.0 (Windows NT 5.1; rv:11.0) Gecko Firefox/11.0 (via ggpht.com GoogleImageProxy)
149404645,2024-09-25T17:16:19.395Z,griffin.szymoniak@gmail.com,newsletter,everyone,true,US,,,,,,Mozilla/5.0 (Windows NT 5.1; rv:11.0) Gecko Firefox/11.0 (via ggpht.com GoogleImageProxy)
149404645,2024-09-25T17:16:21.017Z,griffin.szymoniak@gmail.com,newsletter,everyone,true,US,,,,,,Mozilla/5.0 (Windows NT 5.1; rv:11.0) Gecko Firefox/11.0 (via ggpht.com GoogleImageProxy)
149404645,2024-09-25T17:56:32.310Z,derekuy@ucsb.edu,newsletter,everyone,true,US,,,,,,Mozilla/5.0 (Windows NT 5.1; rv:11.0) Gecko Firefox/11.0 (via ggpht.com GoogleImageProxy)
149404645,2024-09-25T17:56:53.981Z,Derek.uy@gmail.com,newsletter,everyone,true,US,,,,,,Mozilla/5.0 (Windows NT 5.1; rv:11.0) Gecko Firefox/11.0 (via ggpht.com GoogleImageProxy)
149404645,2024-09-25T18:36:51.935Z,henryw.2118@gmail.com,newsletter,everyone,true,US,,,,,,Mozilla/5.0
149404645,2024-09-25T19:51:56.747Z,josephekpo@ucsb.edu,newsletter,everyone,true,US,,,,,,Mozilla/5.0 (Windows NT 5.1; rv:11.0) Gecko Firefox/11.0 (via ggpht.com GoogleImageProxy)
149404645,2024-09-25T20:57:24.776Z,katherinemansfield13@gmail.com,newsletter,everyone,true,US,,,,,,Mozilla/5.0
149404645,2024-09-25T21:05:12.336Z,derekuy@ucsb.edu,newsletter,everyone,true,US,,,,,,Mozilla/5.0 (Windows NT 5.1; rv:11.0) Gecko Firefox/11.0 (via ggpht.com GoogleImageProxy)
149404645,2024-09-25T21:52:48.618Z,hayeswu@icloud.com,newsletter,everyone,true,US,,,,,,Mozilla/5.0
149404645,2024-09-25T22:50:05.020Z,seanand113@gmail.com,newsletter,everyone,true,US,,,,,,Mozilla/5.0
149404645,2024-09-25T23:22:08.287Z,olafjkuiper@gmail.com,newsletter,everyone,true,US,,,,,,Mozilla/5.0
149404645,2024-09-25T23:42:37.435Z,griffin.szymoniak@gmail.com,newsletter,everyone,true,US,,,,,,Mozilla/5.0 (Windows NT 5.1; rv:11.0) Gecko Firefox/11.0 (via ggpht.com GoogleImageProxy)
149404645,2024-09-26T11:25:16.804Z,Derek.uy@gmail.com,newsletter,everyone,true,US,,,,,,Mozilla/5.0
149404645,2024-09-26T16:04:30.329Z,aidankenney08@gmail.com,newsletter,everyone,true,US,,,,,,Mozilla/5.0 (Windows NT 5.1; rv:11.0) Gecko Firefox/11.0 (via ggpht.com GoogleImageProxy)
149404645,2024-09-26T17:04:26.868Z,jamespwilson14@gmail.com,newsletter,everyone,true,US,,,,,,Mozilla/5.0 (Windows NT 5.1; rv:11.0) Gecko Firefox/11.0 (via ggpht.com GoogleImageProxy)
149404645,2024-09-26T17:29:34.738Z,willthomas127@gmail.com,newsletter,everyone,true,US,,,,,,Mozilla/5.0 (Windows NT 5.1; rv:11.0) Gecko Firefox/11.0 (via ggpht.com GoogleImageProxy)
149404645,2024-09-26T18:58:20.642Z,griffin.szymoniak@gmail.com,newsletter,everyone,true,US,,,,,,Mozilla/5.0 (Windows NT 5.1; rv:11.0) Gecko Firefox/11.0 (via ggpht.com GoogleImageProxy)
149404645,2024-09-26T19:13:06.023Z,aidankenney08@gmail.com,newsletter,everyone,true,US,,,,,,Mozilla/5.0
149404645,2024-09-26T19:55:01.712Z,griffin.szymoniak@gmail.com,newsletter,everyone,true,US,,,,,,Mozilla/5.0
149404645,2024-09-26T22:08:50.048Z,henryw.2118@gmail.com,newsletter,everyone,true,US,,,,,,Mozilla/5.0 (Windows NT 5.1; rv:11.0) Gecko Firefox/11.0 (via ggpht.com GoogleImageProxy)
149404645,2024-09-27T07:41:18.651Z,griffin.szymoniak@gmail.com,newsletter,everyone,true,US,,,,,,Mozilla/5.0 (Windows NT 5.1; rv:11.0) Gecko Firefox/11.0 (via ggpht.com GoogleImageProxy)
149404645,2024-09-27T15:33:39.867Z,ptantchev@gmail.com,newsletter,everyone,false,US,,,,,,Mozilla/5.0
149404645,2024-09-30T19:44:57.560Z,griffin.szymoniak@gmail.com,newsletter,everyone,true,US,,,,,,Mozilla/5.0
149404645,2024-10-01T09:50:07.612Z,seanand113@gmail.com,newsletter,everyone,true,US,,,,,,Mozilla/5.0
149404645,2024-10-02T00:23:13.472Z,jamespwilson14@gmail.com,newsletter,everyone,true,US,,,,,,Mozilla/5.0
149404645,2024-10-02T21:35:00.674Z,josephekpo@ucsb.edu,newsletter,everyone,true,US,,,,,,Mozilla/5.0
149404645,2024-10-03T01:44:30.813Z,scumler19@gmail.com,newsletter,everyone,true,US,,,,,,Mozilla/5.0 (Windows NT 5.1; rv:11.0) Gecko Firefox/11.0 (via ggpht.com GoogleImageProxy)
149404645,2024-10-03T19:04:23.517Z,hayeswu@icloud.com,newsletter,everyone,true,US,,,,,,Mozilla/5.0
149404645,2024-10-04T20:29:57.084Z,seanand113@gmail.com,newsletter,everyone,true,US,,,,,,Mozilla/5.0
149404645,2024-10-07T21:42:42.498Z,henryw.2118@gmail.com,newsletter,everyone,true,US,,,,,,Mozilla/5.0
149404645,2024-10-14T13:21:16.083Z,seanand113@gmail.com,newsletter,everyone,true,US,,,,,,Mozilla/5.0
149404645,2024-10-16T11:32:54.665Z,seanand113@gmail.com,newsletter,everyone,true,US,,,,,,Mozilla/5.0
