post_id,timestamp,email,post_type,post_audience,active_subscription,country,city,region,device_type,client_os,client_type,user_agent
149520945,2024-09-28T17:04:36.850Z,willthomas127@gmail.com,newsletter,everyone,true,US,,,,,,Mozilla/5.0 (Windows NT 5.1; rv:11.0) Gecko Firefox/11.0 (via ggpht.com GoogleImageProxy)
149520945,2024-09-28T17:05:02.476Z,scumler19@gmail.com,newsletter,everyone,true,US,,,,,,Mozilla/5.0 (Windows NT 5.1; rv:11.0) Gecko Firefox/11.0 (via ggpht.com GoogleImageProxy)
149520945,2024-09-28T17:17:27.401Z,ptantchev@gmail.com,newsletter,everyone,false,US,,,,,,Mozilla/5.0 (Windows NT 5.1; rv:11.0) Gecko Firefox/11.0 (via ggpht.com GoogleImageProxy)
149520945,2024-09-28T17:36:44.898Z,henryw.2118@gmail.com,newsletter,everyone,true,US,,,,,,Mozilla/5.0
149520945,2024-09-28T18:03:34.056Z,aidankenney08@gmail.com,newsletter,everyone,true,US,,,,,,Mozilla/5.0 (Windows NT 5.1; rv:11.0) Gecko Firefox/11.0 (via ggpht.com GoogleImageProxy)
149520945,2024-09-28T19:32:30.568Z,olafjkuiper@gmail.com,newsletter,everyone,true,US,,,,,,Mozilla/5.0
149520945,2024-09-28T19:49:47.970Z,henryw.2118@gmail.com,newsletter,everyone,true,US,,,,,,Mozilla/5.0 (Windows NT 5.1; rv:11.0) Gecko Firefox/11.0 (via ggpht.com GoogleImageProxy)
149520945,2024-09-28T20:04:00.230Z,derekuy@ucsb.edu,newsletter,everyone,true,US,,,,,,Mozilla/5.0 (Windows NT 5.1; rv:11.0) Gecko Firefox/11.0 (via ggpht.com GoogleImageProxy)
149520945,2024-09-28T20:04:03.737Z,Derek.uy@gmail.com,newsletter,everyone,true,US,,,,,,Mozilla/5.0 (Windows NT 5.1; rv:11.0) Gecko Firefox/11.0 (via ggpht.com GoogleImageProxy)
149520945,2024-09-28T22:36:49.678Z,seansantos3000@gmail.com,newsletter,everyone,true,US,,,,,,Mozilla/5.0 (Windows NT 5.1; rv:11.0) Gecko Firefox/11.0 (via ggpht.com GoogleImageProxy)
149520945,2024-09-29T01:22:01.887Z,aidankenney08@gmail.com,newsletter,everyone,true,US,,,,,,Mozilla/5.0 (Windows NT 5.1; rv:11.0) Gecko Firefox/11.0 (via ggpht.com GoogleImageProxy)
149520945,2024-09-29T03:14:28.873Z,derekuy@ucsb.edu,newsletter,everyone,true,US,,,,,,Mozilla/5.0 (Windows NT 5.1; rv:11.0) Gecko Firefox/11.0 (via ggpht.com GoogleImageProxy)
149520945,2024-09-29T03:32:52.573Z,katherinemansfield13@gmail.com,newsletter,everyone,true,US,,,,,,Mozilla/5.0
149520945,2024-09-29T05:46:12.645Z,griffin.szymoniak@gmail.com,newsletter,everyone,true,US,,,,,,Mozilla/5.0 (Windows NT 5.1; rv:11.0) Gecko Firefox/11.0 (via ggpht.com GoogleImageProxy)
149520945,2024-09-29T06:40:48.010Z,Derek.uy@gmail.com,newsletter,everyone,true,US,,,,,,Mozilla/5.0
149520945,2024-09-29T19:21:28.022Z,derekuy@ucsb.edu,newsletter,everyone,true,US,,,,,,Mozilla/5.0 (Windows NT 5.1; rv:11.0) Gecko Firefox/11.0 (via ggpht.com GoogleImageProxy)
149520945,2024-09-29T21:21:53.927Z,griffin.szymoniak@gmail.com,newsletter,everyone,true,US,,,,,,Mozilla/5.0
149520945,2024-09-29T21:46:01.453Z,derekuy@ucsb.edu,newsletter,everyone,true,US,,,,,,Mozilla/5.0 (Windows NT 5.1; rv:11.0) Gecko Firefox/11.0 (via ggpht.com GoogleImageProxy)
149520945,2024-09-30T03:41:57.520Z,ptantchev@gmail.com,newsletter,everyone,false,US,,,,,,Mozilla/5.0
149520945,2024-09-30T04:38:03.749Z,aidankenney08@gmail.com,newsletter,everyone,true,US,,,,,,Mozilla/5.0
149520945,2024-09-30T07:00:49.949Z,hayeswu@icloud.com,newsletter,everyone,true,US,,,,,,Mozilla/5.0
149520945,2024-09-30T19:46:46.483Z,griffin.szymoniak@gmail.com,newsletter,everyone,true,US,,,,,,Mozilla/5.0
149520945,2024-09-30T19:46:58.896Z,griffin.szymoniak@gmail.com,newsletter,everyone,true,US,,,,,,Mozilla/5.0
149520945,2024-09-30T20:56:27.082Z,jamespwilson14@gmail.com,newsletter,everyone,true,US,,,,,,Mozilla/5.0 (Windows NT 5.1; rv:11.0) Gecko Firefox/11.0 (via ggpht.com GoogleImageProxy)
149520945,2024-10-02T00:23:13.486Z,jamespwilson14@gmail.com,newsletter,everyone,true,US,,,,,,Mozilla/5.0
149520945,2024-10-03T01:44:31.158Z,scumler19@gmail.com,newsletter,everyone,true,US,,,,,,Mozilla/5.0 (Windows NT 5.1; rv:11.0) Gecko Firefox/11.0 (via ggpht.com GoogleImageProxy)
149520945,2024-10-03T18:32:05.324Z,josephekpo@ucsb.edu,newsletter,everyone,true,US,,,,,,Mozilla/5.0
149520945,2024-10-03T19:31:52.490Z,hayeswu@icloud.com,newsletter,everyone,true,US,,,,,,Mozilla/5.0
149520945,2024-10-04T13:30:46.768Z,seanand113@gmail.com,newsletter,everyone,true,US,,,,,,Mozilla/5.0
149520945,2024-10-07T10:32:25.204Z,seanand113@gmail.com,newsletter,everyone,true,US,,,,,,Mozilla/5.0
149520945,2024-10-07T11:05:18.835Z,seanand113@gmail.com,newsletter,everyone,true,US,,,,,,Mozilla/5.0
149520945,2024-10-07T14:59:25.209Z,seanand113@gmail.com,newsletter,everyone,true,US,,,,,,Mozilla/5.0
149520945,2024-10-07T20:58:06.268Z,henryw.2118@gmail.com,newsletter,everyone,true,US,,,,,,Mozilla/5.0
149520945,2024-10-14T12:45:21.087Z,seanand113@gmail.com,newsletter,everyone,true,US,,,,,,Mozilla/5.0
149520945,2024-10-16T11:21:40.343Z,seanand113@gmail.com,newsletter,everyone,true,US,,,,,,Mozilla/5.0
149520945,2024-10-19T11:39:02.273Z,seanand113@gmail.com,newsletter,everyone,true,US,,,,,,Mozilla/5.0
149520945,2024-10-24T12:06:29.003Z,seanand113@gmail.com,newsletter,everyone,true,US,,,,,,Mozilla/5.0
149520945,2024-10-25T09:23:33.921Z,seanand113@gmail.com,newsletter,everyone,true,US,,,,,,Mozilla/5.0
