post_id,timestamp,email,post_type,post_audience,active_subscription
149520945,2024-09-28T17:02:34.252Z,ptantchev@gmail.com,newsletter,everyone,false
149520945,2024-09-28T17:02:35.626Z,btantchev@yahoo.com,newsletter,everyone,true
149520945,2024-09-28T17:02:35.694Z,seansantos3000@gmail.com,newsletter,everyone,true
149520945,2024-09-28T17:02:35.940Z,Derek.uy@gmail.com,newsletter,everyone,true
149520945,2024-09-28T17:02:36.086Z,katherinemansfield13@gmail.com,newsletter,everyone,true
149520945,2024-09-28T17:02:36.139Z,seanand113@gmail.com,newsletter,everyone,true
149520945,2024-09-28T17:02:36.793Z,willthomas127@gmail.com,newsletter,everyone,true
149520945,2024-09-28T17:02:36.809Z,jamespwilson14@gmail.com,newsletter,everyone,true
149520945,2024-09-28T17:02:36.880Z,josephekpo@ucsb.edu,newsletter,everyone,true
149520945,2024-09-28T17:02:36.885Z,Eofloisand1@gmail.com,newsletter,everyone,true
149520945,2024-09-28T17:02:36.890Z,aidankenney08@gmail.com,newsletter,everyone,true
149520945,2024-09-28T17:02:36.917Z,olafjkuiper@gmail.com,newsletter,everyone,true
149520945,2024-09-28T17:02:36.972Z,griffin.szymoniak@gmail.com,newsletter,everyone,true
149520945,2024-09-28T17:02:36.978Z,henryw.2118@gmail.com,newsletter,everyone,true
149520945,2024-09-28T17:02:37.157Z,derekuy@ucsb.edu,newsletter,everyone,true
149520945,2024-09-28T17:02:37.400Z,scumler19@gmail.com,newsletter,everyone,true
149520945,2024-09-28T17:02:37.408Z,faigorjaihometv@gmail.com,newsletter,everyone,true
149520945,2024-09-28T17:02:42.984Z,hayeswu@icloud.com,newsletter,everyone,true
