post_id,timestamp,email,post_type,post_audience,active_subscription,country,city,region,device_type,client_os,client_type,user_agent
149578096,2024-09-29T20:39:50.232Z,scumler19@gmail.com,newsletter,everyone,true,US,,,,,,Mozilla/5.0 (Windows NT 5.1; rv:11.0) Gecko Firefox/11.0 (via ggpht.com GoogleImageProxy)
149578096,2024-09-29T20:39:53.356Z,derekuy@ucsb.edu,newsletter,everyone,true,US,,,,,,Mozilla/5.0 (Windows NT 5.1; rv:11.0) Gecko Firefox/11.0 (via ggpht.com GoogleImageProxy)
149578096,2024-09-29T20:41:15.762Z,henryw.2118@gmail.com,newsletter,everyone,true,US,,,,,,Mozilla/5.0 (Windows NT 5.1; rv:11.0) Gecko Firefox/11.0 (via ggpht.com GoogleImageProxy)
149578096,2024-09-29T20:42:33.681Z,Eofloisand1@gmail.com,newsletter,everyone,true,US,,,,,,Mozilla/5.0 (Windows NT 5.1; rv:11.0) Gecko Firefox/11.0 (via ggpht.com GoogleImageProxy)
149578096,2024-09-29T20:51:09.453Z,derekuy@ucsb.edu,newsletter,everyone,true,US,,,,,,Mozilla/5.0 (Windows NT 5.1; rv:11.0) Gecko Firefox/11.0 (via ggpht.com GoogleImageProxy)
149578096,2024-09-29T20:52:42.409Z,ptantchev@gmail.com,newsletter,everyone,false,US,,,,,,Mozilla/5.0 (Windows NT 5.1; rv:11.0) Gecko Firefox/11.0 (via ggpht.com GoogleImageProxy)
149578096,2024-09-29T20:52:43.984Z,ptantchev@gmail.com,newsletter,everyone,false,US,,,,,,Mozilla/5.0 (Windows NT 5.1; rv:11.0) Gecko Firefox/11.0 (via ggpht.com GoogleImageProxy)
149578096,2024-09-29T20:59:53.556Z,henryw.2118@gmail.com,newsletter,everyone,true,US,,,,,,Mozilla/5.0
149578096,2024-09-29T21:46:01.571Z,derekuy@ucsb.edu,newsletter,everyone,true,US,,,,,,Mozilla/5.0 (Windows NT 5.1; rv:11.0) Gecko Firefox/11.0 (via ggpht.com GoogleImageProxy)
149578096,2024-09-29T21:46:04.615Z,Derek.uy@gmail.com,newsletter,everyone,true,US,,,,,,Mozilla/5.0 (Windows NT 5.1; rv:11.0) Gecko Firefox/11.0 (via ggpht.com GoogleImageProxy)
149578096,2024-09-29T22:10:18.526Z,derekuy@ucsb.edu,newsletter,everyone,true,US,,,,,,Mozilla/5.0 (Windows NT 5.1; rv:11.0) Gecko Firefox/11.0 (via ggpht.com GoogleImageProxy)
149578096,2024-09-29T23:38:13.464Z,olafjkuiper@gmail.com,newsletter,everyone,true,US,,,,,,Mozilla/5.0
149578096,2024-09-30T00:10:30.952Z,katherinemansfield13@gmail.com,newsletter,everyone,true,US,,,,,,Mozilla/5.0
149578096,2024-09-30T00:31:57.029Z,Derek.uy@gmail.com,newsletter,everyone,true,US,,,,,,Mozilla/5.0
149578096,2024-09-30T07:00:49.948Z,hayeswu@icloud.com,newsletter,everyone,true,US,,,,,,Mozilla/5.0
149578096,2024-09-30T07:14:53.592Z,griffin.szymoniak@gmail.com,newsletter,everyone,true,US,,,,,,Mozilla/5.0
149578096,2024-09-30T19:46:46.484Z,griffin.szymoniak@gmail.com,newsletter,everyone,true,US,,,,,,Mozilla/5.0
149578096,2024-09-30T19:46:58.898Z,griffin.szymoniak@gmail.com,newsletter,everyone,true,US,,,,,,Mozilla/5.0
149578096,2024-10-01T01:13:35.306Z,aidankenney08@gmail.com,newsletter,everyone,true,US,,,,,,Mozilla/5.0
149578096,2024-10-01T06:31:47.347Z,ptantchev@gmail.com,newsletter,everyone,false,US,,,,,,Mozilla/5.0
149578096,2024-10-01T09:31:02.944Z,seanand113@gmail.com,newsletter,everyone,true,US,,,,,,Mozilla/5.0
149578096,2024-10-02T00:56:44.656Z,jamespwilson14@gmail.com,newsletter,everyone,true,US,,,,,,Mozilla/5.0
149578096,2024-10-02T19:08:12.129Z,henryw.2118@gmail.com,newsletter,everyone,true,US,,,,,,Mozilla/5.0
149578096,2024-10-03T18:32:05.325Z,josephekpo@ucsb.edu,newsletter,everyone,true,US,,,,,,Mozilla/5.0
149578096,2024-10-03T19:31:52.490Z,hayeswu@icloud.com,newsletter,everyone,true,US,,,,,,Mozilla/5.0
149578096,2024-10-04T13:30:46.767Z,seanand113@gmail.com,newsletter,everyone,true,US,,,,,,Mozilla/5.0
149578096,2024-10-07T10:32:25.202Z,seanand113@gmail.com,newsletter,everyone,true,US,,,,,,Mozilla/5.0
149578096,2024-10-07T10:42:58.854Z,seanand113@gmail.com,newsletter,everyone,true,US,,,,,,Mozilla/5.0
149578096,2024-10-07T14:59:25.207Z,seanand113@gmail.com,newsletter,everyone,true,US,,,,,,Mozilla/5.0
149578096,2024-10-14T12:45:21.085Z,seanand113@gmail.com,newsletter,everyone,true,US,,,,,,Mozilla/5.0
149578096,2024-10-16T11:08:55.601Z,seanand113@gmail.com,newsletter,everyone,true,US,,,,,,Mozilla/5.0
149578096,2024-10-19T11:39:02.271Z,seanand113@gmail.com,newsletter,everyone,true,US,,,,,,Mozilla/5.0
149578096,2024-10-24T12:06:29.001Z,seanand113@gmail.com,newsletter,everyone,true,US,,,,,,Mozilla/5.0
149578096,2024-10-25T09:08:39.398Z,seanand113@gmail.com,newsletter,everyone,true,US,,,,,,Mozilla/5.0
