post_id,timestamp,email,post_type,post_audience,active_subscription
149578096,2024-09-29T20:39:06.445Z,ptantchev@gmail.com,newsletter,everyone,false
149578096,2024-09-29T20:39:06.979Z,seanand113@gmail.com,newsletter,everyone,true
149578096,2024-09-29T20:39:07.128Z,katherinemansfield13@gmail.com,newsletter,everyone,true
149578096,2024-09-29T20:39:07.772Z,Derek.uy@gmail.com,newsletter,everyone,true
149578096,2024-09-29T20:39:07.825Z,seansantos3000@gmail.com,newsletter,everyone,true
149578096,2024-09-29T20:39:08.421Z,griffin.szymoniak@gmail.com,newsletter,everyone,true
149578096,2024-09-29T20:39:08.470Z,olafjkuiper@gmail.com,newsletter,everyone,true
149578096,2024-09-29T20:39:08.480Z,btantchev@yahoo.com,newsletter,everyone,true
149578096,2024-09-29T20:39:08.501Z,scumler19@gmail.com,newsletter,everyone,true
149578096,2024-09-29T20:39:08.532Z,henryw.2118@gmail.com,newsletter,everyone,true
149578096,2024-09-29T20:39:08.568Z,josephekpo@ucsb.edu,newsletter,everyone,true
149578096,2024-09-29T20:39:08.613Z,aidankenney08@gmail.com,newsletter,everyone,true
149578096,2024-09-29T20:39:08.647Z,derekuy@ucsb.edu,newsletter,everyone,true
149578096,2024-09-29T20:39:08.665Z,faigorjaihometv@gmail.com,newsletter,everyone,true
149578096,2024-09-29T20:39:09.179Z,willthomas127@gmail.com,newsletter,everyone,true
149578096,2024-09-29T20:39:09.234Z,jamespwilson14@gmail.com,newsletter,everyone,true
149578096,2024-09-29T20:39:10.078Z,Eofloisand1@gmail.com,newsletter,everyone,true
149578096,2024-09-29T20:39:13.219Z,hayeswu@icloud.com,newsletter,everyone,true
