post_id,timestamp,email,post_type,post_audience,active_subscription,country,city,region,device_type,client_os,client_type,user_agent
149616528,2024-09-30T16:23:29.998Z,Eofloisand1@gmail.com,newsletter,everyone,true,US,,,,,,Mozilla/5.0 (Windows NT 5.1; rv:11.0) Gecko Firefox/11.0 (via ggpht.com GoogleImageProxy)
149616528,2024-09-30T17:02:39.054Z,hayeswu@icloud.com,newsletter,everyone,true,US,,,,,,Mozilla/5.0
149616528,2024-09-30T17:06:18.389Z,Derek.uy@gmail.com,newsletter,everyone,true,US,,,,,,Mozilla/5.0 (Windows NT 5.1; rv:11.0) Gecko Firefox/11.0 (via ggpht.com GoogleImageProxy)
149616528,2024-09-30T17:06:23.767Z,derekuy@ucsb.edu,newsletter,everyone,true,US,,,,,,Mozilla/5.0 (Windows NT 5.1; rv:11.0) Gecko Firefox/11.0 (via ggpht.com GoogleImageProxy)
149616528,2024-09-30T17:09:41.675Z,derekuy@ucsb.edu,newsletter,everyone,true,US,,,,,,Mozilla/5.0 (Windows NT 5.1; rv:11.0) Gecko Firefox/11.0 (via ggpht.com GoogleImageProxy)
149616528,2024-09-30T19:46:50.019Z,griffin.szymoniak@gmail.com,newsletter,everyone,true,US,,,,,,Mozilla/5.0
149616528,2024-09-30T19:46:58.898Z,griffin.szymoniak@gmail.com,newsletter,everyone,true,US,,,,,,Mozilla/5.0
149616528,2024-09-30T21:13:23.707Z,henryw.2118@gmail.com,newsletter,everyone,true,US,,,,,,Mozilla/5.0
149616528,2024-09-30T22:05:39.528Z,Derek.uy@gmail.com,newsletter,everyone,true,US,,,,,,Mozilla/5.0
149616528,2024-09-30T23:53:14.337Z,olafjkuiper@gmail.com,newsletter,everyone,true,US,,,,,,Mozilla/5.0
149616528,2024-10-01T01:13:37.639Z,aidankenney08@gmail.com,newsletter,everyone,true,US,,,,,,Mozilla/5.0
149616528,2024-10-01T01:25:11.009Z,katherinemansfield13@gmail.com,newsletter,everyone,true,US,,,,,,Mozilla/5.0
149616528,2024-10-01T02:09:08.303Z,olafjkuiper@gmail.com,newsletter,everyone,true,US,,,,,,Mozilla/5.0 (Windows NT 5.1; rv:11.0) Gecko Firefox/11.0 (via ggpht.com GoogleImageProxy)
149616528,2024-10-01T06:13:27.964Z,griffin.szymoniak@gmail.com,newsletter,everyone,true,US,,,,,,Mozilla/5.0
149616528,2024-10-01T06:55:42.040Z,seanand113@gmail.com,newsletter,everyone,true,US,,,,,,Mozilla/5.0
149616528,2024-10-01T07:12:52.335Z,Derek.uy@gmail.com,newsletter,everyone,true,US,,,,,,Mozilla/5.0
149616528,2024-10-02T00:56:44.657Z,jamespwilson14@gmail.com,newsletter,everyone,true,US,,,,,,Mozilla/5.0
149616528,2024-10-02T03:04:45.330Z,ptantchev@gmail.com,newsletter,everyone,false,US,,,,,,Mozilla/5.0
149616528,2024-10-04T06:07:31.662Z,josephekpo@ucsb.edu,newsletter,everyone,true,US,,,,,,Mozilla/5.0
149616528,2024-10-04T13:15:59.937Z,seanand113@gmail.com,newsletter,everyone,true,US,,,,,,Mozilla/5.0
149616528,2024-10-07T10:32:25.200Z,seanand113@gmail.com,newsletter,everyone,true,US,,,,,,Mozilla/5.0
149616528,2024-10-07T10:42:58.852Z,seanand113@gmail.com,newsletter,everyone,true,US,,,,,,Mozilla/5.0
149616528,2024-10-07T14:46:32.808Z,seanand113@gmail.com,newsletter,everyone,true,US,,,,,,Mozilla/5.0
149616528,2024-10-07T20:58:06.267Z,henryw.2118@gmail.com,newsletter,everyone,true,US,,,,,,Mozilla/5.0
149616528,2024-10-14T12:45:21.084Z,seanand113@gmail.com,newsletter,everyone,true,US,,,,,,Mozilla/5.0
149616528,2024-10-16T10:00:33.938Z,seanand113@gmail.com,newsletter,everyone,true,US,,,,,,Mozilla/5.0
149616528,2024-10-19T11:39:02.270Z,seanand113@gmail.com,newsletter,everyone,true,US,,,,,,Mozilla/5.0
149616528,2024-10-24T11:48:06.280Z,seanand113@gmail.com,newsletter,everyone,true,US,,,,,,Mozilla/5.0
149616528,2024-10-25T09:08:39.397Z,seanand113@gmail.com,newsletter,everyone,true,US,,,,,,Mozilla/5.0
