post_id,timestamp,email,post_type,post_audience,active_subscription
149616528,2024-09-30T16:18:44.768Z,ptantchev@gmail.com,newsletter,everyone,false
149616528,2024-09-30T16:18:47.455Z,willthomas127@gmail.com,newsletter,everyone,true
149616528,2024-09-30T16:18:47.471Z,olafjkuiper@gmail.com,newsletter,everyone,true
149616528,2024-09-30T16:18:47.503Z,griffin.szymoniak@gmail.com,newsletter,everyone,true
149616528,2024-09-30T16:18:47.531Z,jamespwilson14@gmail.com,newsletter,everyone,true
149616528,2024-09-30T16:18:47.577Z,faigorjaihometv@gmail.com,newsletter,everyone,true
149616528,2024-09-30T16:18:47.633Z,josephekpo@ucsb.edu,newsletter,everyone,true
149616528,2024-09-30T16:18:47.654Z,scumler19@gmail.com,newsletter,everyone,true
149616528,2024-09-30T16:18:47.675Z,Eofloisand1@gmail.com,newsletter,everyone,true
149616528,2024-09-30T16:18:47.733Z,aidankenney08@gmail.com,newsletter,everyone,true
149616528,2024-09-30T16:18:47.900Z,henryw.2118@gmail.com,newsletter,everyone,true
149616528,2024-09-30T16:18:48.779Z,derekuy@ucsb.edu,newsletter,everyone,true
149616528,2024-09-30T16:18:49.491Z,katherinemansfield13@gmail.com,newsletter,everyone,true
149616528,2024-09-30T16:18:49.503Z,Derek.uy@gmail.com,newsletter,everyone,true
149616528,2024-09-30T16:18:50.160Z,seanand113@gmail.com,newsletter,everyone,true
149616528,2024-09-30T16:18:50.318Z,seansantos3000@gmail.com,newsletter,everyone,true
149616528,2024-09-30T16:18:51.139Z,btantchev@yahoo.com,newsletter,everyone,true
149616528,2024-09-30T16:18:51.808Z,hayeswu@icloud.com,newsletter,everyone,true
