post_id,timestamp,email,post_type,post_audience,active_subscription
149812881,2024-10-04T16:08:54.769Z,ptantchev@gmail.com,newsletter,everyone,false
149812881,2024-10-04T16:08:55.417Z,seansantos3000@gmail.com,newsletter,everyone,true
149812881,2024-10-04T16:08:55.418Z,Derek.uy@gmail.com,newsletter,everyone,true
149812881,2024-10-04T16:08:55.445Z,seanand113@gmail.com,newsletter,everyone,true
149812881,2024-10-04T16:08:56.671Z,griffin.szymoniak@gmail.com,newsletter,everyone,true
149812881,2024-10-04T16:08:56.688Z,olafjkuiper@gmail.com,newsletter,everyone,true
149812881,2024-10-04T16:08:56.744Z,btantchev@yahoo.com,newsletter,everyone,true
149812881,2024-10-04T16:08:56.762Z,scumler19@gmail.com,newsletter,everyone,true
149812881,2024-10-04T16:08:56.811Z,jamespwilson14@gmail.com,newsletter,everyone,true
149812881,2024-10-04T16:08:56.997Z,josephekpo@ucsb.edu,newsletter,everyone,true
149812881,2024-10-04T16:08:56.998Z,aidankenney08@gmail.com,newsletter,everyone,true
149812881,2024-10-04T16:08:57.015Z,Eofloisand1@gmail.com,newsletter,everyone,true
149812881,2024-10-04T16:08:57.115Z,willthomas127@gmail.com,newsletter,everyone,true
149812881,2024-10-04T16:08:57.289Z,henryw.2118@gmail.com,newsletter,everyone,true
149812881,2024-10-04T16:08:57.528Z,faigorjaihometv@gmail.com,newsletter,everyone,true
149812881,2024-10-04T16:08:57.995Z,derekuy@ucsb.edu,newsletter,everyone,true
149812881,2024-10-04T16:09:05.031Z,katherinemansfield13@gmail.com,newsletter,everyone,true
149812881,2024-10-04T16:09:12.654Z,hayeswu@icloud.com,newsletter,everyone,true
