post_id,timestamp,email,post_type,post_audience,active_subscription,country,city,region,device_type,client_os,client_type,user_agent
149886458,2024-10-06T19:04:32.864Z,hayeswu@icloud.com,newsletter,everyone,true,US,,,,,,Mozilla/5.0
149886458,2024-10-06T19:14:30.310Z,katherinemansfield13@gmail.com,newsletter,everyone,true,US,,,,,,Mozilla/5.0
149886458,2024-10-06T19:23:02.477Z,henryw.2118@gmail.com,newsletter,everyone,true,US,,,,,,Mozilla/5.0 (Windows NT 5.1; rv:11.0) Gecko Firefox/11.0 (via ggpht.com GoogleImageProxy)
149886458,2024-10-06T19:30:09.753Z,derekuy@ucsb.edu,newsletter,everyone,true,US,,,,,,Mozilla/5.0 (Windows NT 5.1; rv:11.0) Gecko Firefox/11.0 (via ggpht.com GoogleImageProxy)
149886458,2024-10-06T19:33:53.517Z,Derek.uy@gmail.com,newsletter,everyone,true,US,,,,,,Mozilla/5.0 (Windows NT 5.1; rv:11.0) Gecko Firefox/11.0 (via ggpht.com GoogleImageProxy)
149886458,2024-10-06T19:35:18.003Z,olafjkuiper@gmail.com,newsletter,everyone,true,US,,,,,,Mozilla/5.0
149886458,2024-10-06T23:00:58.805Z,seanand113@gmail.com,newsletter,everyone,true,US,,,,,,Mozilla/5.0
149886458,2024-10-06T23:07:20.136Z,olafjkuiper@gmail.com,newsletter,everyone,true,US,,,,,,Mozilla/5.0 (Windows NT 5.1; rv:11.0) Gecko Firefox/11.0 (via ggpht.com GoogleImageProxy)
149886458,2024-10-07T01:02:04.327Z,aidankenney08@gmail.com,newsletter,everyone,true,US,,,,,,Mozilla/5.0
149886458,2024-10-07T01:32:09.775Z,henryw.2118@gmail.com,newsletter,everyone,true,US,,,,,,Mozilla/5.0
149886458,2024-10-07T03:56:41.294Z,ptantchev@gmail.com,newsletter,everyone,false,US,,,,,,Mozilla/5.0
149886458,2024-10-07T04:20:42.593Z,griffin.szymoniak@gmail.com,newsletter,everyone,true,US,,,,,,Mozilla/5.0
149886458,2024-10-07T05:24:38.298Z,willthomas127@gmail.com,newsletter,everyone,true,US,,,,,,Mozilla/5.0 (Windows NT 5.1; rv:11.0) Gecko Firefox/11.0 (via ggpht.com GoogleImageProxy)
149886458,2024-10-07T06:46:14.730Z,griffin.szymoniak@gmail.com,newsletter,everyone,true,US,,,,,,Mozilla/5.0 (Windows NT 5.1; rv:11.0) Gecko Firefox/11.0 (via ggpht.com GoogleImageProxy)
149886458,2024-10-07T12:38:01.706Z,seanand113@gmail.com,newsletter,everyone,true,US,,,,,,Mozilla/5.0
149886458,2024-10-07T16:15:17.754Z,derekuy@ucsb.edu,newsletter,everyone,true,US,,,,,,Mozilla/5.0 (Windows NT 5.1; rv:11.0) Gecko Firefox/11.0 (via ggpht.com GoogleImageProxy)
149886458,2024-10-07T16:15:17.961Z,derekuy@ucsb.edu,newsletter,everyone,true,US,,,,,,Mozilla/5.0 (Windows NT 5.1; rv:11.0) Gecko Firefox/11.0 (via ggpht.com GoogleImageProxy)
149886458,2024-10-07T16:37:18.189Z,Derek.uy@gmail.com,newsletter,everyone,true,US,,,,,,Mozilla/5.0
149886458,2024-10-07T21:40:51.621Z,seansantos3000@gmail.com,newsletter,everyone,true,US,,,,,,Mozilla/5.0 (Windows NT 5.1; rv:11.0) Gecko Firefox/11.0 (via ggpht.com GoogleImageProxy)
149886458,2024-10-07T21:42:42.499Z,henryw.2118@gmail.com,newsletter,everyone,true,US,,,,,,Mozilla/5.0
149886458,2024-10-07T23:47:14.380Z,seansantos3000@gmail.com,newsletter,everyone,true,US,,,,,,Mozilla/5.0 (Windows NT 5.1; rv:11.0) Gecko Firefox/11.0 (via ggpht.com GoogleImageProxy)
149886458,2024-10-08T00:03:23.178Z,seansantos3000@gmail.com,newsletter,everyone,true,US,,,,,,Mozilla/5.0 (Windows NT 5.1; rv:11.0) Gecko Firefox/11.0 (via ggpht.com GoogleImageProxy)
149886458,2024-10-08T22:06:20.357Z,jamespwilson14@gmail.com,newsletter,everyone,true,US,,,,,,Mozilla/5.0
149886458,2024-10-16T08:10:16.320Z,seanand113@gmail.com,newsletter,everyone,true,US,,,,,,Mozilla/5.0
149886458,2024-10-17T11:51:20.920Z,Eofloisand1@gmail.com,newsletter,everyone,true,US,,,,,,Mozilla/5.0 (Windows NT 5.1; rv:11.0) Gecko Firefox/11.0 (via ggpht.com GoogleImageProxy)
149886458,2024-10-19T05:36:18.928Z,seanand113@gmail.com,newsletter,everyone,true,US,,,,,,Mozilla/5.0
149886458,2024-10-20T09:23:23.154Z,seanand113@gmail.com,newsletter,everyone,true,US,,,,,,Mozilla/5.0
149886458,2024-10-24T11:10:22.312Z,seanand113@gmail.com,newsletter,everyone,true,US,,,,,,Mozilla/5.0
149886458,2024-10-25T08:35:51.385Z,seanand113@gmail.com,newsletter,everyone,true,US,,,,,,Mozilla/5.0
149886458,2024-10-26T21:09:53.572Z,henryw.2118@gmail.com,newsletter,everyone,true,US,,,,,,Mozilla/5.0
149886458,2024-10-28T10:15:30.432Z,seanand113@gmail.com,newsletter,everyone,true,US,,,,,,Mozilla/5.0
149886458,2024-10-28T10:15:38.868Z,seanand113@gmail.com,newsletter,everyone,true,US,,,,,,Mozilla/5.0
149886458,2024-10-30T13:51:17.296Z,seanand113@gmail.com,newsletter,everyone,true,US,,,,,,Mozilla/5.0
149886458,2024-11-05T00:43:31.476Z,griffin.szymoniak@gmail.com,newsletter,everyone,true,US,,,,,,Mozilla/5.0
