post_id,timestamp,email,post_type,post_audience,active_subscription,country,city,region,device_type,client_os,client_type,user_agent
149812881,2024-10-04T16:09:26.655Z,Eofloisand1@gmail.com,newsletter,everyone,true,US,,,,,,Mozilla/5.0 (Windows NT 5.1; rv:11.0) Gecko Firefox/11.0 (via ggpht.com GoogleImageProxy)
149812881,2024-10-04T17:28:53.478Z,derekuy@ucsb.edu,newsletter,everyone,true,US,,,,,,Mozilla/5.0 (Windows NT 5.1; rv:11.0) Gecko Firefox/11.0 (via ggpht.com GoogleImageProxy)
149812881,2024-10-04T18:13:27.902Z,henryw.2118@gmail.com,newsletter,everyone,true,US,,,,,,Mozilla/5.0
149812881,2024-10-04T18:22:35.538Z,aidankenney08@gmail.com,newsletter,everyone,true,US,,,,,,Mozilla/5.0 (Windows NT 5.1; rv:11.0) Gecko Firefox/11.0 (via ggpht.com GoogleImageProxy)
149812881,2024-10-04T18:56:59.434Z,griffin.szymoniak@gmail.com,newsletter,everyone,true,US,,,,,,Mozilla/5.0 (Windows NT 5.1; rv:11.0) Gecko Firefox/11.0 (via ggpht.com GoogleImageProxy)
149812881,2024-10-04T19:21:19.611Z,scumler19@gmail.com,newsletter,everyone,true,US,,,,,,Mozilla/5.0 (Windows NT 5.1; rv:11.0) Gecko Firefox/11.0 (via ggpht.com GoogleImageProxy)
149812881,2024-10-04T20:09:33.289Z,Derek.uy@gmail.com,newsletter,everyone,true,US,,,,,,Mozilla/5.0 (Windows NT 5.1; rv:11.0) Gecko Firefox/11.0 (via ggpht.com GoogleImageProxy)
149812881,2024-10-04T21:01:36.813Z,seanand113@gmail.com,newsletter,everyone,true,US,,,,,,Mozilla/5.0
149812881,2024-10-04T21:50:01.553Z,hayeswu@icloud.com,newsletter,everyone,true,US,,,,,,Mozilla/5.0
149812881,2024-10-04T22:10:22.968Z,olafjkuiper@gmail.com,newsletter,everyone,true,US,,,,,,Mozilla/5.0
149812881,2024-10-05T01:33:24.848Z,griffin.szymoniak@gmail.com,newsletter,everyone,true,US,,,,,,Mozilla/5.0 (Windows NT 5.1; rv:11.0) Gecko Firefox/11.0 (via ggpht.com GoogleImageProxy)
149812881,2024-10-05T03:10:21.372Z,ptantchev@gmail.com,newsletter,everyone,false,US,,,,,,Mozilla/5.0
149812881,2024-10-05T10:45:56.827Z,Derek.uy@gmail.com,newsletter,everyone,true,US,,,,,,Mozilla/5.0
149812881,2024-10-05T18:30:37.253Z,griffin.szymoniak@gmail.com,newsletter,everyone,true,US,,,,,,Mozilla/5.0
149812881,2024-10-05T18:38:54.978Z,katherinemansfield13@gmail.com,newsletter,everyone,true,US,,,,,,Mozilla/5.0
149812881,2024-10-05T21:23:22.584Z,seansantos3000@gmail.com,newsletter,everyone,true,US,,,,,,Mozilla/5.0 (Windows NT 5.1; rv:11.0) Gecko Firefox/11.0 (via ggpht.com GoogleImageProxy)
149812881,2024-10-06T22:53:42.217Z,aidankenney08@gmail.com,newsletter,everyone,true,US,,,,,,Mozilla/5.0
149812881,2024-10-07T08:10:05.154Z,josephekpo@ucsb.edu,newsletter,everyone,true,US,,,,,,Mozilla/5.0
149812881,2024-10-07T12:38:01.707Z,seanand113@gmail.com,newsletter,everyone,true,US,,,,,,Mozilla/5.0
149812881,2024-10-07T21:18:56.624Z,griffin.szymoniak@gmail.com,newsletter,everyone,true,US,,,,,,Mozilla/5.0 (Windows NT 5.1; rv:11.0) Gecko Firefox/11.0 (via ggpht.com GoogleImageProxy)
149812881,2024-10-08T22:06:20.355Z,jamespwilson14@gmail.com,newsletter,everyone,true,US,,,,,,Mozilla/5.0
149812881,2024-10-15T18:29:28.588Z,henryw.2118@gmail.com,newsletter,everyone,true,US,,,,,,Mozilla/5.0
149812881,2024-10-16T08:10:16.321Z,seanand113@gmail.com,newsletter,everyone,true,US,,,,,,Mozilla/5.0
149812881,2024-10-17T11:51:22.469Z,Eofloisand1@gmail.com,newsletter,everyone,true,US,,,,,,Mozilla/5.0 (Windows NT 5.1; rv:11.0) Gecko Firefox/11.0 (via ggpht.com GoogleImageProxy)
149812881,2024-10-19T05:18:21.513Z,seanand113@gmail.com,newsletter,everyone,true,US,,,,,,Mozilla/5.0
149812881,2024-10-20T08:39:59.676Z,seanand113@gmail.com,newsletter,everyone,true,US,,,,,,Mozilla/5.0
149812881,2024-10-20T09:08:21.893Z,seanand113@gmail.com,newsletter,everyone,true,US,,,,,,Mozilla/5.0
149812881,2024-10-24T10:19:51.067Z,seanand113@gmail.com,newsletter,everyone,true,US,,,,,,Mozilla/5.0
149812881,2024-10-25T05:56:28.649Z,seanand113@gmail.com,newsletter,everyone,true,US,,,,,,Mozilla/5.0
149812881,2024-10-26T21:09:53.572Z,henryw.2118@gmail.com,newsletter,everyone,true,US,,,,,,Mozilla/5.0
149812881,2024-10-28T10:15:30.431Z,seanand113@gmail.com,newsletter,everyone,true,US,,,,,,Mozilla/5.0
149812881,2024-10-28T10:15:38.867Z,seanand113@gmail.com,newsletter,everyone,true,US,,,,,,Mozilla/5.0
149812881,2024-10-30T12:03:47.913Z,seanand113@gmail.com,newsletter,everyone,true,US,,,,,,Mozilla/5.0
149812881,2024-10-31T11:27:03.782Z,seanand113@gmail.com,newsletter,everyone,true,US,,,,,,Mozilla/5.0
149812881,2024-10-31T11:45:52.381Z,seanand113@gmail.com,newsletter,everyone,true,US,,,,,,Mozilla/5.0
