post_id,timestamp,email,post_type,post_audience,active_subscription
149886458,2024-10-06T18:56:08.711Z,griffin.szymoniak@gmail.com,newsletter,everyone,true
149886458,2024-10-06T18:56:08.713Z,henryw.2118@gmail.com,newsletter,everyone,true
149886458,2024-10-06T18:56:08.764Z,derekuy@ucsb.edu,newsletter,everyone,true
149886458,2024-10-06T18:56:08.777Z,olafjkuiper@gmail.com,newsletter,everyone,true
149886458,2024-10-06T18:56:08.797Z,scumler19@gmail.com,newsletter,everyone,true
149886458,2024-10-06T18:56:08.799Z,aidankenney08@gmail.com,newsletter,everyone,true
149886458,2024-10-06T18:56:08.817Z,ptantchev@gmail.com,newsletter,everyone,false
149886458,2024-10-06T18:56:08.901Z,josephekpo@ucsb.edu,newsletter,everyone,true
149886458,2024-10-06T18:56:08.916Z,Eofloisand1@gmail.com,newsletter,everyone,true
149886458,2024-10-06T18:56:08.925Z,jamespwilson14@gmail.com,newsletter,everyone,true
149886458,2024-10-06T18:56:08.993Z,faigorjaihometv@gmail.com,newsletter,everyone,true
149886458,2024-10-06T18:56:09.025Z,willthomas127@gmail.com,newsletter,everyone,true
149886458,2024-10-06T18:56:10.693Z,katherinemansfield13@gmail.com,newsletter,everyone,true
149886458,2024-10-06T18:56:10.727Z,Derek.uy@gmail.com,newsletter,everyone,true
149886458,2024-10-06T18:56:11.155Z,btantchev@yahoo.com,newsletter,everyone,true
149886458,2024-10-06T18:56:11.449Z,seansantos3000@gmail.com,newsletter,everyone,true
149886458,2024-10-06T18:56:11.643Z,hayeswu@icloud.com,newsletter,everyone,true
149886458,2024-10-06T18:56:12.259Z,seanand113@gmail.com,newsletter,everyone,true
