post_id,timestamp,email,post_type,post_audience,active_subscription
149971904,2024-10-08T16:12:09.054Z,ptantchev@gmail.com,newsletter,everyone,false
149971904,2024-10-08T16:12:10.231Z,Derek.uy@gmail.com,newsletter,everyone,true
149971904,2024-10-08T16:12:10.322Z,seansantos3000@gmail.com,newsletter,everyone,true
149971904,2024-10-08T16:12:10.373Z,seanand113@gmail.com,newsletter,everyone,true
149971904,2024-10-08T16:12:10.456Z,katherinemansfield13@gmail.com,newsletter,everyone,true
149971904,2024-10-08T16:12:10.809Z,btantchev@yahoo.com,newsletter,everyone,true
149971904,2024-10-08T16:12:11.643Z,jamespwilson14@gmail.com,newsletter,everyone,true
149971904,2024-10-08T16:12:11.748Z,willthomas127@gmail.com,newsletter,everyone,true
149971904,2024-10-08T16:12:11.780Z,josephekpo@ucsb.edu,newsletter,everyone,true
149971904,2024-10-08T16:12:11.798Z,griffin.szymoniak@gmail.com,newsletter,everyone,true
149971904,2024-10-08T16:12:11.849Z,scumler19@gmail.com,newsletter,everyone,true
149971904,2024-10-08T16:12:11.920Z,aidankenney08@gmail.com,newsletter,everyone,true
149971904,2024-10-08T16:12:12.049Z,olafjkuiper@gmail.com,newsletter,everyone,true
149971904,2024-10-08T16:12:12.057Z,Eofloisand1@gmail.com,newsletter,everyone,true
149971904,2024-10-08T16:12:12.066Z,faigorjaihometv@gmail.com,newsletter,everyone,true
149971904,2024-10-08T16:12:12.079Z,derekuy@ucsb.edu,newsletter,everyone,true
149971904,2024-10-08T16:12:12.396Z,henryw.2118@gmail.com,newsletter,everyone,true
149971904,2024-10-08T16:12:18.673Z,hayeswu@icloud.com,newsletter,everyone,true
