post_id,timestamp,email,post_type,post_audience,active_subscription,country,city,region,device_type,client_os,client_type,user_agent
149971904,2024-10-08T16:21:52.093Z,Eofloisand1@gmail.com,newsletter,everyone,true,US,,,,,,Mozilla/5.0 (Windows NT 5.1; rv:11.0) Gecko Firefox/11.0 (via ggpht.com GoogleImageProxy)
149971904,2024-10-08T16:53:57.138Z,derekuy@ucsb.edu,newsletter,everyone,true,US,,,,,,Mozilla/5.0 (Windows NT 5.1; rv:11.0) Gecko Firefox/11.0 (via ggpht.com GoogleImageProxy)
149971904,2024-10-08T16:54:03.480Z,Derek.uy@gmail.com,newsletter,everyone,true,US,,,,,,Mozilla/5.0 (Windows NT 5.1; rv:11.0) Gecko Firefox/11.0 (via ggpht.com GoogleImageProxy)
149971904,2024-10-08T17:10:06.461Z,Derek.uy@gmail.com,newsletter,everyone,true,US,,,,,,Mozilla/5.0
149971904,2024-10-08T17:12:36.672Z,aidankenney08@gmail.com,newsletter,everyone,true,US,,,,,,Mozilla/5.0
149971904,2024-10-08T17:13:30.553Z,henryw.2118@gmail.com,newsletter,everyone,true,US,,,,,,Mozilla/5.0
149971904,2024-10-08T18:07:14.306Z,derekuy@ucsb.edu,newsletter,everyone,true,US,,,,,,Mozilla/5.0 (Windows NT 5.1; rv:11.0) Gecko Firefox/11.0 (via ggpht.com GoogleImageProxy)
149971904,2024-10-08T18:07:14.530Z,derekuy@ucsb.edu,newsletter,everyone,true,US,,,,,,Mozilla/5.0 (Windows NT 5.1; rv:11.0) Gecko Firefox/11.0 (via ggpht.com GoogleImageProxy)
149971904,2024-10-08T18:50:46.784Z,katherinemansfield13@gmail.com,newsletter,everyone,true,US,,,,,,Mozilla/5.0
149971904,2024-10-08T19:52:10.313Z,hayeswu@icloud.com,newsletter,everyone,true,US,,,,,,Mozilla/5.0
149971904,2024-10-08T20:26:46.782Z,olafjkuiper@gmail.com,newsletter,everyone,true,US,,,,,,Mozilla/5.0
149971904,2024-10-08T20:55:25.937Z,seanand113@gmail.com,newsletter,everyone,true,US,,,,,,Mozilla/5.0
149971904,2024-10-08T21:08:29.640Z,aidankenney08@gmail.com,newsletter,everyone,true,US,,,,,,Mozilla/5.0 (Windows NT 5.1; rv:11.0) Gecko Firefox/11.0 (via ggpht.com GoogleImageProxy)
149971904,2024-10-08T22:26:58.995Z,jamespwilson14@gmail.com,newsletter,everyone,true,US,,,,,,Mozilla/5.0
149971904,2024-10-08T22:54:27.919Z,griffin.szymoniak@gmail.com,newsletter,everyone,true,US,,,,,,Mozilla/5.0 (Windows NT 5.1; rv:11.0) Gecko Firefox/11.0 (via ggpht.com GoogleImageProxy)
149971904,2024-10-09T00:10:59.143Z,griffin.szymoniak@gmail.com,newsletter,everyone,true,US,,,,,,Mozilla/5.0
149971904,2024-10-09T04:23:16.198Z,ptantchev@gmail.com,newsletter,everyone,false,US,,,,,,Mozilla/5.0
149971904,2024-10-09T08:17:50.346Z,Eofloisand1@gmail.com,newsletter,everyone,true,US,,,,,,Mozilla/5.0 (Windows NT 5.1; rv:11.0) Gecko Firefox/11.0 (via ggpht.com GoogleImageProxy)
149971904,2024-10-09T15:02:51.680Z,seansantos3000@gmail.com,newsletter,everyone,true,US,,,,,,Mozilla/5.0 (Windows NT 5.1; rv:11.0) Gecko Firefox/11.0 (via ggpht.com GoogleImageProxy)
149971904,2024-10-09T15:03:16.241Z,seansantos3000@gmail.com,newsletter,everyone,true,US,,,,,,Mozilla/5.0 (Windows NT 5.1; rv:11.0) Gecko Firefox/11.0 (via ggpht.com GoogleImageProxy)
149971904,2024-10-10T16:13:03.261Z,seansantos3000@gmail.com,newsletter,everyone,true,US,,,,,,Mozilla/5.0 (Windows NT 5.1; rv:11.0) Gecko Firefox/11.0 (via ggpht.com GoogleImageProxy)
149971904,2024-10-16T07:57:39.316Z,seanand113@gmail.com,newsletter,everyone,true,US,,,,,,Mozilla/5.0
149971904,2024-10-19T05:18:21.509Z,seanand113@gmail.com,newsletter,everyone,true,US,,,,,,Mozilla/5.0
149971904,2024-10-19T11:21:55.459Z,seanand113@gmail.com,newsletter,everyone,true,US,,,,,,Mozilla/5.0
149971904,2024-10-20T09:23:23.152Z,seanand113@gmail.com,newsletter,everyone,true,US,,,,,,Mozilla/5.0
149971904,2024-10-21T18:29:36.901Z,henryw.2118@gmail.com,newsletter,everyone,true,US,,,,,,Mozilla/5.0
149971904,2024-10-23T23:45:24.331Z,Eofloisand1@gmail.com,newsletter,everyone,true,US,,,,,,Mozilla/5.0 (Windows NT 5.1; rv:11.0) Gecko Firefox/11.0 (via ggpht.com GoogleImageProxy)
149971904,2024-10-24T10:50:05.189Z,seanand113@gmail.com,newsletter,everyone,true,US,,,,,,Mozilla/5.0
149971904,2024-10-25T08:35:51.384Z,seanand113@gmail.com,newsletter,everyone,true,US,,,,,,Mozilla/5.0
149971904,2024-10-25T22:38:37.510Z,henryw.2118@gmail.com,newsletter,everyone,true,US,,,,,,Mozilla/5.0
149971904,2024-10-28T10:15:30.430Z,seanand113@gmail.com,newsletter,everyone,true,US,,,,,,Mozilla/5.0
149971904,2024-10-28T10:15:38.866Z,seanand113@gmail.com,newsletter,everyone,true,US,,,,,,Mozilla/5.0
149971904,2024-10-30T13:28:35.155Z,seanand113@gmail.com,newsletter,everyone,true,US,,,,,,Mozilla/5.0
149971904,2024-11-04T10:55:36.614Z,seanand113@gmail.com,newsletter,everyone,true,US,,,,,,Mozilla/5.0
149971904,2024-11-05T00:43:31.475Z,griffin.szymoniak@gmail.com,newsletter,everyone,true,US,,,,,,Mozilla/5.0
