post_id,timestamp,email,post_type,post_audience,active_subscription
150060040,2024-10-10T16:19:30.809Z,ptantchev@gmail.com,newsletter,everyone,false
150060040,2024-10-10T16:19:35.301Z,griffin.szymoniak@gmail.com,newsletter,everyone,true
150060040,2024-10-10T16:19:35.367Z,aidankenney08@gmail.com,newsletter,everyone,true
150060040,2024-10-10T16:19:35.403Z,Eofloisand1@gmail.com,newsletter,everyone,true
150060040,2024-10-10T16:19:35.563Z,henryw.2118@gmail.com,newsletter,everyone,true
150060040,2024-10-10T16:19:35.572Z,faigorjaihometv@gmail.com,newsletter,everyone,true
150060040,2024-10-10T16:19:35.599Z,josephekpo@ucsb.edu,newsletter,everyone,true
150060040,2024-10-10T16:19:35.643Z,jamespwilson14@gmail.com,newsletter,everyone,true
150060040,2024-10-10T16:19:35.907Z,derekuy@ucsb.edu,newsletter,everyone,true
150060040,2024-10-10T16:19:35.913Z,olafjkuiper@gmail.com,newsletter,everyone,true
150060040,2024-10-10T16:19:35.972Z,katherinemansfield13@gmail.com,newsletter,everyone,true
150060040,2024-10-10T16:19:36.022Z,scumler19@gmail.com,newsletter,everyone,true
150060040,2024-10-10T16:19:36.041Z,ryanking925@gmail.com,newsletter,everyone,true
150060040,2024-10-10T16:19:36.124Z,willthomas127@gmail.com,newsletter,everyone,true
150060040,2024-10-10T16:19:36.130Z,Derek.uy@gmail.com,newsletter,everyone,true
150060040,2024-10-10T16:19:36.231Z,seanand113@gmail.com,newsletter,everyone,true
150060040,2024-10-10T16:19:36.291Z,seansantos3000@gmail.com,newsletter,everyone,true
150060040,2024-10-10T16:19:37.139Z,btantchev@yahoo.com,newsletter,everyone,true
150060040,2024-10-10T16:19:42.549Z,hayeswu@icloud.com,newsletter,everyone,true
