post_id,timestamp,email,post_type,post_audience,active_subscription,country,city,region,device_type,client_os,client_type,user_agent
150060040,2024-10-10T16:20:35.378Z,henryw.2118@gmail.com,newsletter,everyone,true,US,,,,,,Mozilla/5.0 (Windows NT 5.1; rv:11.0) Gecko Firefox/11.0 (via ggpht.com GoogleImageProxy)
150060040,2024-10-10T16:22:26.717Z,ptantchev@gmail.com,newsletter,everyone,false,US,,,,,,Mozilla/5.0 (Windows NT 5.1; rv:11.0) Gecko Firefox/11.0 (via ggpht.com GoogleImageProxy)
150060040,2024-10-10T16:25:10.106Z,Eofloisand1@gmail.com,newsletter,everyone,true,US,,,,,,Mozilla/5.0 (Windows NT 5.1; rv:11.0) Gecko Firefox/11.0 (via ggpht.com GoogleImageProxy)
150060040,2024-10-10T16:43:32.336Z,derekuy@ucsb.edu,newsletter,everyone,true,US,,,,,,Mozilla/5.0 (Windows NT 5.1; rv:11.0) Gecko Firefox/11.0 (via ggpht.com GoogleImageProxy)
150060040,2024-10-10T17:06:12.982Z,Derek.uy@gmail.com,newsletter,everyone,true,US,,,,,,Mozilla/5.0 (Windows NT 5.1; rv:11.0) Gecko Firefox/11.0 (via ggpht.com GoogleImageProxy)
150060040,2024-10-10T17:36:45.457Z,olafjkuiper@gmail.com,newsletter,everyone,true,US,,,,,,Mozilla/5.0
150060040,2024-10-10T17:37:22.813Z,Eofloisand1@gmail.com,newsletter,everyone,true,US,,,,,,Mozilla/5.0 (Windows NT 5.1; rv:11.0) Gecko Firefox/11.0 (via ggpht.com GoogleImageProxy)
150060040,2024-10-10T18:17:15.322Z,josephekpo@ucsb.edu,newsletter,everyone,true,US,,,,,,Mozilla/5.0 (Windows NT 5.1; rv:11.0) Gecko Firefox/11.0 (via ggpht.com GoogleImageProxy)
150060040,2024-10-10T19:41:17.476Z,Eofloisand1@gmail.com,newsletter,everyone,true,US,,,,,,Mozilla/5.0 (Windows NT 5.1; rv:11.0) Gecko Firefox/11.0 (via ggpht.com GoogleImageProxy)
150060040,2024-10-10T19:44:54.846Z,griffin.szymoniak@gmail.com,newsletter,everyone,true,US,,,,,,Mozilla/5.0 (Windows NT 5.1; rv:11.0) Gecko Firefox/11.0 (via ggpht.com GoogleImageProxy)
150060040,2024-10-10T19:54:51.755Z,aidankenney08@gmail.com,newsletter,everyone,true,US,,,,,,Mozilla/5.0 (Windows NT 5.1; rv:11.0) Gecko Firefox/11.0 (via ggpht.com GoogleImageProxy)
150060040,2024-10-10T21:11:53.742Z,olafjkuiper@gmail.com,newsletter,everyone,true,US,,,,,,Mozilla/5.0 (Windows NT 5.1; rv:11.0) Gecko Firefox/11.0 (via ggpht.com GoogleImageProxy)
150060040,2024-10-10T21:25:07.158Z,ptantchev@gmail.com,newsletter,everyone,false,US,,,,,,Mozilla/5.0
150060040,2024-10-10T22:23:02.477Z,griffin.szymoniak@gmail.com,newsletter,everyone,true,US,,,,,,Mozilla/5.0
150060040,2024-10-10T22:29:34.936Z,aidankenney08@gmail.com,newsletter,everyone,true,US,,,,,,Mozilla/5.0
150060040,2024-10-10T23:25:01.431Z,aidankenney08@gmail.com,newsletter,everyone,true,US,,,,,,Mozilla/5.0 (Windows NT 5.1; rv:11.0) Gecko Firefox/11.0 (via ggpht.com GoogleImageProxy)
150060040,2024-10-11T00:28:38.299Z,katherinemansfield13@gmail.com,newsletter,everyone,true,US,,,,,,Mozilla/5.0
150060040,2024-10-11T01:42:27.772Z,griffin.szymoniak@gmail.com,newsletter,everyone,true,US,,,,,,Mozilla/5.0 (Windows NT 5.1; rv:11.0) Gecko Firefox/11.0 (via ggpht.com GoogleImageProxy)
150060040,2024-10-11T02:09:22.897Z,henryw.2118@gmail.com,newsletter,everyone,true,US,,,,,,Mozilla/5.0
150060040,2024-10-11T08:51:46.627Z,Derek.uy@gmail.com,newsletter,everyone,true,US,,,,,,Mozilla/5.0
150060040,2024-10-11T23:48:58.688Z,seanand113@gmail.com,newsletter,everyone,true,US,,,,,,Mozilla/5.0
150060040,2024-10-13T00:35:18.542Z,aidankenney08@gmail.com,newsletter,everyone,true,US,,,,,,Mozilla/5.0 (Windows NT 5.1; rv:11.0) Gecko Firefox/11.0 (via ggpht.com GoogleImageProxy)
150060040,2024-10-13T19:24:29.050Z,josephekpo@ucsb.edu,newsletter,everyone,true,US,,,,,,Mozilla/5.0
150060040,2024-10-15T20:34:28.785Z,henryw.2118@gmail.com,newsletter,everyone,true,US,,,,,,Mozilla/5.0
150060040,2024-10-15T23:06:26.409Z,jamespwilson14@gmail.com,newsletter,everyone,true,US,,,,,,Mozilla/5.0
150060040,2024-10-16T07:41:38.376Z,seanand113@gmail.com,newsletter,everyone,true,US,,,,,,Mozilla/5.0
150060040,2024-10-18T12:21:54.712Z,seanand113@gmail.com,newsletter,everyone,true,US,,,,,,Mozilla/5.0
150060040,2024-10-19T04:40:40.013Z,seanand113@gmail.com,newsletter,everyone,true,US,,,,,,Mozilla/5.0
150060040,2024-10-19T05:07:30.870Z,seanand113@gmail.com,newsletter,everyone,true,US,,,,,,Mozilla/5.0
150060040,2024-10-19T11:06:16.173Z,seanand113@gmail.com,newsletter,everyone,true,US,,,,,,Mozilla/5.0
150060040,2024-10-20T08:39:59.675Z,seanand113@gmail.com,newsletter,everyone,true,US,,,,,,Mozilla/5.0
150060040,2024-10-20T09:08:21.892Z,seanand113@gmail.com,newsletter,everyone,true,US,,,,,,Mozilla/5.0
150060040,2024-10-24T10:50:05.187Z,seanand113@gmail.com,newsletter,everyone,true,US,,,,,,Mozilla/5.0
150060040,2024-10-25T06:07:35.212Z,seanand113@gmail.com,newsletter,everyone,true,US,,,,,,Mozilla/5.0
150060040,2024-10-25T22:38:37.509Z,henryw.2118@gmail.com,newsletter,everyone,true,US,,,,,,Mozilla/5.0
150060040,2024-10-28T10:15:30.428Z,seanand113@gmail.com,newsletter,everyone,true,US,,,,,,Mozilla/5.0
150060040,2024-10-28T10:15:38.864Z,seanand113@gmail.com,newsletter,everyone,true,US,,,,,,Mozilla/5.0
150060040,2024-10-29T12:28:59.444Z,seanand113@gmail.com,newsletter,everyone,true,US,,,,,,Mozilla/5.0
150060040,2024-10-30T12:56:32.741Z,seanand113@gmail.com,newsletter,everyone,true,US,,,,,,Mozilla/5.0
150060040,2024-10-31T11:57:07.762Z,seanand113@gmail.com,newsletter,everyone,true,US,,,,,,Mozilla/5.0
150060040,2024-11-04T10:55:36.612Z,seanand113@gmail.com,newsletter,everyone,true,US,,,,,,Mozilla/5.0
150060040,2024-11-05T00:18:34.764Z,griffin.szymoniak@gmail.com,newsletter,everyone,true,US,,,,,,Mozilla/5.0
150060040,2024-11-06T12:47:20.831Z,seanand113@gmail.com,newsletter,everyone,true,US,,,,,,Mozilla/5.0
