post_id,timestamp,email,post_type,post_audience,active_subscription,country,city,region,device_type,client_os,client_type,user_agent
150143905,2024-10-12T17:21:38.207Z,ptantchev@gmail.com,newsletter,everyone,false,US,,,,,,Mozilla/5.0 (Windows NT 5.1; rv:11.0) Gecko Firefox/11.0 (via ggpht.com GoogleImageProxy)
150143905,2024-10-12T17:21:52.845Z,Eofloisand1@gmail.com,newsletter,everyone,true,US,,,,,,Mozilla/5.0 (Windows NT 5.1; rv:11.0) Gecko Firefox/11.0 (via ggpht.com GoogleImageProxy)
150143905,2024-10-12T17:23:34.397Z,henryw.2118@gmail.com,newsletter,everyone,true,US,,,,,,Mozilla/5.0 (Windows NT 5.1; rv:11.0) Gecko Firefox/11.0 (via ggpht.com GoogleImageProxy)
150143905,2024-10-12T18:13:19.315Z,henryw.2118@gmail.com,newsletter,everyone,true,US,,,,,,Mozilla/5.0
150143905,2024-10-12T19:38:40.621Z,Derek.uy@gmail.com,newsletter,everyone,true,US,,,,,,Mozilla/5.0
150143905,2024-10-12T20:07:29.628Z,griffin.szymoniak@gmail.com,newsletter,everyone,true,US,,,,,,Mozilla/5.0
150143905,2024-10-12T20:32:27.909Z,derekuy@ucsb.edu,newsletter,everyone,true,US,,,,,,Mozilla/5.0 (Windows NT 5.1; rv:11.0) Gecko Firefox/11.0 (via ggpht.com GoogleImageProxy)
150143905,2024-10-12T20:42:29.381Z,olafjkuiper@gmail.com,newsletter,everyone,true,US,,,,,,Mozilla/5.0
150143905,2024-10-12T21:36:54.959Z,griffin.szymoniak@gmail.com,newsletter,everyone,true,US,,,,,,Mozilla/5.0 (Windows NT 5.1; rv:11.0) Gecko Firefox/11.0 (via ggpht.com GoogleImageProxy)
150143905,2024-10-12T22:45:16.853Z,Eofloisand1@gmail.com,newsletter,everyone,true,US,,,,,,Mozilla/5.0 (Windows NT 5.1; rv:11.0) Gecko Firefox/11.0 (via ggpht.com GoogleImageProxy)
150143905,2024-10-12T23:18:38.598Z,derekuy@ucsb.edu,newsletter,everyone,true,US,,,,,,Mozilla/5.0 (Windows NT 5.1; rv:11.0) Gecko Firefox/11.0 (via ggpht.com GoogleImageProxy)
150143905,2024-10-13T00:35:11.697Z,aidankenney08@gmail.com,newsletter,everyone,true,US,,,,,,Mozilla/5.0 (Windows NT 5.1; rv:11.0) Gecko Firefox/11.0 (via ggpht.com GoogleImageProxy)
150143905,2024-10-13T06:31:48.917Z,katherinemansfield13@gmail.com,newsletter,everyone,true,US,,,,,,Mozilla/5.0
150143905,2024-10-13T06:35:36.227Z,seanand113@gmail.com,newsletter,everyone,true,US,,,,,,Mozilla/5.0
150143905,2024-10-13T07:33:44.001Z,aidankenney08@gmail.com,newsletter,everyone,true,US,,,,,,Mozilla/5.0 (Windows NT 5.1; rv:11.0) Gecko Firefox/11.0 (via ggpht.com GoogleImageProxy)
150143905,2024-10-13T10:16:12.970Z,Eofloisand1@gmail.com,newsletter,everyone,true,US,,,,,,Mozilla/5.0 (Windows NT 5.1; rv:11.0) Gecko Firefox/11.0 (via ggpht.com GoogleImageProxy)
150143905,2024-10-13T16:18:18.009Z,hayeswu@icloud.com,newsletter,everyone,true,US,,,,,,Mozilla/5.0
150143905,2024-10-13T20:55:42.091Z,griffin.szymoniak@gmail.com,newsletter,everyone,true,US,,,,,,Mozilla/5.0 (Windows NT 5.1; rv:11.0) Gecko Firefox/11.0 (via ggpht.com GoogleImageProxy)
150143905,2024-10-14T05:47:32.856Z,ptantchev@gmail.com,newsletter,everyone,false,US,,,,,,Mozilla/5.0
150143905,2024-10-14T17:07:03.390Z,aidankenney08@gmail.com,newsletter,everyone,true,US,,,,,,Mozilla/5.0
150143905,2024-10-15T20:34:28.784Z,henryw.2118@gmail.com,newsletter,everyone,true,US,,,,,,Mozilla/5.0
150143905,2024-10-15T22:56:39.749Z,willthomas127@gmail.com,newsletter,everyone,true,US,,,,,,Mozilla/5.0 (Windows NT 5.1; rv:11.0) Gecko Firefox/11.0 (via ggpht.com GoogleImageProxy)
150143905,2024-10-16T00:09:45.657Z,jamespwilson14@gmail.com,newsletter,everyone,true,US,,,,,,Mozilla/5.0
150143905,2024-10-16T06:38:37.708Z,aidankenney08@gmail.com,newsletter,everyone,true,US,,,,,,Mozilla/5.0 (Windows NT 5.1; rv:11.0) Gecko Firefox/11.0 (via ggpht.com GoogleImageProxy)
150143905,2024-10-16T07:28:07.900Z,seanand113@gmail.com,newsletter,everyone,true,US,,,,,,Mozilla/5.0
150143905,2024-10-18T12:21:54.711Z,seanand113@gmail.com,newsletter,everyone,true,US,,,,,,Mozilla/5.0
150143905,2024-10-19T04:40:40.010Z,seanand113@gmail.com,newsletter,everyone,true,US,,,,,,Mozilla/5.0
150143905,2024-10-19T10:53:58.139Z,seanand113@gmail.com,newsletter,everyone,true,US,,,,,,Mozilla/5.0
150143905,2024-10-20T08:27:44.569Z,seanand113@gmail.com,newsletter,everyone,true,US,,,,,,Mozilla/5.0
150143905,2024-10-23T23:44:58.640Z,Eofloisand1@gmail.com,newsletter,everyone,true,US,,,,,,Mozilla/5.0 (Windows NT 5.1; rv:11.0) Gecko Firefox/11.0 (via ggpht.com GoogleImageProxy)
150143905,2024-10-24T10:39:50.723Z,seanand113@gmail.com,newsletter,everyone,true,US,,,,,,Mozilla/5.0
150143905,2024-10-25T05:56:28.650Z,seanand113@gmail.com,newsletter,everyone,true,US,,,,,,Mozilla/5.0
150143905,2024-10-25T22:38:37.508Z,henryw.2118@gmail.com,newsletter,everyone,true,US,,,,,,Mozilla/5.0
150143905,2024-10-28T09:05:06.752Z,seanand113@gmail.com,newsletter,everyone,true,US,,,,,,Mozilla/5.0
150143905,2024-10-29T12:16:32.843Z,seanand113@gmail.com,newsletter,everyone,true,US,,,,,,Mozilla/5.0
150143905,2024-10-31T11:57:07.760Z,seanand113@gmail.com,newsletter,everyone,true,US,,,,,,Mozilla/5.0
150143905,2024-11-04T10:55:36.611Z,seanand113@gmail.com,newsletter,everyone,true,US,,,,,,Mozilla/5.0
150143905,2024-11-05T00:04:49.804Z,griffin.szymoniak@gmail.com,newsletter,everyone,true,US,,,,,,Mozilla/5.0
150143905,2024-11-06T12:36:40.902Z,seanand113@gmail.com,newsletter,everyone,true,US,,,,,,Mozilla/5.0
150143905,2024-11-06T12:36:44.613Z,seanand113@gmail.com,newsletter,everyone,true,US,,,,,,Mozilla/5.0
