post_id,timestamp,email,post_type,post_audience,active_subscription,country,city,region,device_type,client_os,client_type,user_agent
150103221,2024-10-11T16:09:50.873Z,derekuy@ucsb.edu,newsletter,everyone,true,US,,,,,,Mozilla/5.0 (Windows NT 5.1; rv:11.0) Gecko Firefox/11.0 (via ggpht.com GoogleImageProxy)
150103221,2024-10-11T16:09:53.106Z,ptantchev@gmail.com,newsletter,everyone,false,US,,,,,,Mozilla/5.0 (Windows NT 5.1; rv:11.0) Gecko Firefox/11.0 (via ggpht.com GoogleImageProxy)
150103221,2024-10-11T16:12:35.610Z,Eofloisand1@gmail.com,newsletter,everyone,true,US,,,,,,Mozilla/5.0 (Windows NT 5.1; rv:11.0) Gecko Firefox/11.0 (via ggpht.com GoogleImageProxy)
150103221,2024-10-11T16:14:11.902Z,ptantchev@gmail.com,newsletter,everyone,false,US,,,,,,Mozilla/5.0 (Windows NT 5.1; rv:11.0) Gecko Firefox/11.0 (via ggpht.com GoogleImageProxy)
150103221,2024-10-11T16:36:55.992Z,derekuy@ucsb.edu,newsletter,everyone,true,US,,,,,,Mozilla/5.0 (Windows NT 5.1; rv:11.0) Gecko Firefox/11.0 (via ggpht.com GoogleImageProxy)
150103221,2024-10-11T16:37:14.149Z,Derek.uy@gmail.com,newsletter,everyone,true,US,,,,,,Mozilla/5.0 (Windows NT 5.1; rv:11.0) Gecko Firefox/11.0 (via ggpht.com GoogleImageProxy)
150103221,2024-10-11T16:43:14.129Z,Derek.uy@gmail.com,newsletter,everyone,true,US,,,,,,Mozilla/5.0 (Windows NT 5.1; rv:11.0) Gecko Firefox/11.0 (via ggpht.com GoogleImageProxy)
150103221,2024-10-11T17:22:36.585Z,henryw.2118@gmail.com,newsletter,everyone,true,US,,,,,,Mozilla/5.0
150103221,2024-10-11T17:38:54.583Z,katherinemansfield13@gmail.com,newsletter,everyone,true,US,,,,,,Mozilla/5.0
150103221,2024-10-11T17:49:25.925Z,Derek.uy@gmail.com,newsletter,everyone,true,US,,,,,,Mozilla/5.0
150103221,2024-10-11T17:59:51.793Z,aidankenney08@gmail.com,newsletter,everyone,true,US,,,,,,Mozilla/5.0 (Windows NT 5.1; rv:11.0) Gecko Firefox/11.0 (via ggpht.com GoogleImageProxy)
150103221,2024-10-11T18:04:44.227Z,josephekpo@ucsb.edu,newsletter,everyone,true,US,,,,,,Mozilla/5.0 (Windows NT 5.1; rv:11.0) Gecko Firefox/11.0 (via ggpht.com GoogleImageProxy)
150103221,2024-10-11T19:19:43.953Z,derekuy@ucsb.edu,newsletter,everyone,true,US,,,,,,Mozilla/5.0 (Windows NT 5.1; rv:11.0) Gecko Firefox/11.0 (via ggpht.com GoogleImageProxy)
150103221,2024-10-11T20:11:34.929Z,katherinemansfield13@gmail.com,newsletter,everyone,true,US,,,,,,Mozilla/5.0 (Windows NT 5.1; rv:11.0) Gecko Firefox/11.0 (via ggpht.com GoogleImageProxy)
150103221,2024-10-11T20:11:35.047Z,katherinemansfield13@gmail.com,newsletter,everyone,true,US,,,,,,Mozilla/5.0 (Windows NT 5.1; rv:11.0) Gecko Firefox/11.0 (via ggpht.com GoogleImageProxy)
150103221,2024-10-11T21:56:18.924Z,olafjkuiper@gmail.com,newsletter,everyone,true,US,,,,,,Mozilla/5.0
150103221,2024-10-11T23:48:58.689Z,seanand113@gmail.com,newsletter,everyone,true,US,,,,,,Mozilla/5.0
150103221,2024-10-11T23:51:21.064Z,Derek.uy@gmail.com,newsletter,everyone,true,US,,,,,,Mozilla/5.0 (Windows NT 5.1; rv:11.0) Gecko Firefox/11.0 (via ggpht.com GoogleImageProxy)
150103221,2024-10-11T23:59:04.501Z,griffin.szymoniak@gmail.com,newsletter,everyone,true,US,,,,,,Mozilla/5.0
150103221,2024-10-12T02:16:04.615Z,griffin.szymoniak@gmail.com,newsletter,everyone,true,US,,,,,,Mozilla/5.0 (Windows NT 5.1; rv:11.0) Gecko Firefox/11.0 (via ggpht.com GoogleImageProxy)
150103221,2024-10-12T05:03:21.827Z,griffin.szymoniak@gmail.com,newsletter,everyone,true,US,,,,,,Mozilla/5.0 (Windows NT 5.1; rv:11.0) Gecko Firefox/11.0 (via ggpht.com GoogleImageProxy)
150103221,2024-10-12T09:54:00.441Z,ptantchev@gmail.com,newsletter,everyone,false,US,,,,,,Mozilla/5.0
150103221,2024-10-13T10:16:33.246Z,Eofloisand1@gmail.com,newsletter,everyone,true,US,,,,,,Mozilla/5.0 (Windows NT 5.1; rv:11.0) Gecko Firefox/11.0 (via ggpht.com GoogleImageProxy)
150103221,2024-10-13T22:25:31.080Z,aidankenney08@gmail.com,newsletter,everyone,true,US,,,,,,Mozilla/5.0
150103221,2024-10-14T18:53:57.725Z,josephekpo@ucsb.edu,newsletter,everyone,true,US,,,,,,Mozilla/5.0
150103221,2024-10-15T20:04:24.572Z,henryw.2118@gmail.com,newsletter,everyone,true,US,,,,,,Mozilla/5.0
150103221,2024-10-16T00:09:45.654Z,jamespwilson14@gmail.com,newsletter,everyone,true,US,,,,,,Mozilla/5.0
150103221,2024-10-16T06:38:39.433Z,aidankenney08@gmail.com,newsletter,everyone,true,US,,,,,,Mozilla/5.0 (Windows NT 5.1; rv:11.0) Gecko Firefox/11.0 (via ggpht.com GoogleImageProxy)
150103221,2024-10-16T07:28:07.900Z,seanand113@gmail.com,newsletter,everyone,true,US,,,,,,Mozilla/5.0
150103221,2024-10-18T12:21:54.711Z,seanand113@gmail.com,newsletter,everyone,true,US,,,,,,Mozilla/5.0
150103221,2024-10-19T04:40:40.010Z,seanand113@gmail.com,newsletter,everyone,true,US,,,,,,Mozilla/5.0
150103221,2024-10-19T10:53:58.139Z,seanand113@gmail.com,newsletter,everyone,true,US,,,,,,Mozilla/5.0
150103221,2024-10-20T08:39:59.673Z,seanand113@gmail.com,newsletter,everyone,true,US,,,,,,Mozilla/5.0
150103221,2024-10-20T08:55:00.627Z,seanand113@gmail.com,newsletter,everyone,true,US,,,,,,Mozilla/5.0
150103221,2024-10-24T10:50:05.186Z,seanand113@gmail.com,newsletter,everyone,true,US,,,,,,Mozilla/5.0
150103221,2024-10-25T05:56:28.651Z,seanand113@gmail.com,newsletter,everyone,true,US,,,,,,Mozilla/5.0
150103221,2024-10-25T22:38:37.509Z,henryw.2118@gmail.com,newsletter,everyone,true,US,,,,,,Mozilla/5.0
150103221,2024-10-28T09:05:06.753Z,seanand113@gmail.com,newsletter,everyone,true,US,,,,,,Mozilla/5.0
150103221,2024-10-29T12:16:32.844Z,seanand113@gmail.com,newsletter,everyone,true,US,,,,,,Mozilla/5.0
150103221,2024-10-30T12:56:32.739Z,seanand113@gmail.com,newsletter,everyone,true,US,,,,,,Mozilla/5.0
150103221,2024-10-31T11:57:07.761Z,seanand113@gmail.com,newsletter,everyone,true,US,,,,,,Mozilla/5.0
150103221,2024-11-04T10:55:36.611Z,seanand113@gmail.com,newsletter,everyone,true,US,,,,,,Mozilla/5.0
150103221,2024-11-05T00:04:49.804Z,griffin.szymoniak@gmail.com,newsletter,everyone,true,US,,,,,,Mozilla/5.0
150103221,2024-11-06T12:47:20.829Z,seanand113@gmail.com,newsletter,everyone,true,US,,,,,,Mozilla/5.0
