post_id,timestamp,email,post_type,post_audience,active_subscription
150143905,2024-10-12T17:17:30.364Z,ptantchev@gmail.com,newsletter,everyone,false
150143905,2024-10-12T17:17:30.625Z,seansantos3000@gmail.com,newsletter,everyone,true
150143905,2024-10-12T17:17:30.652Z,katherinemansfield13@gmail.com,newsletter,everyone,true
150143905,2024-10-12T17:17:31.068Z,Derek.uy@gmail.com,newsletter,everyone,true
150143905,2024-10-12T17:17:31.279Z,ryanking925@gmail.com,newsletter,everyone,true
150143905,2024-10-12T17:17:31.279Z,seanand113@gmail.com,newsletter,everyone,true
150143905,2024-10-12T17:17:31.311Z,btantchev@yahoo.com,newsletter,everyone,true
150143905,2024-10-12T17:17:32.822Z,willthomas127@gmail.com,newsletter,everyone,true
150143905,2024-10-12T17:17:32.833Z,griffin.szymoniak@gmail.com,newsletter,everyone,true
150143905,2024-10-12T17:17:32.909Z,Eofloisand1@gmail.com,newsletter,everyone,true
150143905,2024-10-12T17:17:32.966Z,josephekpo@ucsb.edu,newsletter,everyone,true
150143905,2024-10-12T17:17:32.999Z,derekuy@ucsb.edu,newsletter,everyone,true
150143905,2024-10-12T17:17:33.069Z,olafjkuiper@gmail.com,newsletter,everyone,true
150143905,2024-10-12T17:17:33.091Z,henryw.2118@gmail.com,newsletter,everyone,true
150143905,2024-10-12T17:17:33.104Z,faigorjaihometv@gmail.com,newsletter,everyone,true
150143905,2024-10-12T17:17:33.392Z,jamespwilson14@gmail.com,newsletter,everyone,true
150143905,2024-10-12T17:17:33.408Z,scumler19@gmail.com,newsletter,everyone,true
150143905,2024-10-12T17:17:33.428Z,aidankenney08@gmail.com,newsletter,everyone,true
150143905,2024-10-12T17:17:39.554Z,hayeswu@icloud.com,newsletter,everyone,true
