post_id,timestamp,email,post_type,post_audience,active_subscription
150103221,2024-10-11T16:07:40.680Z,Derek.uy@gmail.com,newsletter,everyone,true
150103221,2024-10-11T16:07:40.758Z,ryanking925@gmail.com,newsletter,everyone,true
150103221,2024-10-11T16:07:40.853Z,seansantos3000@gmail.com,newsletter,everyone,true
150103221,2024-10-11T16:07:41.443Z,btantchev@yahoo.com,newsletter,everyone,true
150103221,2024-10-11T16:07:41.509Z,ptantchev@gmail.com,newsletter,everyone,false
150103221,2024-10-11T16:07:41.622Z,katherinemansfield13@gmail.com,newsletter,everyone,true
150103221,2024-10-11T16:07:41.784Z,seanand113@gmail.com,newsletter,everyone,true
150103221,2024-10-11T16:07:41.961Z,Eofloisand1@gmail.com,newsletter,everyone,true
150103221,2024-10-11T16:07:42.050Z,willthomas127@gmail.com,newsletter,everyone,true
150103221,2024-10-11T16:07:42.082Z,josephekpo@ucsb.edu,newsletter,everyone,true
150103221,2024-10-11T16:07:42.122Z,aidankenney08@gmail.com,newsletter,everyone,true
150103221,2024-10-11T16:07:42.146Z,olafjkuiper@gmail.com,newsletter,everyone,true
150103221,2024-10-11T16:07:42.598Z,griffin.szymoniak@gmail.com,newsletter,everyone,true
150103221,2024-10-11T16:07:42.685Z,faigorjaihometv@gmail.com,newsletter,everyone,true
150103221,2024-10-11T16:07:42.717Z,henryw.2118@gmail.com,newsletter,everyone,true
150103221,2024-10-11T16:07:42.807Z,jamespwilson14@gmail.com,newsletter,everyone,true
150103221,2024-10-11T16:07:42.914Z,scumler19@gmail.com,newsletter,everyone,true
150103221,2024-10-11T16:07:43.240Z,derekuy@ucsb.edu,newsletter,everyone,true
150103221,2024-10-11T16:07:59.203Z,hayeswu@icloud.com,newsletter,everyone,true
