post_id,timestamp,email,post_type,post_audience,active_subscription
150229923,2024-10-14T20:44:21.010Z,ptantchev@gmail.com,newsletter,everyone,false
150229923,2024-10-14T20:44:21.654Z,seanand113@gmail.com,newsletter,everyone,true
150229923,2024-10-14T20:44:21.733Z,katherinemansfield13@gmail.com,newsletter,everyone,true
150229923,2024-10-14T20:44:21.762Z,Derek.uy@gmail.com,newsletter,everyone,true
150229923,2024-10-14T20:44:21.829Z,btantchev@yahoo.com,newsletter,everyone,true
150229923,2024-10-14T20:44:22.101Z,ryanking925@gmail.com,newsletter,everyone,true
150229923,2024-10-14T20:44:22.176Z,seansantos3000@gmail.com,newsletter,everyone,true
150229923,2024-10-14T20:44:23.101Z,derekuy@ucsb.edu,newsletter,everyone,true
150229923,2024-10-14T20:44:23.174Z,aidankenney08@gmail.com,newsletter,everyone,true
150229923,2024-10-14T20:44:23.184Z,henryw.2118@gmail.com,newsletter,everyone,true
150229923,2024-10-14T20:44:23.210Z,olafjkuiper@gmail.com,newsletter,everyone,true
150229923,2024-10-14T20:44:23.256Z,Eofloisand1@gmail.com,newsletter,everyone,true
150229923,2024-10-14T20:44:23.261Z,jamespwilson14@gmail.com,newsletter,everyone,true
150229923,2024-10-14T20:44:23.299Z,faigorjaihometv@gmail.com,newsletter,everyone,true
150229923,2024-10-14T20:44:23.313Z,willthomas127@gmail.com,newsletter,everyone,true
150229923,2024-10-14T20:44:23.324Z,scumler19@gmail.com,newsletter,everyone,true
150229923,2024-10-14T20:44:23.489Z,griffin.szymoniak@gmail.com,newsletter,everyone,true
150229923,2024-10-14T20:44:23.605Z,josephekpo@ucsb.edu,newsletter,everyone,true
150229923,2024-10-14T20:44:26.315Z,hayeswu@icloud.com,newsletter,everyone,true
