post_id,timestamp,email,post_type,post_audience,active_subscription,country,city,region,device_type,client_os,client_type,user_agent
150229923,2024-10-14T20:45:05.770Z,ptantchev@gmail.com,newsletter,everyone,false,US,,,,,,Mozilla/5.0 (Windows NT 5.1; rv:11.0) Gecko Firefox/11.0 (via ggpht.com GoogleImageProxy)
150229923,2024-10-14T20:48:31.484Z,jamespwilson14@gmail.com,newsletter,everyone,true,US,,,,,,Mozilla/5.0 (Windows NT 5.1; rv:11.0) Gecko Firefox/11.0 (via ggpht.com GoogleImageProxy)
150229923,2024-10-14T20:50:03.239Z,ptantchev@gmail.com,newsletter,everyone,false,US,,,,,,Mozilla/5.0 (Windows NT 5.1; rv:11.0) Gecko Firefox/11.0 (via ggpht.com GoogleImageProxy)
150229923,2024-10-14T21:11:23.106Z,katherinemansfield13@gmail.com,newsletter,everyone,true,US,,,,,,Mozilla/5.0 (Windows NT 5.1; rv:11.0) Gecko Firefox/11.0 (via ggpht.com GoogleImageProxy)
150229923,2024-10-14T21:13:25.725Z,henryw.2118@gmail.com,newsletter,everyone,true,US,,,,,,Mozilla/5.0 (Windows NT 5.1; rv:11.0) Gecko Firefox/11.0 (via ggpht.com GoogleImageProxy)
150229923,2024-10-14T22:26:09.246Z,olafjkuiper@gmail.com,newsletter,everyone,true,US,,,,,,Mozilla/5.0
150229923,2024-10-14T22:38:43.956Z,hayeswu@icloud.com,newsletter,everyone,true,US,,,,,,Mozilla/5.0
150229923,2024-10-14T23:50:09.993Z,seanand113@gmail.com,newsletter,everyone,true,US,,,,,,Mozilla/5.0
150229923,2024-10-15T00:10:52.178Z,Derek.uy@gmail.com,newsletter,everyone,true,US,,,,,,Mozilla/5.0
150229923,2024-10-15T00:51:55.183Z,griffin.szymoniak@gmail.com,newsletter,everyone,true,US,,,,,,Mozilla/5.0
150229923,2024-10-15T03:02:07.446Z,henryw.2118@gmail.com,newsletter,everyone,true,US,,,,,,Mozilla/5.0
150229923,2024-10-15T03:06:44.735Z,derekuy@ucsb.edu,newsletter,everyone,true,US,,,,,,Mozilla/5.0 (Windows NT 5.1; rv:11.0) Gecko Firefox/11.0 (via ggpht.com GoogleImageProxy)
150229923,2024-10-15T05:58:52.024Z,Derek.uy@gmail.com,newsletter,everyone,true,US,,,,,,Mozilla/5.0 (Windows NT 5.1; rv:11.0) Gecko Firefox/11.0 (via ggpht.com GoogleImageProxy)
150229923,2024-10-15T07:02:54.421Z,olafjkuiper@gmail.com,newsletter,everyone,true,US,,,,,,Mozilla/5.0 (Windows NT 5.1; rv:11.0) Gecko Firefox/11.0 (via ggpht.com GoogleImageProxy)
150229923,2024-10-15T07:23:11.203Z,katherinemansfield13@gmail.com,newsletter,everyone,true,US,,,,,,Mozilla/5.0
150229923,2024-10-15T09:23:03.543Z,Eofloisand1@gmail.com,newsletter,everyone,true,US,,,,,,Mozilla/5.0 (Windows NT 5.1; rv:11.0) Gecko Firefox/11.0 (via ggpht.com GoogleImageProxy)
150229923,2024-10-15T18:58:25.493Z,aidankenney08@gmail.com,newsletter,everyone,true,US,,,,,,Mozilla/5.0
150229923,2024-10-15T19:03:58.905Z,ptantchev@gmail.com,newsletter,everyone,false,US,,,,,,Mozilla/5.0
150229923,2024-10-16T01:04:49.302Z,jamespwilson14@gmail.com,newsletter,everyone,true,US,,,,,,Mozilla/5.0
150229923,2024-10-16T06:38:34.795Z,aidankenney08@gmail.com,newsletter,everyone,true,US,,,,,,Mozilla/5.0 (Windows NT 5.1; rv:11.0) Gecko Firefox/11.0 (via ggpht.com GoogleImageProxy)
150229923,2024-10-16T17:54:33.810Z,willthomas127@gmail.com,newsletter,everyone,true,US,,,,,,Mozilla/5.0 (Windows NT 5.1; rv:11.0) Gecko Firefox/11.0 (via ggpht.com GoogleImageProxy)
150229923,2024-10-18T00:19:47.203Z,josephekpo@ucsb.edu,newsletter,everyone,true,US,,,,,,Mozilla/5.0
150229923,2024-10-18T12:02:56.147Z,seanand113@gmail.com,newsletter,everyone,true,US,,,,,,Mozilla/5.0
150229923,2024-10-19T10:44:36.878Z,seanand113@gmail.com,newsletter,everyone,true,US,,,,,,Mozilla/5.0
150229923,2024-10-20T08:17:27.312Z,seanand113@gmail.com,newsletter,everyone,true,US,,,,,,Mozilla/5.0
150229923,2024-10-20T09:48:47.925Z,seanand113@gmail.com,newsletter,everyone,true,US,,,,,,Mozilla/5.0
150229923,2024-10-21T18:29:36.900Z,henryw.2118@gmail.com,newsletter,everyone,true,US,,,,,,Mozilla/5.0
150229923,2024-10-23T23:44:50.708Z,Eofloisand1@gmail.com,newsletter,everyone,true,US,,,,,,Mozilla/5.0 (Windows NT 5.1; rv:11.0) Gecko Firefox/11.0 (via ggpht.com GoogleImageProxy)
150229923,2024-10-25T05:56:28.648Z,seanand113@gmail.com,newsletter,everyone,true,US,,,,,,Mozilla/5.0
150229923,2024-10-25T22:23:50.862Z,henryw.2118@gmail.com,newsletter,everyone,true,US,,,,,,Mozilla/5.0
150229923,2024-10-28T08:50:44.059Z,seanand113@gmail.com,newsletter,everyone,true,US,,,,,,Mozilla/5.0
150229923,2024-10-29T12:16:32.841Z,seanand113@gmail.com,newsletter,everyone,true,US,,,,,,Mozilla/5.0
150229923,2024-10-30T12:03:47.912Z,seanand113@gmail.com,newsletter,everyone,true,US,,,,,,Mozilla/5.0
150229923,2024-10-30T20:30:57.371Z,scumler19@gmail.com,newsletter,everyone,true,US,,,,,,Mozilla/5.0 (Windows NT 5.1; rv:11.0) Gecko Firefox/11.0 (via ggpht.com GoogleImageProxy)
150229923,2024-10-31T11:57:07.757Z,seanand113@gmail.com,newsletter,everyone,true,US,,,,,,Mozilla/5.0
150229923,2024-11-04T10:39:13.840Z,seanand113@gmail.com,newsletter,everyone,true,US,,,,,,Mozilla/5.0
150229923,2024-11-04T10:39:17.512Z,seanand113@gmail.com,newsletter,everyone,true,US,,,,,,Mozilla/5.0
150229923,2024-11-05T00:03:14.019Z,griffin.szymoniak@gmail.com,newsletter,everyone,true,US,,,,,,Mozilla/5.0
150229923,2024-11-06T12:36:40.900Z,seanand113@gmail.com,newsletter,everyone,true,US,,,,,,Mozilla/5.0
150229923,2024-11-06T12:36:44.610Z,seanand113@gmail.com,newsletter,everyone,true,US,,,,,,Mozilla/5.0
150229923,2024-11-12T13:08:01.123Z,katherinemansfield13@gmail.com,newsletter,everyone,true,US,,,,,,Mozilla/5.0
