post_id,timestamp,email,post_type,post_audience,active_subscription,country,city,region,device_type,client_os,client_type,user_agent
150367016,2024-10-17T18:41:32.485Z,ptantchev@gmail.com,newsletter,everyone,false,US,,,,,,Mozilla/5.0 (Windows NT 5.1; rv:11.0) Gecko Firefox/11.0 (via ggpht.com GoogleImageProxy)
150367016,2024-10-17T18:42:53.112Z,jamespwilson14@gmail.com,newsletter,everyone,true,US,,,,,,Mozilla/5.0 (Windows NT 5.1; rv:11.0) Gecko Firefox/11.0 (via ggpht.com GoogleImageProxy)
150367016,2024-10-17T18:46:00.905Z,Eofloisand1@gmail.com,newsletter,everyone,true,US,,,,,,Mozilla/5.0 (Windows NT 5.1; rv:11.0) Gecko Firefox/11.0 (via ggpht.com GoogleImageProxy)
150367016,2024-10-17T19:00:02.716Z,Derek.uy@gmail.com,newsletter,everyone,true,US,,,,,,Mozilla/5.0 (Windows NT 5.1; rv:11.0) Gecko Firefox/11.0 (via ggpht.com GoogleImageProxy)
150367016,2024-10-17T19:00:04.771Z,derekuy@ucsb.edu,newsletter,everyone,true,US,,,,,,Mozilla/5.0 (Windows NT 5.1; rv:11.0) Gecko Firefox/11.0 (via ggpht.com GoogleImageProxy)
150367016,2024-10-17T19:00:08.661Z,derekuy@ucsb.edu,newsletter,everyone,true,US,,,,,,Mozilla/5.0 (Windows NT 5.1; rv:11.0) Gecko Firefox/11.0 (via ggpht.com GoogleImageProxy)
150367016,2024-10-17T19:00:22.343Z,derekuy@ucsb.edu,newsletter,everyone,true,US,,,,,,Mozilla/5.0 (Windows NT 5.1; rv:11.0) Gecko Firefox/11.0 (via ggpht.com GoogleImageProxy)
150367016,2024-10-17T19:59:08.025Z,aidankenney08@gmail.com,newsletter,everyone,true,US,,,,,,Mozilla/5.0
150367016,2024-10-17T20:43:51.718Z,ptantchev@gmail.com,newsletter,everyone,false,US,,,,,,Mozilla/5.0
150367016,2024-10-17T20:45:18.633Z,katherinemansfield13@gmail.com,newsletter,everyone,true,US,,,,,,Mozilla/5.0 (Windows NT 5.1; rv:11.0) Gecko Firefox/11.0 (via ggpht.com GoogleImageProxy)
150367016,2024-10-17T20:46:32.160Z,ptantchev@gmail.com,newsletter,everyone,false,US,,,,,,Mozilla/5.0 (Windows NT 5.1; rv:11.0) Gecko Firefox/11.0 (via ggpht.com GoogleImageProxy)
150367016,2024-10-17T20:56:32.981Z,griffin.szymoniak@gmail.com,newsletter,everyone,true,US,,,,,,Mozilla/5.0 (Windows NT 5.1; rv:11.0) Gecko Firefox/11.0 (via ggpht.com GoogleImageProxy)
150367016,2024-10-17T21:06:53.204Z,derekuy@ucsb.edu,newsletter,everyone,true,US,,,,,,Mozilla/5.0 (Windows NT 5.1; rv:11.0) Gecko Firefox/11.0 (via ggpht.com GoogleImageProxy)
150367016,2024-10-17T21:07:39.753Z,griffin.szymoniak@gmail.com,newsletter,everyone,true,US,,,,,,Mozilla/5.0 (Windows NT 5.1; rv:11.0) Gecko Firefox/11.0 (via ggpht.com GoogleImageProxy)
150367016,2024-10-17T21:18:10.078Z,seanand113@gmail.com,newsletter,everyone,true,US,,,,,,Mozilla/5.0
150367016,2024-10-17T22:18:18.758Z,olafjkuiper@gmail.com,newsletter,everyone,true,US,,,,,,Mozilla/5.0
150367016,2024-10-17T22:18:21.410Z,hayeswu@icloud.com,newsletter,everyone,true,US,,,,,,Mozilla/5.0
150367016,2024-10-17T22:42:12.668Z,Derek.uy@gmail.com,newsletter,everyone,true,US,,,,,,Mozilla/5.0 (Windows NT 5.1; rv:11.0) Gecko Firefox/11.0 (via ggpht.com GoogleImageProxy)
150367016,2024-10-17T22:51:24.059Z,derekuy@ucsb.edu,newsletter,everyone,true,US,,,,,,Mozilla/5.0 (Windows NT 5.1; rv:11.0) Gecko Firefox/11.0 (via ggpht.com GoogleImageProxy)
150367016,2024-10-17T23:51:40.046Z,Derek.uy@gmail.com,newsletter,everyone,true,US,,,,,,Mozilla/5.0
150367016,2024-10-18T00:10:31.057Z,henryw.2118@gmail.com,newsletter,everyone,true,US,,,,,,Mozilla/5.0
150367016,2024-10-18T00:24:23.031Z,willthomas127@gmail.com,newsletter,everyone,true,US,,,,,,Mozilla/5.0 (Windows NT 5.1; rv:11.0) Gecko Firefox/11.0 (via ggpht.com GoogleImageProxy)
150367016,2024-10-18T03:54:36.691Z,katherinemansfield13@gmail.com,newsletter,everyone,true,US,,,,,,Mozilla/5.0
150367016,2024-10-18T18:48:48.259Z,griffin.szymoniak@gmail.com,newsletter,everyone,true,US,,,,,,Mozilla/5.0
150367016,2024-10-19T09:47:10.277Z,seanand113@gmail.com,newsletter,everyone,true,US,,,,,,Mozilla/5.0
150367016,2024-10-20T07:41:32.417Z,seanand113@gmail.com,newsletter,everyone,true,US,,,,,,Mozilla/5.0
150367016,2024-10-20T22:42:54.361Z,griffin.szymoniak@gmail.com,newsletter,everyone,true,US,,,,,,Mozilla/5.0 (Windows NT 5.1; rv:11.0) Gecko Firefox/11.0 (via ggpht.com GoogleImageProxy)
150367016,2024-10-20T22:43:01.051Z,griffin.szymoniak@gmail.com,newsletter,everyone,true,US,,,,,,Mozilla/5.0 (Windows NT 5.1; rv:11.0) Gecko Firefox/11.0 (via ggpht.com GoogleImageProxy)
150367016,2024-10-22T09:25:26.144Z,jamespwilson14@gmail.com,newsletter,everyone,true,US,,,,,,Mozilla/5.0
150367016,2024-10-23T23:44:42.302Z,Eofloisand1@gmail.com,newsletter,everyone,true,US,,,,,,Mozilla/5.0 (Windows NT 5.1; rv:11.0) Gecko Firefox/11.0 (via ggpht.com GoogleImageProxy)
150367016,2024-10-24T18:40:13.327Z,henryw.2118@gmail.com,newsletter,everyone,true,US,,,,,,Mozilla/5.0
150367016,2024-10-24T19:20:03.056Z,josephekpo@ucsb.edu,newsletter,everyone,true,US,,,,,,Mozilla/5.0
150367016,2024-10-25T05:31:20.337Z,seanand113@gmail.com,newsletter,everyone,true,US,,,,,,Mozilla/5.0
150367016,2024-10-25T08:06:34.735Z,seanand113@gmail.com,newsletter,everyone,true,US,,,,,,Mozilla/5.0
150367016,2024-10-25T22:23:50.861Z,henryw.2118@gmail.com,newsletter,everyone,true,US,,,,,,Mozilla/5.0
150367016,2024-10-28T08:26:13.942Z,seanand113@gmail.com,newsletter,everyone,true,US,,,,,,Mozilla/5.0
150367016,2024-10-29T11:29:12.135Z,seanand113@gmail.com,newsletter,everyone,true,US,,,,,,Mozilla/5.0
150367016,2024-10-30T11:25:45.068Z,seanand113@gmail.com,newsletter,everyone,true,US,,,,,,Mozilla/5.0
150367016,2024-10-31T11:27:03.782Z,seanand113@gmail.com,newsletter,everyone,true,US,,,,,,Mozilla/5.0
150367016,2024-10-31T11:45:52.382Z,seanand113@gmail.com,newsletter,everyone,true,US,,,,,,Mozilla/5.0
150367016,2024-11-04T10:10:12.802Z,seanand113@gmail.com,newsletter,everyone,true,US,,,,,,Mozilla/5.0
150367016,2024-11-04T23:52:39.683Z,griffin.szymoniak@gmail.com,newsletter,everyone,true,US,,,,,,Mozilla/5.0
150367016,2024-11-12T11:59:03.897Z,katherinemansfield13@gmail.com,newsletter,everyone,true,US,,,,,,Mozilla/5.0
150367016,2024-11-13T13:46:27.428Z,seanand113@gmail.com,newsletter,everyone,true,US,,,,,,Mozilla/5.0
