post_id,timestamp,email,post_type,post_audience,active_subscription
150367016,2024-10-17T18:39:19.197Z,ptantchev@gmail.com,newsletter,everyone,false
150367016,2024-10-17T18:39:20.649Z,jamespwilson14@gmail.com,newsletter,everyone,true
150367016,2024-10-17T18:39:20.682Z,willthomas127@gmail.com,newsletter,everyone,true
150367016,2024-10-17T18:39:20.685Z,griffin.szymoniak@gmail.com,newsletter,everyone,true
150367016,2024-10-17T18:39:20.710Z,aidankenney08@gmail.com,newsletter,everyone,true
150367016,2024-10-17T18:39:20.714Z,derekuy@ucsb.edu,newsletter,everyone,true
150367016,2024-10-17T18:39:20.722Z,olafjkuiper@gmail.com,newsletter,everyone,true
150367016,2024-10-17T18:39:20.775Z,scumler19@gmail.com,newsletter,everyone,true
150367016,2024-10-17T18:39:20.861Z,faigorjaihometv@gmail.com,newsletter,everyone,true
150367016,2024-10-17T18:39:20.956Z,henryw.2118@gmail.com,newsletter,everyone,true
150367016,2024-10-17T18:39:20.983Z,Derek.uy@gmail.com,newsletter,everyone,true
150367016,2024-10-17T18:39:21.106Z,seanand113@gmail.com,newsletter,everyone,true
150367016,2024-10-17T18:39:21.177Z,seansantos3000@gmail.com,newsletter,everyone,true
150367016,2024-10-17T18:39:21.235Z,Eofloisand1@gmail.com,newsletter,everyone,true
150367016,2024-10-17T18:39:21.289Z,ryanking925@gmail.com,newsletter,everyone,true
150367016,2024-10-17T18:39:21.303Z,josephekpo@ucsb.edu,newsletter,everyone,true
150367016,2024-10-17T18:39:21.493Z,katherinemansfield13@gmail.com,newsletter,everyone,true
150367016,2024-10-17T18:39:21.648Z,btantchev@yahoo.com,newsletter,everyone,true
150367016,2024-10-17T18:39:25.905Z,hayeswu@icloud.com,newsletter,everyone,true
