post_id,timestamp,email,post_type,post_audience,active_subscription,country,city,region,device_type,client_os,client_type,user_agent
150422449,2024-10-18T19:14:38.640Z,jamespwilson14@gmail.com,newsletter,everyone,true,US,,,,,,Mozilla/5.0 (Windows NT 5.1; rv:11.0) Gecko Firefox/11.0 (via ggpht.com GoogleImageProxy)
150422449,2024-10-18T19:16:02.118Z,ptantchev@gmail.com,newsletter,everyone,false,US,,,,,,Mozilla/5.0 (Windows NT 5.1; rv:11.0) Gecko Firefox/11.0 (via ggpht.com GoogleImageProxy)
150422449,2024-10-18T19:21:53.671Z,jamespwilson14@gmail.com,newsletter,everyone,true,US,,,,,,Mozilla/5.0 (Windows NT 5.1; rv:11.0) Gecko Firefox/11.0 (via ggpht.com GoogleImageProxy)
150422449,2024-10-18T19:40:08.900Z,ptantchev@gmail.com,newsletter,everyone,false,US,,,,,,Mozilla/5.0
150422449,2024-10-18T19:47:44.256Z,Derek.uy@gmail.com,newsletter,everyone,true,US,,,,,,Mozilla/5.0 (Windows NT 5.1; rv:11.0) Gecko Firefox/11.0 (via ggpht.com GoogleImageProxy)
150422449,2024-10-18T19:47:48.564Z,derekuy@ucsb.edu,newsletter,everyone,true,US,,,,,,Mozilla/5.0 (Windows NT 5.1; rv:11.0) Gecko Firefox/11.0 (via ggpht.com GoogleImageProxy)
150422449,2024-10-18T20:00:20.156Z,willthomas127@gmail.com,newsletter,everyone,true,US,,,,,,Mozilla/5.0 (Windows NT 5.1; rv:11.0) Gecko Firefox/11.0 (via ggpht.com GoogleImageProxy)
150422449,2024-10-18T20:23:36.217Z,hayeswu@icloud.com,newsletter,everyone,true,US,,,,,,Mozilla/5.0
150422449,2024-10-18T20:33:59.458Z,Eofloisand1@gmail.com,newsletter,everyone,true,US,,,,,,Mozilla/5.0 (Windows NT 5.1; rv:11.0) Gecko Firefox/11.0 (via ggpht.com GoogleImageProxy)
150422449,2024-10-18T20:40:35.888Z,olafjkuiper@gmail.com,newsletter,everyone,true,US,,,,,,Mozilla/5.0
150422449,2024-10-18T21:12:49.101Z,griffin.szymoniak@gmail.com,newsletter,everyone,true,US,,,,,,Mozilla/5.0 (Windows NT 5.1; rv:11.0) Gecko Firefox/11.0 (via ggpht.com GoogleImageProxy)
150422449,2024-10-18T22:57:39.423Z,katherinemansfield13@gmail.com,newsletter,everyone,true,US,,,,,,Mozilla/5.0
150422449,2024-10-18T23:02:38.362Z,olafjkuiper@gmail.com,newsletter,everyone,true,US,,,,,,Mozilla/5.0 (Windows NT 5.1; rv:11.0) Gecko Firefox/11.0 (via ggpht.com GoogleImageProxy)
150422449,2024-10-19T01:05:23.680Z,henryw.2118@gmail.com,newsletter,everyone,true,US,,,,,,Mozilla/5.0
150422449,2024-10-19T02:50:53.379Z,griffin.szymoniak@gmail.com,newsletter,everyone,true,US,,,,,,Mozilla/5.0 (Windows NT 5.1; rv:11.0) Gecko Firefox/11.0 (via ggpht.com GoogleImageProxy)
150422449,2024-10-19T04:07:59.769Z,aidankenney08@gmail.com,newsletter,everyone,true,US,,,,,,Mozilla/5.0
150422449,2024-10-19T04:58:43.131Z,Derek.uy@gmail.com,newsletter,everyone,true,US,,,,,,Mozilla/5.0
150422449,2024-10-19T09:47:10.276Z,seanand113@gmail.com,newsletter,everyone,true,US,,,,,,Mozilla/5.0
150422449,2024-10-19T17:58:30.974Z,hayeswu@icloud.com,newsletter,everyone,true,US,,,,,,Mozilla/5.0
150422449,2024-10-20T06:45:14.794Z,seanand113@gmail.com,newsletter,everyone,true,US,,,,,,Mozilla/5.0
150422449,2024-10-20T15:24:53.837Z,aidankenney08@gmail.com,newsletter,everyone,true,US,,,,,,Mozilla/5.0 (Windows NT 5.1; rv:11.0) Gecko Firefox/11.0 (via ggpht.com GoogleImageProxy)
150422449,2024-10-21T09:41:54.973Z,griffin.szymoniak@gmail.com,newsletter,everyone,true,US,,,,,,Mozilla/5.0
150422449,2024-10-22T11:50:46.212Z,jamespwilson14@gmail.com,newsletter,everyone,true,US,,,,,,Mozilla/5.0
150422449,2024-10-23T23:44:39.113Z,Eofloisand1@gmail.com,newsletter,everyone,true,US,,,,,,Mozilla/5.0 (Windows NT 5.1; rv:11.0) Gecko Firefox/11.0 (via ggpht.com GoogleImageProxy)
150422449,2024-10-25T05:31:20.335Z,seanand113@gmail.com,newsletter,everyone,true,US,,,,,,Mozilla/5.0
150422449,2024-10-25T08:06:34.734Z,seanand113@gmail.com,newsletter,everyone,true,US,,,,,,Mozilla/5.0
150422449,2024-10-25T20:28:34.481Z,henryw.2118@gmail.com,newsletter,everyone,true,US,,,,,,Mozilla/5.0
150422449,2024-10-25T22:23:50.861Z,henryw.2118@gmail.com,newsletter,everyone,true,US,,,,,,Mozilla/5.0
150422449,2024-10-28T08:26:13.940Z,seanand113@gmail.com,newsletter,everyone,true,US,,,,,,Mozilla/5.0
150422449,2024-10-29T11:29:12.134Z,seanand113@gmail.com,newsletter,everyone,true,US,,,,,,Mozilla/5.0
150422449,2024-10-30T11:25:45.067Z,seanand113@gmail.com,newsletter,everyone,true,US,,,,,,Mozilla/5.0
150422449,2024-10-31T11:27:03.780Z,seanand113@gmail.com,newsletter,everyone,true,US,,,,,,Mozilla/5.0
150422449,2024-11-04T09:55:54.613Z,seanand113@gmail.com,newsletter,everyone,true,US,,,,,,Mozilla/5.0
150422449,2024-11-04T23:52:39.683Z,griffin.szymoniak@gmail.com,newsletter,everyone,true,US,,,,,,Mozilla/5.0
150422449,2024-11-12T11:59:03.895Z,katherinemansfield13@gmail.com,newsletter,everyone,true,US,,,,,,Mozilla/5.0
150422449,2024-11-13T13:46:27.427Z,seanand113@gmail.com,newsletter,everyone,true,US,,,,,,Mozilla/5.0
