post_id,timestamp,email,post_type,post_audience,active_subscription
150422449,2024-10-18T19:09:05.608Z,ptantchev@gmail.com,newsletter,everyone,false
150422449,2024-10-18T19:09:06.733Z,seanand113@gmail.com,newsletter,everyone,true
150422449,2024-10-18T19:09:06.781Z,ryanking925@gmail.com,newsletter,everyone,true
150422449,2024-10-18T19:09:06.812Z,katherinemansfield13@gmail.com,newsletter,everyone,true
150422449,2024-10-18T19:09:06.859Z,seansantos3000@gmail.com,newsletter,everyone,true
150422449,2024-10-18T19:09:06.931Z,Derek.uy@gmail.com,newsletter,everyone,true
150422449,2024-10-18T19:09:10.138Z,Eofloisand1@gmail.com,newsletter,everyone,true
150422449,2024-10-18T19:09:10.173Z,aidankenney08@gmail.com,newsletter,everyone,true
150422449,2024-10-18T19:09:10.198Z,josephekpo@ucsb.edu,newsletter,everyone,true
150422449,2024-10-18T19:09:10.200Z,willthomas127@gmail.com,newsletter,everyone,true
150422449,2024-10-18T19:09:10.266Z,scumler19@gmail.com,newsletter,everyone,true
150422449,2024-10-18T19:09:10.416Z,jamespwilson14@gmail.com,newsletter,everyone,true
150422449,2024-10-18T19:09:10.486Z,griffin.szymoniak@gmail.com,newsletter,everyone,true
150422449,2024-10-18T19:09:10.486Z,faigorjaihometv@gmail.com,newsletter,everyone,true
150422449,2024-10-18T19:09:10.719Z,derekuy@ucsb.edu,newsletter,everyone,true
150422449,2024-10-18T19:09:10.742Z,olafjkuiper@gmail.com,newsletter,everyone,true
150422449,2024-10-18T19:09:11.197Z,henryw.2118@gmail.com,newsletter,everyone,true
150422449,2024-10-18T19:09:13.738Z,hayeswu@icloud.com,newsletter,everyone,true
150422449,2024-10-18T19:09:17.109Z,btantchev@yahoo.com,newsletter,everyone,true
