post_id,timestamp,email,post_type,post_audience,active_subscription,country,city,region,device_type,client_os,client_type,user_agent
150532879,2024-10-21T20:55:29.828Z,olafjkuiper@gmail.com,newsletter,everyone,true,US,,,,,,Mozilla/5.0 (Windows NT 5.1; rv:11.0) Gecko Firefox/11.0 (via ggpht.com GoogleImageProxy)
150532879,2024-10-21T21:28:15.462Z,Derek.uy@gmail.com,newsletter,everyone,true,US,,,,,,Mozilla/5.0 (Windows NT 5.1; rv:11.0) Gecko Firefox/11.0 (via ggpht.com GoogleImageProxy)
150532879,2024-10-21T21:29:45.378Z,Derek.uy@gmail.com,newsletter,everyone,true,US,,,,,,Mozilla/5.0 (Windows NT 5.1; rv:11.0) Gecko Firefox/11.0 (via ggpht.com GoogleImageProxy)
150532879,2024-10-21T21:56:41.378Z,willthomas127@gmail.com,newsletter,everyone,true,US,,,,,,Mozilla/5.0 (Windows NT 5.1; rv:11.0) Gecko Firefox/11.0 (via ggpht.com GoogleImageProxy)
150532879,2024-10-21T22:10:59.903Z,derekuy@ucsb.edu,newsletter,everyone,true,US,,,,,,Mozilla/5.0 (Windows NT 5.1; rv:11.0) Gecko Firefox/11.0 (via ggpht.com GoogleImageProxy)
150532879,2024-10-21T22:28:40.704Z,griffin.szymoniak@gmail.com,newsletter,everyone,true,US,,,,,,Mozilla/5.0 (Windows NT 5.1; rv:11.0) Gecko Firefox/11.0 (via ggpht.com GoogleImageProxy)
150532879,2024-10-21T22:47:28.364Z,ptantchev@gmail.com,newsletter,everyone,false,BG,,,,,,Mozilla/5.0
150532879,2024-10-21T23:56:20.600Z,henryw.2118@gmail.com,newsletter,everyone,true,US,,,,,,Mozilla/5.0 (Windows NT 5.1; rv:11.0) Gecko Firefox/11.0 (via ggpht.com GoogleImageProxy)
150532879,2024-10-22T00:00:44.745Z,aidankenney08@gmail.com,newsletter,everyone,true,US,,,,,,Mozilla/5.0
150532879,2024-10-22T01:17:27.021Z,henryw.2118@gmail.com,newsletter,everyone,true,US,,,,,,Mozilla/5.0 (Windows NT 5.1; rv:11.0) Gecko Firefox/11.0 (via ggpht.com GoogleImageProxy)
150532879,2024-10-22T02:02:18.243Z,olafjkuiper@gmail.com,newsletter,everyone,true,US,,,,,,Mozilla/5.0 (Windows NT 5.1; rv:11.0) Gecko Firefox/11.0 (via ggpht.com GoogleImageProxy)
150532879,2024-10-22T02:57:30.481Z,olafjkuiper@gmail.com,newsletter,everyone,true,US,,,,,,Mozilla/5.0
150532879,2024-10-22T03:57:50.001Z,aidankenney08@gmail.com,newsletter,everyone,true,US,,,,,,Mozilla/5.0 (Windows NT 5.1; rv:11.0) Gecko Firefox/11.0 (via ggpht.com GoogleImageProxy)
150532879,2024-10-22T05:04:13.068Z,seanand113@gmail.com,newsletter,everyone,true,US,,,,,,Mozilla/5.0
150532879,2024-10-22T05:24:51.211Z,katherinemansfield13@gmail.com,newsletter,everyone,true,US,,,,,,Mozilla/5.0
150532879,2024-10-22T08:29:54.406Z,bgstudioda@gmail.com,newsletter,everyone,true,US,,,,,,Mozilla/5.0 (Windows NT 5.1; rv:11.0) Gecko Firefox/11.0 (via ggpht.com GoogleImageProxy)
150532879,2024-10-22T09:47:56.833Z,henryw.2118@gmail.com,newsletter,everyone,true,US,,,,,,Mozilla/5.0
150532879,2024-10-22T10:58:55.887Z,Eofloisand1@gmail.com,newsletter,everyone,true,US,,,,,,Mozilla/5.0 (Windows NT 5.1; rv:11.0) Gecko Firefox/11.0 (via ggpht.com GoogleImageProxy)
150532879,2024-10-22T13:00:38.013Z,griffin.szymoniak@gmail.com,newsletter,everyone,true,US,,,,,,Mozilla/5.0
150532879,2024-10-22T14:26:16.148Z,jamespwilson14@gmail.com,newsletter,everyone,true,US,,,,,,Mozilla/5.0
150532879,2024-10-22T15:21:53.845Z,katherinemansfield13@gmail.com,newsletter,everyone,true,US,,,,,,Mozilla/5.0 (Windows NT 5.1; rv:11.0) Gecko Firefox/11.0 (via ggpht.com GoogleImageProxy)
150532879,2024-10-22T16:06:19.288Z,willthomas127@gmail.com,newsletter,everyone,true,US,,,,,,Mozilla/5.0 (Windows NT 5.1; rv:11.0) Gecko Firefox/11.0 (via ggpht.com GoogleImageProxy)
150532879,2024-10-22T20:41:43.945Z,Eofloisand1@gmail.com,newsletter,everyone,true,US,,,,,,Mozilla/5.0 (Windows NT 5.1; rv:11.0) Gecko Firefox/11.0 (via ggpht.com GoogleImageProxy)
150532879,2024-10-23T07:48:56.633Z,Derek.uy@gmail.com,newsletter,everyone,true,US,,,,,,Mozilla/5.0
150532879,2024-10-23T19:39:32.788Z,aidankenney08@gmail.com,newsletter,everyone,true,US,,,,,,Mozilla/5.0 (Windows NT 5.1; rv:11.0) Gecko Firefox/11.0 (via ggpht.com GoogleImageProxy)
150532879,2024-10-24T12:56:51.496Z,seanand113@gmail.com,newsletter,everyone,true,US,,,,,,Mozilla/5.0
150532879,2024-10-25T07:34:47.469Z,seanand113@gmail.com,newsletter,everyone,true,US,,,,,,Mozilla/5.0
150532879,2024-10-25T22:04:59.507Z,henryw.2118@gmail.com,newsletter,everyone,true,US,,,,,,Mozilla/5.0
150532879,2024-10-25T22:07:03.582Z,henryw.2118@gmail.com,newsletter,everyone,true,US,,,,,,Mozilla/5.0
150532879,2024-10-28T07:54:18.534Z,seanand113@gmail.com,newsletter,everyone,true,US,,,,,,Mozilla/5.0
150532879,2024-10-29T10:57:55.308Z,seanand113@gmail.com,newsletter,everyone,true,US,,,,,,Mozilla/5.0
150532879,2024-10-30T11:06:38.358Z,seanand113@gmail.com,newsletter,everyone,true,US,,,,,,Mozilla/5.0
150532879,2024-10-30T20:31:04.295Z,scumler19@gmail.com,newsletter,everyone,true,US,,,,,,Mozilla/5.0 (Windows NT 5.1; rv:11.0) Gecko Firefox/11.0 (via ggpht.com GoogleImageProxy)
150532879,2024-10-31T11:22:44.865Z,seanand113@gmail.com,newsletter,everyone,true,US,,,,,,Mozilla/5.0
150532879,2024-10-31T11:22:47.051Z,seanand113@gmail.com,newsletter,everyone,true,US,,,,,,Mozilla/5.0
150532879,2024-11-04T09:37:10.579Z,seanand113@gmail.com,newsletter,everyone,true,US,,,,,,Mozilla/5.0
150532879,2024-11-04T23:52:39.682Z,griffin.szymoniak@gmail.com,newsletter,everyone,true,US,,,,,,Mozilla/5.0
150532879,2024-11-06T11:00:48.165Z,seanand113@gmail.com,newsletter,everyone,true,US,,,,,,Mozilla/5.0
150532879,2024-11-11T05:51:20.724Z,katherinemansfield13@gmail.com,newsletter,everyone,true,US,,,,,,Mozilla/5.0
150532879,2024-11-13T13:46:27.424Z,seanand113@gmail.com,newsletter,everyone,true,US,,,,,,Mozilla/5.0
150532879,2024-11-17T18:05:36.800Z,seanand113@gmail.com,newsletter,everyone,true,US,,,,,,Mozilla/5.0
