post_id,timestamp,email,post_type,post_audience,active_subscription
150532879,2024-10-21T20:13:02.949Z,ptantchev@gmail.com,newsletter,everyone,false
150532879,2024-10-21T20:13:03.725Z,seanand113@gmail.com,newsletter,everyone,true
150532879,2024-10-21T20:13:03.806Z,seansantos3000@gmail.com,newsletter,everyone,true
150532879,2024-10-21T20:13:03.864Z,katherinemansfield13@gmail.com,newsletter,everyone,true
150532879,2024-10-21T20:13:03.889Z,Derek.uy@gmail.com,newsletter,everyone,true
150532879,2024-10-21T20:13:04.527Z,ryanking925@gmail.com,newsletter,everyone,true
150532879,2024-10-21T20:13:04.743Z,btantchev@yahoo.com,newsletter,everyone,true
150532879,2024-10-21T20:13:06.209Z,henryw.2118@gmail.com,newsletter,everyone,true
150532879,2024-10-21T20:13:06.342Z,willthomas127@gmail.com,newsletter,everyone,true
150532879,2024-10-21T20:13:06.343Z,olafjkuiper@gmail.com,newsletter,everyone,true
150532879,2024-10-21T20:13:06.392Z,derekuy@ucsb.edu,newsletter,everyone,true
150532879,2024-10-21T20:13:06.436Z,scumler19@gmail.com,newsletter,everyone,true
150532879,2024-10-21T20:13:06.437Z,aidankenney08@gmail.com,newsletter,everyone,true
150532879,2024-10-21T20:13:06.627Z,bgstudioda@gmail.com,newsletter,everyone,true
150532879,2024-10-21T20:13:06.699Z,faigorjaihometv@gmail.com,newsletter,everyone,true
150532879,2024-10-21T20:13:06.750Z,griffin.szymoniak@gmail.com,newsletter,everyone,true
150532879,2024-10-21T20:13:06.917Z,Eofloisand1@gmail.com,newsletter,everyone,true
150532879,2024-10-21T20:13:07.674Z,josephekpo@ucsb.edu,newsletter,everyone,true
150532879,2024-10-21T20:13:07.855Z,jamespwilson14@gmail.com,newsletter,everyone,true
150532879,2024-10-21T20:13:10.079Z,hayeswu@icloud.com,newsletter,everyone,true
