post_id,timestamp,email,post_type,post_audience,active_subscription
150851991,2024-10-28T17:15:12.943Z,ptantchev@gmail.com,newsletter,everyone,false
150851991,2024-10-28T17:15:15.395Z,katherinemansfield13@gmail.com,newsletter,everyone,true
150851991,2024-10-28T17:15:15.514Z,griffin.szymoniak@gmail.com,newsletter,everyone,true
150851991,2024-10-28T17:15:15.605Z,willthomas127@gmail.com,newsletter,everyone,true
150851991,2024-10-28T17:15:15.700Z,aidankenney08@gmail.com,newsletter,everyone,true
150851991,2024-10-28T17:15:15.796Z,derekuy@ucsb.edu,newsletter,everyone,true
150851991,2024-10-28T17:15:15.825Z,olafjkuiper@gmail.com,newsletter,everyone,true
150851991,2024-10-28T17:15:16.012Z,scumler19@gmail.com,newsletter,everyone,true
150851991,2024-10-28T17:15:16.017Z,henryw.2118@gmail.com,newsletter,everyone,true
150851991,2024-10-28T17:15:16.020Z,seanand113@gmail.com,newsletter,everyone,true
150851991,2024-10-28T17:15:16.054Z,seansantos3000@gmail.com,newsletter,everyone,true
150851991,2024-10-28T17:15:16.178Z,jamespwilson14@gmail.com,newsletter,everyone,true
150851991,2024-10-28T17:15:16.370Z,faigorjaihometv@gmail.com,newsletter,everyone,true
150851991,2024-10-28T17:15:16.383Z,bgstudioda@gmail.com,newsletter,everyone,true
150851991,2024-10-28T17:15:16.559Z,Eofloisand1@gmail.com,newsletter,everyone,true
150851991,2024-10-28T17:15:16.597Z,ryanking925@gmail.com,newsletter,everyone,true
150851991,2024-10-28T17:15:16.798Z,Derek.uy@gmail.com,newsletter,everyone,true
150851991,2024-10-28T17:15:16.956Z,btantchev@yahoo.com,newsletter,everyone,true
150851991,2024-10-28T17:15:16.959Z,josephekpo@ucsb.edu,newsletter,everyone,true
