post_id,timestamp,email,post_type,post_audience,active_subscription,country,city,region,device_type,client_os,client_type,user_agent
150851991,2024-10-28T17:15:43.884Z,griffin.szymoniak@gmail.com,newsletter,everyone,true,US,,,,,,Mozilla/5.0 (Windows NT 5.1; rv:11.0) Gecko Firefox/11.0 (via ggpht.com GoogleImageProxy)
150851991,2024-10-28T17:20:54.853Z,henryw.2118@gmail.com,newsletter,everyone,true,US,,,,,,Mozilla/5.0 (Windows NT 5.1; rv:11.0) Gecko Firefox/11.0 (via ggpht.com GoogleImageProxy)
150851991,2024-10-28T18:24:28.828Z,Eofloisand1@gmail.com,newsletter,everyone,true,US,,,,,,Mozilla/5.0 (Windows NT 5.1; rv:11.0) Gecko Firefox/11.0 (via ggpht.com GoogleImageProxy)
150851991,2024-10-28T18:24:32.221Z,Eofloisand1@gmail.com,newsletter,everyone,true,US,,,,,,Mozilla/5.0 (Windows NT 5.1; rv:11.0) Gecko Firefox/11.0 (via ggpht.com GoogleImageProxy)
150851991,2024-10-28T18:37:11.589Z,aidankenney08@gmail.com,newsletter,everyone,true,US,,,,,,Mozilla/5.0 (Windows NT 5.1; rv:11.0) Gecko Firefox/11.0 (via ggpht.com GoogleImageProxy)
150851991,2024-10-28T18:56:37.132Z,derekuy@ucsb.edu,newsletter,everyone,true,US,,,,,,Mozilla/5.0 (Windows NT 5.1; rv:11.0) Gecko Firefox/11.0 (via ggpht.com GoogleImageProxy)
150851991,2024-10-28T18:56:37.225Z,derekuy@ucsb.edu,newsletter,everyone,true,US,,,,,,Mozilla/5.0 (Windows NT 5.1; rv:11.0) Gecko Firefox/11.0 (via ggpht.com GoogleImageProxy)
150851991,2024-10-28T19:20:18.987Z,seanand113@gmail.com,newsletter,everyone,true,US,,,,,,Mozilla/5.0
150851991,2024-10-28T19:51:45.463Z,katherinemansfield13@gmail.com,newsletter,everyone,true,US,,,,,,Mozilla/5.0
150851991,2024-10-28T20:22:09.790Z,olafjkuiper@gmail.com,newsletter,everyone,true,US,,,,,,Mozilla/5.0 (Windows NT 5.1; rv:11.0) Gecko Firefox/11.0 (via ggpht.com GoogleImageProxy)
150851991,2024-10-28T20:51:15.176Z,ptantchev@gmail.com,newsletter,everyone,false,US,,,,,,Mozilla/5.0
150851991,2024-10-28T20:58:29.679Z,henryw.2118@gmail.com,newsletter,everyone,true,US,,,,,,Mozilla/5.0
150851991,2024-10-28T21:04:17.376Z,bgstudioda@gmail.com,newsletter,everyone,true,US,,,,,,Mozilla/5.0 (Windows NT 5.1; rv:11.0) Gecko Firefox/11.0 (via ggpht.com GoogleImageProxy)
150851991,2024-10-28T22:01:07.290Z,aidankenney08@gmail.com,newsletter,everyone,true,US,,,,,,Mozilla/5.0
150851991,2024-10-29T00:49:49.849Z,olafjkuiper@gmail.com,newsletter,everyone,true,US,,,,,,Mozilla/5.0
150851991,2024-10-29T03:21:19.180Z,Derek.uy@gmail.com,newsletter,everyone,true,US,,,,,,Mozilla/5.0
150851991,2024-10-29T05:50:44.841Z,griffin.szymoniak@gmail.com,newsletter,everyone,true,US,,,,,,Mozilla/5.0 (Windows NT 5.1; rv:11.0) Gecko Firefox/11.0 (via ggpht.com GoogleImageProxy)
150851991,2024-10-29T07:58:19.832Z,griffin.szymoniak@gmail.com,newsletter,everyone,true,US,,,,,,Mozilla/5.0
150851991,2024-10-29T08:19:52.137Z,henryw.2118@gmail.com,newsletter,everyone,true,US,,,,,,Mozilla/5.0
150851991,2024-10-29T22:27:02.906Z,griffin.szymoniak@gmail.com,newsletter,everyone,true,US,,,,,,Mozilla/5.0 (Windows NT 5.1; rv:11.0) Gecko Firefox/11.0 (via ggpht.com GoogleImageProxy)
150851991,2024-10-29T22:46:28.819Z,katherinemansfield13@gmail.com,newsletter,everyone,true,US,,,,,,Mozilla/5.0 (Windows NT 5.1; rv:11.0) Gecko Firefox/11.0 (via ggpht.com GoogleImageProxy)
150851991,2024-10-30T05:09:57.238Z,seanand113@gmail.com,newsletter,everyone,true,US,,,,,,Mozilla/5.0
150851991,2024-10-30T10:07:46.900Z,seanand113@gmail.com,newsletter,everyone,true,US,,,,,,Mozilla/5.0
150851991,2024-10-31T10:31:49.554Z,seanand113@gmail.com,newsletter,everyone,true,US,,,,,,Mozilla/5.0
150851991,2024-10-31T21:13:07.931Z,jamespwilson14@gmail.com,newsletter,everyone,true,US,,,,,,Mozilla/5.0
150851991,2024-11-01T16:35:23.375Z,bgstudioda@gmail.com,newsletter,everyone,true,US,,,,,,Mozilla/5.0 (Windows NT 5.1; rv:11.0) Gecko Firefox/11.0 (via ggpht.com GoogleImageProxy)
150851991,2024-11-02T15:24:19.931Z,bgstudioda@gmail.com,newsletter,everyone,true,US,,,,,,Mozilla/5.0 (Windows NT 5.1; rv:11.0) Gecko Firefox/11.0 (via ggpht.com GoogleImageProxy)
150851991,2024-11-02T15:24:22.928Z,bgstudioda@gmail.com,newsletter,everyone,true,US,,,,,,Mozilla/5.0 (Windows NT 5.1; rv:11.0) Gecko Firefox/11.0 (via ggpht.com GoogleImageProxy)
150851991,2024-11-03T17:39:11.451Z,seanand113@gmail.com,newsletter,everyone,true,US,,,,,,Mozilla/5.0
150851991,2024-11-03T19:50:26.868Z,seanand113@gmail.com,newsletter,everyone,true,US,,,,,,Mozilla/5.0
150851991,2024-11-06T10:14:28.867Z,seanand113@gmail.com,newsletter,everyone,true,US,,,,,,Mozilla/5.0
150851991,2024-11-07T14:55:18.277Z,seanand113@gmail.com,newsletter,everyone,true,US,,,,,,Mozilla/5.0
150851991,2024-11-08T15:43:20.469Z,seanand113@gmail.com,newsletter,everyone,true,US,,,,,,Mozilla/5.0
150851991,2024-11-11T03:51:55.930Z,katherinemansfield13@gmail.com,newsletter,everyone,true,US,,,,,,Mozilla/5.0
150851991,2024-11-13T13:00:52.012Z,seanand113@gmail.com,newsletter,everyone,true,US,,,,,,Mozilla/5.0
150851991,2024-11-17T17:28:32.730Z,seanand113@gmail.com,newsletter,everyone,true,US,,,,,,Mozilla/5.0
