post_id,timestamp,email,post_type,post_audience,active_subscription,country,city,region,device_type,client_os,client_type,user_agent
150952548,2024-10-30T19:05:31.815Z,henryw.2118@gmail.com,newsletter,everyone,true,US,,,,,,Mozilla/5.0 (Windows NT 5.1; rv:11.0) Gecko Firefox/11.0 (via ggpht.com GoogleImageProxy)
150952548,2024-10-30T19:08:26.504Z,Eofloisand1@gmail.com,newsletter,everyone,true,US,,,,,,Mozilla/5.0 (Windows NT 5.1; rv:11.0) Gecko Firefox/11.0 (via ggpht.com GoogleImageProxy)
150952548,2024-10-30T19:09:54.965Z,derekuy@ucsb.edu,newsletter,everyone,true,US,,,,,,Mozilla/5.0 (Windows NT 5.1; rv:11.0) Gecko Firefox/11.0 (via ggpht.com GoogleImageProxy)
150952548,2024-10-30T19:09:55.211Z,derekuy@ucsb.edu,newsletter,everyone,true,US,,,,,,Mozilla/5.0 (Windows NT 5.1; rv:11.0) Gecko Firefox/11.0 (via ggpht.com GoogleImageProxy)
150952548,2024-10-30T19:09:56.468Z,derekuy@ucsb.edu,newsletter,everyone,true,US,,,,,,Mozilla/5.0 (Windows NT 5.1; rv:11.0) Gecko Firefox/11.0 (via ggpht.com GoogleImageProxy)
150952548,2024-10-30T19:21:55.146Z,bgstudioda@gmail.com,newsletter,everyone,true,US,,,,,,Mozilla/5.0 (Windows NT 5.1; rv:11.0) Gecko Firefox/11.0 (via ggpht.com GoogleImageProxy)
150952548,2024-10-30T19:59:49.089Z,griffin.szymoniak@gmail.com,newsletter,everyone,true,US,,,,,,Mozilla/5.0 (Windows NT 5.1; rv:11.0) Gecko Firefox/11.0 (via ggpht.com GoogleImageProxy)
150952548,2024-10-30T19:59:49.218Z,griffin.szymoniak@gmail.com,newsletter,everyone,true,US,,,,,,Mozilla/5.0 (Windows NT 5.1; rv:11.0) Gecko Firefox/11.0 (via ggpht.com GoogleImageProxy)
150952548,2024-10-30T20:47:26.015Z,Eofloisand1@gmail.com,newsletter,everyone,true,US,,,,,,Mozilla/5.0 (Windows NT 5.1; rv:11.0) Gecko Firefox/11.0 (via ggpht.com GoogleImageProxy)
150952548,2024-10-30T21:04:22.392Z,Derek.uy@gmail.com,newsletter,everyone,true,US,,,,,,Mozilla/5.0 (Windows NT 5.1; rv:11.0) Gecko Firefox/11.0 (via ggpht.com GoogleImageProxy)
150952548,2024-10-30T21:18:46.463Z,aidankenney08@gmail.com,newsletter,everyone,true,US,,,,,,Mozilla/5.0
150952548,2024-10-30T21:46:44.926Z,ptantchev@gmail.com,newsletter,everyone,false,US,,,,,,Mozilla/5.0
150952548,2024-10-30T22:23:48.068Z,katherinemansfield13@gmail.com,newsletter,everyone,true,US,,,,,,Mozilla/5.0
150952548,2024-10-31T01:50:32.388Z,Derek.uy@gmail.com,newsletter,everyone,true,US,,,,,,Mozilla/5.0
150952548,2024-10-31T03:06:36.050Z,seanand113@gmail.com,newsletter,everyone,true,US,,,,,,Mozilla/5.0
150952548,2024-10-31T04:32:16.170Z,griffin.szymoniak@gmail.com,newsletter,everyone,true,US,,,,,,Mozilla/5.0
150952548,2024-10-31T09:15:50.723Z,olafjkuiper@gmail.com,newsletter,everyone,true,US,,,,,,Mozilla/5.0
150952548,2024-10-31T09:50:16.680Z,henryw.2118@gmail.com,newsletter,everyone,true,US,,,,,,Mozilla/5.0
150952548,2024-10-31T18:49:45.702Z,josephekpo@ucsb.edu,newsletter,everyone,true,US,,,,,,Mozilla/5.0
150952548,2024-10-31T21:13:09.784Z,jamespwilson14@gmail.com,newsletter,everyone,true,US,,,,,,Mozilla/5.0
150952548,2024-11-03T15:03:34.622Z,bgstudioda@gmail.com,newsletter,everyone,true,US,,,,,,Mozilla/5.0 (Windows NT 5.1; rv:11.0) Gecko Firefox/11.0 (via ggpht.com GoogleImageProxy)
150952548,2024-11-03T15:34:10.406Z,seanand113@gmail.com,newsletter,everyone,true,US,,,,,,Mozilla/5.0
150952548,2024-11-03T16:32:43.667Z,bgstudioda@gmail.com,newsletter,everyone,true,US,,,,,,Mozilla/5.0 (Windows NT 5.1; rv:11.0) Gecko Firefox/11.0 (via ggpht.com GoogleImageProxy)
150952548,2024-11-03T22:18:49.725Z,henryw.2118@gmail.com,newsletter,everyone,true,US,,,,,,Mozilla/5.0
150952548,2024-11-06T10:02:04.772Z,seanand113@gmail.com,newsletter,everyone,true,US,,,,,,Mozilla/5.0
150952548,2024-11-07T14:44:15.020Z,seanand113@gmail.com,newsletter,everyone,true,US,,,,,,Mozilla/5.0
150952548,2024-11-08T15:34:32.333Z,seanand113@gmail.com,newsletter,everyone,true,US,,,,,,Mozilla/5.0
150952548,2024-11-11T03:22:34.581Z,katherinemansfield13@gmail.com,newsletter,everyone,true,US,,,,,,Mozilla/5.0
150952548,2024-11-12T22:18:31.679Z,seanand113@gmail.com,newsletter,everyone,true,US,,,,,,Mozilla/5.0
150952548,2024-11-17T17:15:44.965Z,seanand113@gmail.com,newsletter,everyone,true,US,,,,,,Mozilla/5.0
150952548,2024-11-26T22:38:07.973Z,griffin.szymoniak@gmail.com,newsletter,everyone,true,US,,,,,,Mozilla/5.0
150952548,2024-11-27T18:37:31.652Z,seanand113@gmail.com,newsletter,everyone,true,US,,,,,,Mozilla/5.0
