post_id,timestamp,email,post_type,post_audience,active_subscription
150952548,2024-10-30T19:04:59.073Z,katherinemansfield13@gmail.com,newsletter,everyone,true
150952548,2024-10-30T19:04:59.696Z,ptantchev@gmail.com,newsletter,everyone,false
150952548,2024-10-30T19:05:00.588Z,derekuy@ucsb.edu,newsletter,everyone,true
150952548,2024-10-30T19:05:00.668Z,henryw.2118@gmail.com,newsletter,everyone,true
150952548,2024-10-30T19:05:00.820Z,Eofloisand1@gmail.com,newsletter,everyone,true
150952548,2024-10-30T19:05:00.870Z,jamespwilson14@gmail.com,newsletter,everyone,true
150952548,2024-10-30T19:05:00.871Z,aidankenney08@gmail.com,newsletter,everyone,true
150952548,2024-10-30T19:05:00.885Z,faigorjaihometv@gmail.com,newsletter,everyone,true
150952548,2024-10-30T19:05:00.898Z,scumler19@gmail.com,newsletter,everyone,true
150952548,2024-10-30T19:05:00.954Z,bgstudioda@gmail.com,newsletter,everyone,true
150952548,2024-10-30T19:05:01.014Z,seanand113@gmail.com,newsletter,everyone,true
150952548,2024-10-30T19:05:01.049Z,willthomas127@gmail.com,newsletter,everyone,true
150952548,2024-10-30T19:05:01.185Z,seansantos3000@gmail.com,newsletter,everyone,true
150952548,2024-10-30T19:05:01.284Z,josephekpo@ucsb.edu,newsletter,everyone,true
150952548,2024-10-30T19:05:01.337Z,olafjkuiper@gmail.com,newsletter,everyone,true
150952548,2024-10-30T19:05:01.466Z,griffin.szymoniak@gmail.com,newsletter,everyone,true
150952548,2024-10-30T19:05:01.467Z,Derek.uy@gmail.com,newsletter,everyone,true
150952548,2024-10-30T19:05:01.649Z,ryanking925@gmail.com,newsletter,everyone,true
150952548,2024-10-30T19:05:01.715Z,btantchev@yahoo.com,newsletter,everyone,true
