post_id,timestamp,email,post_type,post_audience,active_subscription
151351394,2024-11-07T23:25:16.343Z,ptantchev@gmail.com,newsletter,everyone,false
151351394,2024-11-07T23:25:19.734Z,katherinemansfield13@gmail.com,newsletter,everyone,true
151351394,2024-11-07T23:25:20.696Z,scumler19@gmail.com,newsletter,everyone,true
151351394,2024-11-07T23:25:20.718Z,josephekpo@ucsb.edu,newsletter,everyone,true
151351394,2024-11-07T23:25:20.763Z,Eofloisand1@gmail.com,newsletter,everyone,true
151351394,2024-11-07T23:25:20.845Z,jamespwilson14@gmail.com,newsletter,everyone,true
151351394,2024-11-07T23:25:20.862Z,henryw.2118@gmail.com,newsletter,everyone,true
151351394,2024-11-07T23:25:20.872Z,aidankenney08@gmail.com,newsletter,everyone,true
151351394,2024-11-07T23:25:20.992Z,faigorjaihometv@gmail.com,newsletter,everyone,true
151351394,2024-11-07T23:25:21.192Z,griffin.szymoniak@gmail.com,newsletter,everyone,true
151351394,2024-11-07T23:25:21.253Z,willthomas127@gmail.com,newsletter,everyone,true
151351394,2024-11-07T23:25:21.310Z,olafjkuiper@gmail.com,newsletter,everyone,true
151351394,2024-11-07T23:25:21.457Z,bgstudioda@gmail.com,newsletter,everyone,true
151351394,2024-11-07T23:25:21.457Z,derekuy@ucsb.edu,newsletter,everyone,true
151351394,2024-11-07T23:25:22.664Z,hayeswu@icloud.com,newsletter,everyone,true
151351394,2024-11-07T23:25:23.147Z,Derek.uy@gmail.com,newsletter,everyone,true
151351394,2024-11-07T23:25:23.385Z,seanand113@gmail.com,newsletter,everyone,true
151351394,2024-11-07T23:25:23.618Z,zoewcrews@gmail.com,newsletter,everyone,true
151351394,2024-11-07T23:25:23.713Z,ryanking925@gmail.com,newsletter,everyone,true
151351394,2024-11-07T23:25:23.818Z,seansantos3000@gmail.com,newsletter,everyone,true
151351394,2024-11-07T23:25:24.126Z,btantchev@yahoo.com,newsletter,everyone,true
