post_id,timestamp,email,post_type,post_audience,active_subscription,country,city,region,device_type,client_os,client_type,user_agent
151351394,2024-11-07T23:26:49.480Z,Eofloisand1@gmail.com,newsletter,everyone,true,US,,,,,,Mozilla/5.0 (Windows NT 5.1; rv:11.0) Gecko Firefox/11.0 (via ggpht.com GoogleImageProxy)
151351394,2024-11-07T23:30:59.683Z,derekuy@ucsb.edu,newsletter,everyone,true,US,,,,,,Mozilla/5.0 (Windows NT 5.1; rv:11.0) Gecko Firefox/11.0 (via ggpht.com GoogleImageProxy)
151351394,2024-11-07T23:31:03.838Z,derekuy@ucsb.edu,newsletter,everyone,true,US,,,,,,Mozilla/5.0 (Windows NT 5.1; rv:11.0) Gecko Firefox/11.0 (via ggpht.com GoogleImageProxy)
151351394,2024-11-07T23:31:05.309Z,derekuy@ucsb.edu,newsletter,everyone,true,US,,,,,,Mozilla/5.0 (Windows NT 5.1; rv:11.0) Gecko Firefox/11.0 (via ggpht.com GoogleImageProxy)
151351394,2024-11-07T23:36:53.873Z,Derek.uy@gmail.com,newsletter,everyone,true,US,,,,,,Mozilla/5.0 (Windows NT 5.1; rv:11.0) Gecko Firefox/11.0 (via ggpht.com GoogleImageProxy)
151351394,2024-11-07T23:49:24.629Z,katherinemansfield13@gmail.com,newsletter,everyone,true,US,,,,,,Mozilla/5.0
151351394,2024-11-08T00:03:52.520Z,henryw.2118@gmail.com,newsletter,everyone,true,US,,,,,,Mozilla/5.0
151351394,2024-11-08T00:19:33.403Z,griffin.szymoniak@gmail.com,newsletter,everyone,true,US,,,,,,Mozilla/5.0 (Windows NT 5.1; rv:11.0) Gecko Firefox/11.0 (via ggpht.com GoogleImageProxy)
151351394,2024-11-08T00:40:13.633Z,Derek.uy@gmail.com,newsletter,everyone,true,US,,,,,,Mozilla/5.0 (Windows NT 5.1; rv:11.0) Gecko Firefox/11.0 (via ggpht.com GoogleImageProxy)
151351394,2024-11-08T01:04:06.503Z,Derek.uy@gmail.com,newsletter,everyone,true,US,,,,,,Mozilla/5.0
151351394,2024-11-08T02:12:28.527Z,josephekpo@ucsb.edu,newsletter,everyone,true,US,,,,,,Mozilla/5.0 (Windows NT 5.1; rv:11.0) Gecko Firefox/11.0 (via ggpht.com GoogleImageProxy)
151351394,2024-11-08T04:37:45.517Z,Derek.uy@gmail.com,newsletter,everyone,true,US,,,,,,Mozilla/5.0 (Windows NT 5.1; rv:11.0) Gecko Firefox/11.0 (via ggpht.com GoogleImageProxy)
151351394,2024-11-08T06:26:24.709Z,katherinemansfield13@gmail.com,newsletter,everyone,true,US,,,,,,Mozilla/5.0 (Windows NT 5.1; rv:11.0) Gecko Firefox/11.0 (via ggpht.com GoogleImageProxy)
151351394,2024-11-08T07:10:56.345Z,derekuy@ucsb.edu,newsletter,everyone,true,US,,,,,,Mozilla/5.0 (Windows NT 5.1; rv:11.0) Gecko Firefox/11.0 (via ggpht.com GoogleImageProxy)
151351394,2024-11-08T07:21:19.694Z,ptantchev@gmail.com,newsletter,everyone,false,US,,,,,,Mozilla/5.0 (Windows NT 5.1; rv:11.0) Gecko Firefox/11.0 (via ggpht.com GoogleImageProxy)
151351394,2024-11-08T08:17:59.006Z,seanand113@gmail.com,newsletter,everyone,true,US,,,,,,Mozilla/5.0
151351394,2024-11-08T09:02:16.772Z,bgstudioda@gmail.com,newsletter,everyone,true,US,,,,,,Mozilla/5.0 (Windows NT 5.1; rv:11.0) Gecko Firefox/11.0 (via ggpht.com GoogleImageProxy)
151351394,2024-11-08T09:03:58.807Z,bgstudioda@gmail.com,newsletter,everyone,true,US,,,,,,Mozilla/5.0 (Windows NT 5.1; rv:11.0) Gecko Firefox/11.0 (via ggpht.com GoogleImageProxy)
151351394,2024-11-08T10:23:21.692Z,griffin.szymoniak@gmail.com,newsletter,everyone,true,US,,,,,,Mozilla/5.0 (Windows NT 5.1; rv:11.0) Gecko Firefox/11.0 (via ggpht.com GoogleImageProxy)
151351394,2024-11-08T13:20:10.385Z,griffin.szymoniak@gmail.com,newsletter,everyone,true,US,,,,,,Mozilla/5.0
151351394,2024-11-08T16:39:30.004Z,bgstudioda@gmail.com,newsletter,everyone,true,US,,,,,,Mozilla/5.0 (Windows NT 5.1; rv:11.0) Gecko Firefox/11.0 (via ggpht.com GoogleImageProxy)
151351394,2024-11-08T16:39:31.850Z,bgstudioda@gmail.com,newsletter,everyone,true,US,,,,,,Mozilla/5.0 (Windows NT 5.1; rv:11.0) Gecko Firefox/11.0 (via ggpht.com GoogleImageProxy)
151351394,2024-11-08T18:06:29.149Z,aidankenney08@gmail.com,newsletter,everyone,true,US,,,,,,Mozilla/5.0 (Windows NT 5.1; rv:11.0) Gecko Firefox/11.0 (via ggpht.com GoogleImageProxy)
151351394,2024-11-08T20:02:02.508Z,ptantchev@gmail.com,newsletter,everyone,false,US,,,,,,Mozilla/5.0
151351394,2024-11-08T20:44:43.145Z,seansantos3000@gmail.com,newsletter,everyone,true,US,,,,,,Mozilla/5.0 (Windows NT 5.1; rv:11.0) Gecko Firefox/11.0 (via ggpht.com GoogleImageProxy)
151351394,2024-11-09T00:05:35.423Z,henryw.2118@gmail.com,newsletter,everyone,true,US,,,,,,Mozilla/5.0 (Windows NT 5.1; rv:11.0) Gecko Firefox/11.0 (via ggpht.com GoogleImageProxy)
151351394,2024-11-09T15:24:10.294Z,seanand113@gmail.com,newsletter,everyone,true,US,,,,,,Mozilla/5.0
151351394,2024-11-09T17:52:21.068Z,aidankenney08@gmail.com,newsletter,everyone,true,US,,,,,,Mozilla/5.0 (Windows NT 5.1; rv:11.0) Gecko Firefox/11.0 (via ggpht.com GoogleImageProxy)
151351394,2024-11-09T19:26:20.484Z,aidankenney08@gmail.com,newsletter,everyone,true,US,,,,,,Mozilla/5.0
151351394,2024-11-10T05:09:01.392Z,olafjkuiper@gmail.com,newsletter,everyone,true,NL,,,,,,Mozilla/5.0
151351394,2024-11-11T07:52:09.779Z,seanand113@gmail.com,newsletter,everyone,true,US,,,,,,Mozilla/5.0
151351394,2024-11-12T05:39:09.231Z,scumler19@gmail.com,newsletter,everyone,true,US,,,,,,Mozilla/5.0 (Windows NT 5.1; rv:11.0) Gecko Firefox/11.0 (via ggpht.com GoogleImageProxy)
151351394,2024-11-12T10:41:02.841Z,seanand113@gmail.com,newsletter,everyone,true,US,,,,,,Mozilla/5.0
151351394,2024-11-12T22:25:45.861Z,jamespwilson14@gmail.com,newsletter,everyone,true,US,,,,,,Mozilla/5.0
151351394,2024-11-16T16:57:48.766Z,seanand113@gmail.com,newsletter,everyone,true,US,,,,,,Mozilla/5.0
151351394,2024-11-17T16:09:37.013Z,seanand113@gmail.com,newsletter,everyone,true,US,,,,,,Mozilla/5.0
151351394,2024-11-19T18:28:54.205Z,henryw.2118@gmail.com,newsletter,everyone,true,NL,,,,,,Mozilla/5.0
151351394,2024-11-20T13:18:27.601Z,seanand113@gmail.com,newsletter,everyone,true,US,,,,,,Mozilla/5.0
151351394,2024-11-22T06:15:21.476Z,seanand113@gmail.com,newsletter,everyone,true,US,,,,,,Mozilla/5.0
151351394,2024-11-23T11:13:24.556Z,seanand113@gmail.com,newsletter,everyone,true,US,,,,,,Mozilla/5.0
151351394,2024-11-27T17:31:04.297Z,seanand113@gmail.com,newsletter,everyone,true,US,,,,,,Mozilla/5.0
151351394,2024-12-02T09:07:03.758Z,griffin.szymoniak@gmail.com,newsletter,everyone,true,US,,,,,,Mozilla/5.0
151351394,2024-12-04T22:04:18.712Z,henryw.2118@gmail.com,newsletter,everyone,true,US,,,,,,Mozilla/5.0
