post_id,timestamp,email,post_type,post_audience,active_subscription
151628580,2024-11-14T01:49:25.302Z,ptantchev@gmail.com,newsletter,everyone,false
151628580,2024-11-14T01:49:28.881Z,katherinemansfield13@gmail.com,newsletter,everyone,true
151628580,2024-11-14T01:49:33.685Z,jamespwilson14@gmail.com,newsletter,everyone,true
151628580,2024-11-14T01:49:33.721Z,derekuy@ucsb.edu,newsletter,everyone,true
151628580,2024-11-14T01:49:33.756Z,Eofloisand1@gmail.com,newsletter,everyone,true
151628580,2024-11-14T01:49:33.831Z,scumler19@gmail.com,newsletter,everyone,true
151628580,2024-11-14T01:49:33.837Z,aidankenney08@gmail.com,newsletter,everyone,true
151628580,2024-11-14T01:49:33.864Z,josephekpo@ucsb.edu,newsletter,everyone,true
151628580,2024-11-14T01:49:33.878Z,olafjkuiper@gmail.com,newsletter,everyone,true
151628580,2024-11-14T01:49:33.989Z,griffin.szymoniak@gmail.com,newsletter,everyone,true
151628580,2024-11-14T01:49:34.051Z,henryw.2118@gmail.com,newsletter,everyone,true
151628580,2024-11-14T01:49:34.068Z,faigorjaihometv@gmail.com,newsletter,everyone,true
151628580,2024-11-14T01:49:34.211Z,willthomas127@gmail.com,newsletter,everyone,true
151628580,2024-11-14T01:49:34.235Z,bgstudioda@gmail.com,newsletter,everyone,true
151628580,2024-11-14T01:49:36.356Z,zoewcrews@gmail.com,newsletter,everyone,true
151628580,2024-11-14T01:49:36.451Z,Derek.uy@gmail.com,newsletter,everyone,true
151628580,2024-11-14T01:49:36.508Z,seanand113@gmail.com,newsletter,everyone,true
151628580,2024-11-14T01:49:36.602Z,seansantos3000@gmail.com,newsletter,everyone,true
151628580,2024-11-14T01:49:36.809Z,btantchev@yahoo.com,newsletter,everyone,true
151628580,2024-11-14T01:49:38.176Z,hayeswu@icloud.com,newsletter,everyone,true
