post_id,timestamp,email,post_type,post_audience,active_subscription,country,city,region,device_type,client_os,client_type,user_agent
151628580,2024-11-14T01:51:44.236Z,Eofloisand1@gmail.com,newsletter,everyone,true,US,,,,,,Mozilla/5.0 (Windows NT 5.1; rv:11.0) Gecko Firefox/11.0 (via ggpht.com GoogleImageProxy)
151628580,2024-11-14T01:57:32.788Z,ptantchev@gmail.com,newsletter,everyone,false,US,,,,,,Mozilla/5.0 (Windows NT 5.1; rv:11.0) Gecko Firefox/11.0 (via ggpht.com GoogleImageProxy)
151628580,2024-11-14T01:57:32.893Z,ptantchev@gmail.com,newsletter,everyone,false,US,,,,,,Mozilla/5.0 (Windows NT 5.1; rv:11.0) Gecko Firefox/11.0 (via ggpht.com GoogleImageProxy)
151628580,2024-11-14T02:15:14.570Z,derekuy@ucsb.edu,newsletter,everyone,true,US,,,,,,Mozilla/5.0 (Windows NT 5.1; rv:11.0) Gecko Firefox/11.0 (via ggpht.com GoogleImageProxy)
151628580,2024-11-14T02:15:16.426Z,Derek.uy@gmail.com,newsletter,everyone,true,US,,,,,,Mozilla/5.0 (Windows NT 5.1; rv:11.0) Gecko Firefox/11.0 (via ggpht.com GoogleImageProxy)
151628580,2024-11-14T02:15:18.256Z,Derek.uy@gmail.com,newsletter,everyone,true,US,,,,,,Mozilla/5.0 (Windows NT 5.1; rv:11.0) Gecko Firefox/11.0 (via ggpht.com GoogleImageProxy)
151628580,2024-11-14T02:16:10.634Z,Derek.uy@gmail.com,newsletter,everyone,true,US,,,,,,Mozilla/5.0 (Windows NT 5.1; rv:11.0) Gecko Firefox/11.0 (via ggpht.com GoogleImageProxy)
151628580,2024-11-14T04:12:01.291Z,derekuy@ucsb.edu,newsletter,everyone,true,US,,,,,,Mozilla/5.0 (Windows NT 5.1; rv:11.0) Gecko Firefox/11.0 (via ggpht.com GoogleImageProxy)
151628580,2024-11-14T07:37:56.973Z,Derek.uy@gmail.com,newsletter,everyone,true,US,,,,,,Mozilla/5.0 (Windows NT 5.1; rv:11.0) Gecko Firefox/11.0 (via ggpht.com GoogleImageProxy)
151628580,2024-11-14T08:24:12.495Z,josephekpo@ucsb.edu,newsletter,everyone,true,US,,,,,,Mozilla/5.0 (Windows NT 5.1; rv:11.0) Gecko Firefox/11.0 (via ggpht.com GoogleImageProxy)
151628580,2024-11-14T08:33:03.496Z,seanand113@gmail.com,newsletter,everyone,true,US,,,,,,Mozilla/5.0
151628580,2024-11-14T08:45:35.150Z,henryw.2118@gmail.com,newsletter,everyone,true,US,,,,,,Mozilla/5.0
151628580,2024-11-14T08:59:09.842Z,katherinemansfield13@gmail.com,newsletter,everyone,true,US,,,,,,Mozilla/5.0
151628580,2024-11-14T16:17:11.265Z,katherinemansfield13@gmail.com,newsletter,everyone,true,US,,,,,,Mozilla/5.0 (Windows NT 5.1; rv:11.0) Gecko Firefox/11.0 (via ggpht.com GoogleImageProxy)
151628580,2024-11-14T19:37:30.227Z,hayeswu@icloud.com,newsletter,everyone,true,US,,,,,,Mozilla/5.0
151628580,2024-11-14T20:49:25.517Z,seansantos3000@gmail.com,newsletter,everyone,true,US,,,,,,Mozilla/5.0 (Windows NT 5.1; rv:11.0) Gecko Firefox/11.0 (via ggpht.com GoogleImageProxy)
151628580,2024-11-15T12:00:48.614Z,griffin.szymoniak@gmail.com,newsletter,everyone,true,US,,,,,,Mozilla/5.0
151628580,2024-11-15T16:19:30.060Z,zoewcrews@gmail.com,newsletter,everyone,true,TH,,,,,,Mozilla/5.0
151628580,2024-11-15T18:43:14.763Z,derekuy@ucsb.edu,newsletter,everyone,true,US,,,,,,Mozilla/5.0 (Windows NT 5.1; rv:11.0) Gecko Firefox/11.0 (via ggpht.com GoogleImageProxy)
151628580,2024-11-15T19:01:38.776Z,aidankenney08@gmail.com,newsletter,everyone,true,US,,,,,,Mozilla/5.0 (Windows NT 5.1; rv:11.0) Gecko Firefox/11.0 (via ggpht.com GoogleImageProxy)
151628580,2024-11-16T05:25:18.194Z,ptantchev@gmail.com,newsletter,everyone,false,US,,,,,,Mozilla/5.0
151628580,2024-11-16T09:39:55.696Z,Derek.uy@gmail.com,newsletter,everyone,true,US,,,,,,Mozilla/5.0
151628580,2024-11-17T15:22:06.938Z,seanand113@gmail.com,newsletter,everyone,true,US,,,,,,Mozilla/5.0
151628580,2024-11-17T15:22:12.323Z,seanand113@gmail.com,newsletter,everyone,true,US,,,,,,Mozilla/5.0
151628580,2024-11-18T19:01:14.979Z,jamespwilson14@gmail.com,newsletter,everyone,true,US,,,,,,Mozilla/5.0
151628580,2024-11-20T11:34:06.028Z,seanand113@gmail.com,newsletter,everyone,true,US,,,,,,Mozilla/5.0
151628580,2024-11-20T18:08:58.643Z,henryw.2118@gmail.com,newsletter,everyone,true,US,,,,,,Mozilla/5.0
151628580,2024-11-21T17:36:04.751Z,seanand113@gmail.com,newsletter,everyone,true,US,,,,,,Mozilla/5.0
151628580,2024-11-22T09:29:48.089Z,seanand113@gmail.com,newsletter,everyone,true,US,,,,,,Mozilla/5.0
151628580,2024-11-25T16:53:15.535Z,henryw.2118@gmail.com,newsletter,everyone,true,US,,,,,,Mozilla/5.0
151628580,2024-11-27T15:49:05.682Z,seanand113@gmail.com,newsletter,everyone,true,US,,,,,,Mozilla/5.0
151628580,2024-12-07T01:51:15.077Z,aidankenney08@gmail.com,newsletter,everyone,true,US,,,,,,Mozilla/5.0
151628580,2024-12-10T23:49:54.624Z,griffin.szymoniak@gmail.com,newsletter,everyone,true,US,,,,,,Mozilla/5.0
