post_id,timestamp,email,post_type,post_audience,active_subscription,country,city,region,device_type,client_os,client_type,user_agent
151848879,2024-11-19T00:20:29.498Z,willthomas127@gmail.com,newsletter,everyone,true,US,,,,,,Mozilla/5.0 (Windows NT 5.1; rv:11.0) Gecko Firefox/11.0 (via ggpht.com GoogleImageProxy)
151848879,2024-11-19T00:20:38.890Z,henryw.2118@gmail.com,newsletter,everyone,true,US,,,,,,Mozilla/5.0 (Windows NT 5.1; rv:11.0) Gecko Firefox/11.0 (via ggpht.com GoogleImageProxy)
151848879,2024-11-19T00:20:40.092Z,derekuy@ucsb.edu,newsletter,everyone,true,US,,,,,,Mozilla/5.0 (Windows NT 5.1; rv:11.0) Gecko Firefox/11.0 (via ggpht.com GoogleImageProxy)
151848879,2024-11-19T00:22:51.972Z,ptantchev@gmail.com,newsletter,everyone,false,US,,,,,,Mozilla/5.0 (Windows NT 5.1; rv:11.0) Gecko Firefox/11.0 (via ggpht.com GoogleImageProxy)
151848879,2024-11-19T00:23:08.080Z,Eofloisand1@gmail.com,newsletter,everyone,true,US,,,,,,Mozilla/5.0 (Windows NT 5.1; rv:11.0) Gecko Firefox/11.0 (via ggpht.com GoogleImageProxy)
151848879,2024-11-19T00:27:52.122Z,derekuy@ucsb.edu,newsletter,everyone,true,US,,,,,,Mozilla/5.0 (Windows NT 5.1; rv:11.0) Gecko Firefox/11.0 (via ggpht.com GoogleImageProxy)
151848879,2024-11-19T00:27:56.733Z,Derek.uy@gmail.com,newsletter,everyone,true,US,,,,,,Mozilla/5.0 (Windows NT 5.1; rv:11.0) Gecko Firefox/11.0 (via ggpht.com GoogleImageProxy)
151848879,2024-11-19T00:29:36.838Z,hayeswu@icloud.com,newsletter,everyone,true,US,,,,,,Mozilla/5.0
151848879,2024-11-19T01:22:44.830Z,willthomas127@gmail.com,newsletter,everyone,true,US,,,,,,Mozilla/5.0 (Windows NT 5.1; rv:11.0) Gecko Firefox/11.0 (via ggpht.com GoogleImageProxy)
151848879,2024-11-19T01:41:35.588Z,seanand113@gmail.com,newsletter,everyone,true,US,,,,,,Mozilla/5.0
151848879,2024-11-19T02:37:41.965Z,Derek.uy@gmail.com,newsletter,everyone,true,US,,,,,,Mozilla/5.0
151848879,2024-11-19T02:42:42.425Z,katherinemansfield13@gmail.com,newsletter,everyone,true,US,,,,,,Mozilla/5.0
151848879,2024-11-19T04:15:01.407Z,derekuy@ucsb.edu,newsletter,everyone,true,US,,,,,,Mozilla/5.0 (Windows NT 5.1; rv:11.0) Gecko Firefox/11.0 (via ggpht.com GoogleImageProxy)
151848879,2024-11-19T04:15:02.860Z,Derek.uy@gmail.com,newsletter,everyone,true,US,,,,,,Mozilla/5.0 (Windows NT 5.1; rv:11.0) Gecko Firefox/11.0 (via ggpht.com GoogleImageProxy)
151848879,2024-11-19T04:41:09.342Z,ptantchev@gmail.com,newsletter,everyone,false,US,,,,,,Mozilla/5.0 (Windows NT 5.1; rv:11.0) Gecko Firefox/11.0 (via ggpht.com GoogleImageProxy)
151848879,2024-11-19T04:41:09.457Z,ptantchev@gmail.com,newsletter,everyone,false,US,,,,,,Mozilla/5.0 (Windows NT 5.1; rv:11.0) Gecko Firefox/11.0 (via ggpht.com GoogleImageProxy)
151848879,2024-11-19T04:56:29.035Z,derekuy@ucsb.edu,newsletter,everyone,true,US,,,,,,Mozilla/5.0 (Windows NT 5.1; rv:11.0) Gecko Firefox/11.0 (via ggpht.com GoogleImageProxy)
151848879,2024-11-19T05:32:52.190Z,ptantchev@gmail.com,newsletter,everyone,false,US,,,,,,Mozilla/5.0
151848879,2024-11-19T07:13:27.585Z,olafjkuiper@gmail.com,newsletter,everyone,true,US,,,,,,Mozilla/5.0
151848879,2024-11-19T10:49:28.046Z,Eofloisand1@gmail.com,newsletter,everyone,true,US,,,,,,Mozilla/5.0 (Windows NT 5.1; rv:11.0) Gecko Firefox/11.0 (via ggpht.com GoogleImageProxy)
151848879,2024-11-19T11:40:47.249Z,griffin.szymoniak@gmail.com,newsletter,everyone,true,US,,,,,,Mozilla/5.0 (Windows NT 5.1; rv:11.0) Gecko Firefox/11.0 (via ggpht.com GoogleImageProxy)
151848879,2024-11-19T12:59:41.422Z,griffin.szymoniak@gmail.com,newsletter,everyone,true,US,,,,,,Mozilla/5.0
151848879,2024-11-19T13:22:31.552Z,henryw.2118@gmail.com,newsletter,everyone,true,US,,,,,,Mozilla/5.0
151848879,2024-11-19T18:53:37.252Z,aidankenney08@gmail.com,newsletter,everyone,true,US,,,,,,Mozilla/5.0 (Windows NT 5.1; rv:11.0) Gecko Firefox/11.0 (via ggpht.com GoogleImageProxy)
151848879,2024-11-19T23:20:43.957Z,jamespwilson14@gmail.com,newsletter,everyone,true,NL,,,,,,Mozilla/5.0
151848879,2024-11-19T23:32:18.553Z,hayeswu@icloud.com,newsletter,everyone,true,US,,,,,,Mozilla/5.0
151848879,2024-11-20T02:07:04.159Z,aidankenney08@gmail.com,newsletter,everyone,true,US,,,,,,Mozilla/5.0 (Windows NT 5.1; rv:11.0) Gecko Firefox/11.0 (via ggpht.com GoogleImageProxy)
151848879,2024-11-20T09:18:38.393Z,Eofloisand1@gmail.com,newsletter,everyone,true,US,,,,,,Mozilla/5.0 (Windows NT 5.1; rv:11.0) Gecko Firefox/11.0 (via ggpht.com GoogleImageProxy)
151848879,2024-11-20T18:08:58.643Z,henryw.2118@gmail.com,newsletter,everyone,true,US,,,,,,Mozilla/5.0
151848879,2024-11-20T18:33:40.289Z,josephekpo@ucsb.edu,newsletter,everyone,true,US,,,,,,Mozilla/5.0
151848879,2024-11-21T00:30:43.778Z,zoewcrews@gmail.com,newsletter,everyone,true,TH,,,,,,Mozilla/5.0
151848879,2024-11-24T17:13:17.262Z,seanand113@gmail.com,newsletter,everyone,true,US,,,,,,Mozilla/5.0
151848879,2024-11-25T15:19:34.901Z,henryw.2118@gmail.com,newsletter,everyone,true,US,,,,,,Mozilla/5.0
151848879,2024-11-27T15:07:56.272Z,seanand113@gmail.com,newsletter,everyone,true,US,,,,,,Mozilla/5.0
151848879,2024-12-06T22:48:14.216Z,aidankenney08@gmail.com,newsletter,everyone,true,US,,,,,,Mozilla/5.0
151848879,2024-12-10T23:37:18.425Z,griffin.szymoniak@gmail.com,newsletter,everyone,true,US,,,,,,Mozilla/5.0
151848879,2024-12-12T13:37:09.914Z,griffin.szymoniak@gmail.com,newsletter,everyone,true,US,,,,,,Mozilla/5.0
