post_id,timestamp,email,post_type,post_audience,active_subscription
151848879,2024-11-19T00:20:06.209Z,katherinemansfield13@gmail.com,newsletter,everyone,true
151848879,2024-11-19T00:20:06.469Z,ptantchev@gmail.com,newsletter,everyone,false
151848879,2024-11-19T00:20:07.375Z,josephekpo@ucsb.edu,newsletter,everyone,true
151848879,2024-11-19T00:20:07.415Z,henryw.2118@gmail.com,newsletter,everyone,true
151848879,2024-11-19T00:20:07.441Z,scumler19@gmail.com,newsletter,everyone,true
151848879,2024-11-19T00:20:07.482Z,jamespwilson14@gmail.com,newsletter,everyone,true
151848879,2024-11-19T00:20:07.488Z,griffin.szymoniak@gmail.com,newsletter,everyone,true
151848879,2024-11-19T00:20:07.516Z,faigorjaihometv@gmail.com,newsletter,everyone,true
151848879,2024-11-19T00:20:07.516Z,willthomas127@gmail.com,newsletter,everyone,true
151848879,2024-11-19T00:20:07.635Z,olafjkuiper@gmail.com,newsletter,everyone,true
151848879,2024-11-19T00:20:07.682Z,bgstudioda@gmail.com,newsletter,everyone,true
151848879,2024-11-19T00:20:08.091Z,derekuy@ucsb.edu,newsletter,everyone,true
151848879,2024-11-19T00:20:08.472Z,seanand113@gmail.com,newsletter,everyone,true
151848879,2024-11-19T00:20:08.612Z,Derek.uy@gmail.com,newsletter,everyone,true
151848879,2024-11-19T00:20:08.656Z,zoewcrews@gmail.com,newsletter,everyone,true
151848879,2024-11-19T00:20:08.785Z,Eofloisand1@gmail.com,newsletter,everyone,true
151848879,2024-11-19T00:20:08.950Z,aidankenney08@gmail.com,newsletter,everyone,true
151848879,2024-11-19T00:20:08.972Z,btantchev@yahoo.com,newsletter,everyone,true
151848879,2024-11-19T00:20:09.282Z,seansantos3000@gmail.com,newsletter,everyone,true
151848879,2024-11-19T00:20:11.240Z,hayeswu@icloud.com,newsletter,everyone,true
