post_id,timestamp,email,post_type,post_audience,active_subscription,country,city,region,device_type,client_os,client_type,user_agent
151912014,2024-11-20T16:39:56.291Z,Eofloisand1@gmail.com,newsletter,everyone,true,US,,,,,,Mozilla/5.0 (Windows NT 5.1; rv:11.0) Gecko Firefox/11.0 (via ggpht.com GoogleImageProxy)
151912014,2024-11-20T16:40:58.323Z,hayeswu@icloud.com,newsletter,everyone,true,US,,,,,,Mozilla/5.0
151912014,2024-11-20T16:42:16.636Z,Eofloisand1@gmail.com,newsletter,everyone,true,US,,,,,,Mozilla/5.0 (Windows NT 5.1; rv:11.0) Gecko Firefox/11.0 (via ggpht.com GoogleImageProxy)
151912014,2024-11-20T17:01:44.795Z,ptantchev@gmail.com,newsletter,everyone,false,US,,,,,,Mozilla/5.0 (Windows NT 5.1; rv:11.0) Gecko Firefox/11.0 (via ggpht.com GoogleImageProxy)
151912014,2024-11-20T17:01:44.892Z,ptantchev@gmail.com,newsletter,everyone,false,US,,,,,,Mozilla/5.0 (Windows NT 5.1; rv:11.0) Gecko Firefox/11.0 (via ggpht.com GoogleImageProxy)
151912014,2024-11-20T17:11:38.484Z,Derek.uy@gmail.com,newsletter,everyone,true,US,,,,,,Mozilla/5.0
151912014,2024-11-20T18:01:57.671Z,derekuy@ucsb.edu,newsletter,everyone,true,US,,,,,,Mozilla/5.0 (Windows NT 5.1; rv:11.0) Gecko Firefox/11.0 (via ggpht.com GoogleImageProxy)
151912014,2024-11-20T18:02:16.967Z,derekuy@ucsb.edu,newsletter,everyone,true,US,,,,,,Mozilla/5.0 (Windows NT 5.1; rv:11.0) Gecko Firefox/11.0 (via ggpht.com GoogleImageProxy)
151912014,2024-11-20T18:08:58.642Z,henryw.2118@gmail.com,newsletter,everyone,true,US,,,,,,Mozilla/5.0
151912014,2024-11-20T18:50:14.930Z,griffin.szymoniak@gmail.com,newsletter,everyone,true,NL,,,,,,Mozilla/5.0
151912014,2024-11-20T19:43:51.694Z,derekuy@ucsb.edu,newsletter,everyone,true,US,,,,,,Mozilla/5.0 (Windows NT 5.1; rv:11.0) Gecko Firefox/11.0 (via ggpht.com GoogleImageProxy)
151912014,2024-11-20T19:44:07.319Z,derekuy@ucsb.edu,newsletter,everyone,true,US,,,,,,Mozilla/5.0 (Windows NT 5.1; rv:11.0) Gecko Firefox/11.0 (via ggpht.com GoogleImageProxy)
151912014,2024-11-20T19:44:47.849Z,derekuy@ucsb.edu,newsletter,everyone,true,US,,,,,,Mozilla/5.0 (Windows NT 5.1; rv:11.0) Gecko Firefox/11.0 (via ggpht.com GoogleImageProxy)
151912014,2024-11-20T20:36:18.077Z,hayeswu@icloud.com,newsletter,everyone,true,US,,,,,,Mozilla/5.0
151912014,2024-11-20T21:37:54.397Z,griffin.szymoniak@gmail.com,newsletter,everyone,true,US,,,,,,Mozilla/5.0 (Windows NT 5.1; rv:11.0) Gecko Firefox/11.0 (via ggpht.com GoogleImageProxy)
151912014,2024-11-20T22:49:59.492Z,ptantchev@gmail.com,newsletter,everyone,false,NL,,,,,,Mozilla/5.0
151912014,2024-11-20T23:01:47.827Z,olafjkuiper@gmail.com,newsletter,everyone,true,US,,,,,,Mozilla/5.0
151912014,2024-11-20T23:12:35.010Z,seanand113@gmail.com,newsletter,everyone,true,US,,,,,,Mozilla/5.0
151912014,2024-11-21T04:51:40.076Z,katherinemansfield13@gmail.com,newsletter,everyone,true,US,,,,,,Mozilla/5.0
151912014,2024-11-21T06:02:01.370Z,henryw.2118@gmail.com,newsletter,everyone,true,US,,,,,,Mozilla/5.0
151912014,2024-11-21T18:51:33.776Z,katherinemansfield13@gmail.com,newsletter,everyone,true,US,,,,,,Mozilla/5.0 (Windows NT 5.1; rv:11.0) Gecko Firefox/11.0 (via ggpht.com GoogleImageProxy)
151912014,2024-11-22T08:03:43.107Z,seanand113@gmail.com,newsletter,everyone,true,US,,,,,,Mozilla/5.0
151912014,2024-11-24T16:40:15.069Z,seanand113@gmail.com,newsletter,everyone,true,US,,,,,,Mozilla/5.0
151912014,2024-11-24T19:19:37.712Z,seanand113@gmail.com,newsletter,everyone,true,US,,,,,,Mozilla/5.0
151912014,2024-11-24T20:23:07.577Z,josephekpo@ucsb.edu,newsletter,everyone,true,NL,,,,,,Mozilla/5.0
151912014,2024-11-25T14:52:27.654Z,henryw.2118@gmail.com,newsletter,everyone,true,US,,,,,,Mozilla/5.0
151912014,2024-11-27T14:58:46.072Z,seanand113@gmail.com,newsletter,everyone,true,US,,,,,,Mozilla/5.0
151912014,2024-12-01T07:53:57.362Z,zoewcrews@gmail.com,newsletter,everyone,true,US,,,,,,Mozilla/5.0
151912014,2024-12-03T23:51:17.395Z,jamespwilson14@gmail.com,newsletter,everyone,true,US,,,,,,Mozilla/5.0
151912014,2024-12-06T22:48:14.215Z,aidankenney08@gmail.com,newsletter,everyone,true,US,,,,,,Mozilla/5.0
151912014,2024-12-10T23:37:18.424Z,griffin.szymoniak@gmail.com,newsletter,everyone,true,US,,,,,,Mozilla/5.0
151912014,2024-12-12T13:32:29.553Z,griffin.szymoniak@gmail.com,newsletter,everyone,true,US,,,,,,Mozilla/5.0
