post_id,timestamp,email,post_type,post_audience,active_subscription
151995737,2024-11-21T22:27:09.066Z,katherinemansfield13@gmail.com,newsletter,everyone,true
151995737,2024-11-21T22:27:09.490Z,ptantchev@gmail.com,newsletter,everyone,false
151995737,2024-11-21T22:27:09.516Z,henryw.2118@gmail.com,newsletter,everyone,true
151995737,2024-11-21T22:27:09.525Z,griffin.szymoniak@gmail.com,newsletter,everyone,true
151995737,2024-11-21T22:27:09.575Z,aidankenney08@gmail.com,newsletter,everyone,true
151995737,2024-11-21T22:27:09.608Z,Eofloisand1@gmail.com,newsletter,everyone,true
151995737,2024-11-21T22:27:09.652Z,bgstudioda@gmail.com,newsletter,everyone,true
151995737,2024-11-21T22:27:09.794Z,scumler19@gmail.com,newsletter,everyone,true
151995737,2024-11-21T22:27:09.809Z,josephekpo@ucsb.edu,newsletter,everyone,true
151995737,2024-11-21T22:27:09.910Z,zoewcrews@gmail.com,newsletter,everyone,true
151995737,2024-11-21T22:27:09.911Z,faigorjaihometv@gmail.com,newsletter,everyone,true
151995737,2024-11-21T22:27:09.932Z,seansantos3000@gmail.com,newsletter,everyone,true
151995737,2024-11-21T22:27:09.979Z,seanand113@gmail.com,newsletter,everyone,true
151995737,2024-11-21T22:27:10.295Z,olafjkuiper@gmail.com,newsletter,everyone,true
151995737,2024-11-21T22:27:10.338Z,willthomas127@gmail.com,newsletter,everyone,true
151995737,2024-11-21T22:27:10.354Z,jamespwilson14@gmail.com,newsletter,everyone,true
151995737,2024-11-21T22:27:10.461Z,derekuy@ucsb.edu,newsletter,everyone,true
151995737,2024-11-21T22:27:10.569Z,Derek.uy@gmail.com,newsletter,everyone,true
151995737,2024-11-21T22:27:11.422Z,btantchev@yahoo.com,newsletter,everyone,true
151995737,2024-11-21T22:27:14.383Z,hayeswu@icloud.com,newsletter,everyone,true
