post_id,timestamp,email,post_type,post_audience,active_subscription
151912014,2024-11-20T16:23:44.733Z,ptantchev@gmail.com,newsletter,everyone,false
151912014,2024-11-20T16:23:48.137Z,katherinemansfield13@gmail.com,newsletter,everyone,true
151912014,2024-11-20T16:23:49.331Z,griffin.szymoniak@gmail.com,newsletter,everyone,true
151912014,2024-11-20T16:23:49.469Z,Eofloisand1@gmail.com,newsletter,everyone,true
151912014,2024-11-20T16:23:49.550Z,aidankenney08@gmail.com,newsletter,everyone,true
151912014,2024-11-20T16:23:49.635Z,henryw.2118@gmail.com,newsletter,everyone,true
151912014,2024-11-20T16:23:49.752Z,josephekpo@ucsb.edu,newsletter,everyone,true
151912014,2024-11-20T16:23:49.756Z,derekuy@ucsb.edu,newsletter,everyone,true
151912014,2024-11-20T16:23:49.757Z,jamespwilson14@gmail.com,newsletter,everyone,true
151912014,2024-11-20T16:23:49.816Z,scumler19@gmail.com,newsletter,everyone,true
151912014,2024-11-20T16:23:49.871Z,faigorjaihometv@gmail.com,newsletter,everyone,true
151912014,2024-11-20T16:23:49.952Z,willthomas127@gmail.com,newsletter,everyone,true
151912014,2024-11-20T16:23:49.962Z,olafjkuiper@gmail.com,newsletter,everyone,true
151912014,2024-11-20T16:23:50.088Z,bgstudioda@gmail.com,newsletter,everyone,true
151912014,2024-11-20T16:23:51.764Z,Derek.uy@gmail.com,newsletter,everyone,true
151912014,2024-11-20T16:23:51.969Z,zoewcrews@gmail.com,newsletter,everyone,true
151912014,2024-11-20T16:23:52.266Z,seanand113@gmail.com,newsletter,everyone,true
151912014,2024-11-20T16:23:52.562Z,btantchev@yahoo.com,newsletter,everyone,true
151912014,2024-11-20T16:23:52.987Z,seansantos3000@gmail.com,newsletter,everyone,true
151912014,2024-11-20T16:23:54.060Z,hayeswu@icloud.com,newsletter,everyone,true
