post_id,timestamp,email,post_type,post_audience,active_subscription,country,city,region,device_type,client_os,client_type,user_agent
151995737,2024-11-21T22:28:39.487Z,Eofloisand1@gmail.com,newsletter,everyone,true,US,,,,,,Mozilla/5.0 (Windows NT 5.1; rv:11.0) Gecko Firefox/11.0 (via ggpht.com GoogleImageProxy)
151995737,2024-11-21T22:29:59.147Z,ptantchev@gmail.com,newsletter,everyone,false,US,,,,,,Mozilla/5.0 (Windows NT 5.1; rv:11.0) Gecko Firefox/11.0 (via ggpht.com GoogleImageProxy)
151995737,2024-11-21T22:33:24.187Z,hayeswu@icloud.com,newsletter,everyone,true,US,,,,,,Mozilla/5.0
151995737,2024-11-21T22:34:30.425Z,derekuy@ucsb.edu,newsletter,everyone,true,US,,,,,,Mozilla/5.0 (Windows NT 5.1; rv:11.0) Gecko Firefox/11.0 (via ggpht.com GoogleImageProxy)
151995737,2024-11-21T22:45:35.954Z,derekuy@ucsb.edu,newsletter,everyone,true,US,,,,,,Mozilla/5.0 (Windows NT 5.1; rv:11.0) Gecko Firefox/11.0 (via ggpht.com GoogleImageProxy)
151995737,2024-11-21T22:58:44.652Z,derekuy@ucsb.edu,newsletter,everyone,true,US,,,,,,Mozilla/5.0 (Windows NT 5.1; rv:11.0) Gecko Firefox/11.0 (via ggpht.com GoogleImageProxy)
151995737,2024-11-21T23:00:11.754Z,Derek.uy@gmail.com,newsletter,everyone,true,US,,,,,,Mozilla/5.0 (Windows NT 5.1; rv:11.0) Gecko Firefox/11.0 (via ggpht.com GoogleImageProxy)
151995737,2024-11-22T01:37:35.598Z,hayeswu@icloud.com,newsletter,everyone,true,NL,,,,,,Mozilla/5.0
151995737,2024-11-22T01:43:21.578Z,Derek.uy@gmail.com,newsletter,everyone,true,US,,,,,,Mozilla/5.0 (Windows NT 5.1; rv:11.0) Gecko Firefox/11.0 (via ggpht.com GoogleImageProxy)
151995737,2024-11-22T02:44:17.626Z,katherinemansfield13@gmail.com,newsletter,everyone,true,US,,,,,,Mozilla/5.0
151995737,2024-11-22T03:20:06.127Z,ptantchev@gmail.com,newsletter,everyone,false,US,,,,,,Mozilla/5.0
151995737,2024-11-22T03:42:50.204Z,henryw.2118@gmail.com,newsletter,everyone,true,US,,,,,,Mozilla/5.0
151995737,2024-11-22T03:45:56.161Z,ptantchev@gmail.com,newsletter,everyone,false,US,,,,,,Mozilla/5.0 (Windows NT 5.1; rv:11.0) Gecko Firefox/11.0 (via ggpht.com GoogleImageProxy)
151995737,2024-11-22T03:45:56.286Z,ptantchev@gmail.com,newsletter,everyone,false,US,,,,,,Mozilla/5.0 (Windows NT 5.1; rv:11.0) Gecko Firefox/11.0 (via ggpht.com GoogleImageProxy)
151995737,2024-11-22T06:35:11.700Z,seanand113@gmail.com,newsletter,everyone,true,US,,,,,,Mozilla/5.0
151995737,2024-11-22T06:42:20.701Z,bgstudioda@gmail.com,newsletter,everyone,true,US,,,,,,Mozilla/5.0 (Windows NT 5.1; rv:11.0) Gecko Firefox/11.0 (via ggpht.com GoogleImageProxy)
151995737,2024-11-22T12:51:59.675Z,Eofloisand1@gmail.com,newsletter,everyone,true,US,,,,,,Mozilla/5.0 (Windows NT 5.1; rv:11.0) Gecko Firefox/11.0 (via ggpht.com GoogleImageProxy)
151995737,2024-11-22T15:35:43.201Z,bgstudioda@gmail.com,newsletter,everyone,true,US,,,,,,Mozilla/5.0 (Windows NT 5.1; rv:11.0) Gecko Firefox/11.0 (via ggpht.com GoogleImageProxy)
151995737,2024-11-23T01:01:42.280Z,Derek.uy@gmail.com,newsletter,everyone,true,US,,,,,,Mozilla/5.0
151995737,2024-11-23T04:44:01.107Z,olafjkuiper@gmail.com,newsletter,everyone,true,US,,,,,,Mozilla/5.0
151995737,2024-11-23T19:09:48.188Z,griffin.szymoniak@gmail.com,newsletter,everyone,true,US,,,,,,Mozilla/5.0
151995737,2024-11-24T16:17:00.979Z,seanand113@gmail.com,newsletter,everyone,true,US,,,,,,Mozilla/5.0
151995737,2024-11-24T18:48:52.357Z,seanand113@gmail.com,newsletter,everyone,true,US,,,,,,Mozilla/5.0
151995737,2024-11-25T05:15:51.061Z,henryw.2118@gmail.com,newsletter,everyone,true,US,,,,,,Mozilla/5.0
151995737,2024-11-25T14:22:13.163Z,henryw.2118@gmail.com,newsletter,everyone,true,US,,,,,,Mozilla/5.0
151995737,2024-11-25T20:58:49.680Z,josephekpo@ucsb.edu,newsletter,everyone,true,US,,,,,,Mozilla/5.0
151995737,2024-11-26T21:58:42.290Z,griffin.szymoniak@gmail.com,newsletter,everyone,true,US,,,,,,Mozilla/5.0 (Windows NT 5.1; rv:11.0) Gecko Firefox/11.0 (via ggpht.com GoogleImageProxy)
151995737,2024-11-27T00:20:54.378Z,griffin.szymoniak@gmail.com,newsletter,everyone,true,US,,,,,,Mozilla/5.0
151995737,2024-11-27T14:32:21.847Z,seanand113@gmail.com,newsletter,everyone,true,US,,,,,,Mozilla/5.0
151995737,2024-12-02T00:11:59.375Z,zoewcrews@gmail.com,newsletter,everyone,true,US,,,,,,Mozilla/5.0
151995737,2024-12-03T23:05:49.140Z,jamespwilson14@gmail.com,newsletter,everyone,true,US,,,,,,Mozilla/5.0
151995737,2024-12-06T22:48:14.214Z,aidankenney08@gmail.com,newsletter,everyone,true,US,,,,,,Mozilla/5.0
151995737,2024-12-06T23:10:51.834Z,bgstudioda@gmail.com,newsletter,everyone,true,US,,,,,,Mozilla/5.0 (Windows NT 5.1; rv:11.0) Gecko Firefox/11.0 (via ggpht.com GoogleImageProxy)
151995737,2024-12-12T13:51:05.851Z,griffin.szymoniak@gmail.com,newsletter,everyone,true,US,,,,,,Mozilla/5.0
