post_id,timestamp,email,post_type,post_audience,active_subscription
152213127,2024-11-26T21:53:30.553Z,katherinemansfield13@gmail.com,newsletter,everyone,true
152213127,2024-11-26T21:53:30.831Z,ptantchev@gmail.com,newsletter,everyone,false
152213127,2024-11-26T21:53:30.913Z,seanand113@gmail.com,newsletter,everyone,true
152213127,2024-11-26T21:53:30.987Z,Derek.uy@gmail.com,newsletter,everyone,true
152213127,2024-11-26T21:53:31.046Z,seansantos3000@gmail.com,newsletter,everyone,true
152213127,2024-11-26T21:53:31.214Z,zoewcrews@gmail.com,newsletter,everyone,true
152213127,2024-11-26T21:53:31.280Z,henryw.2118@gmail.com,newsletter,everyone,true
152213127,2024-11-26T21:53:31.321Z,josephekpo@ucsb.edu,newsletter,everyone,true
152213127,2024-11-26T21:53:31.344Z,scumler19@gmail.com,newsletter,everyone,true
152213127,2024-11-26T21:53:31.402Z,bgstudioda@gmail.com,newsletter,everyone,true
152213127,2024-11-26T21:53:31.518Z,faigorjaihometv@gmail.com,newsletter,everyone,true
152213127,2024-11-26T21:53:31.528Z,willthomas127@gmail.com,newsletter,everyone,true
152213127,2024-11-26T21:53:31.541Z,aidankenney08@gmail.com,newsletter,everyone,true
152213127,2024-11-26T21:53:31.547Z,jamespwilson14@gmail.com,newsletter,everyone,true
152213127,2024-11-26T21:53:31.557Z,btantchev@yahoo.com,newsletter,everyone,true
152213127,2024-11-26T21:53:31.590Z,Eofloisand1@gmail.com,newsletter,everyone,true
152213127,2024-11-26T21:53:31.927Z,olafjkuiper@gmail.com,newsletter,everyone,true
152213127,2024-11-26T21:53:31.945Z,derekuy@ucsb.edu,newsletter,everyone,true
152213127,2024-11-26T21:53:32.319Z,griffin.szymoniak@gmail.com,newsletter,everyone,true
152213127,2024-11-26T21:53:36.391Z,hayeswu@icloud.com,newsletter,everyone,true
