post_id,timestamp,email,post_type,post_audience,active_subscription
152371050,2024-11-30T18:43:22.968Z,katherinemansfield13@gmail.com,newsletter,everyone,true
152371050,2024-11-30T18:43:23.391Z,Eofloisand1@gmail.com,newsletter,everyone,true
152371050,2024-11-30T18:43:23.498Z,josephekpo@ucsb.edu,newsletter,everyone,true
152371050,2024-11-30T18:43:23.515Z,henryw.2118@gmail.com,newsletter,everyone,true
152371050,2024-11-30T18:43:23.518Z,scumler19@gmail.com,newsletter,everyone,true
152371050,2024-11-30T18:43:23.571Z,griffin.szymoniak@gmail.com,newsletter,everyone,true
152371050,2024-11-30T18:43:23.627Z,bgstudioda@gmail.com,newsletter,everyone,true
152371050,2024-11-30T18:43:23.660Z,willthomas127@gmail.com,newsletter,everyone,true
152371050,2024-11-30T18:43:23.685Z,derekuy@ucsb.edu,newsletter,everyone,true
152371050,2024-11-30T18:43:23.703Z,faigorjaihometv@gmail.com,newsletter,everyone,true
152371050,2024-11-30T18:43:23.735Z,aidankenney08@gmail.com,newsletter,everyone,true
152371050,2024-11-30T18:43:23.922Z,olafjkuiper@gmail.com,newsletter,everyone,true
152371050,2024-11-30T18:43:24.062Z,ptantchev@gmail.com,newsletter,everyone,false
152371050,2024-11-30T18:43:24.247Z,jamespwilson14@gmail.com,newsletter,everyone,true
152371050,2024-11-30T18:43:24.264Z,zoewcrews@gmail.com,newsletter,everyone,true
152371050,2024-11-30T18:43:24.429Z,seansantos3000@gmail.com,newsletter,everyone,true
152371050,2024-11-30T18:43:24.457Z,Derek.uy@gmail.com,newsletter,everyone,true
152371050,2024-11-30T18:43:24.536Z,seanand113@gmail.com,newsletter,everyone,true
152371050,2024-11-30T18:43:24.548Z,btantchev@yahoo.com,newsletter,everyone,true
152371050,2024-11-30T18:43:26.331Z,hayeswu@icloud.com,newsletter,everyone,true
