post_id,timestamp,email,post_type,post_audience,active_subscription,country,city,region,device_type,client_os,client_type,user_agent
152411442,2024-12-01T20:25:13.521Z,Eofloisand1@gmail.com,newsletter,everyone,true,US,,,,,,Mozilla/5.0 (Windows NT 5.1; rv:11.0) Gecko Firefox/11.0 (via ggpht.com GoogleImageProxy)
152411442,2024-12-01T20:33:42.209Z,bgstudioda@gmail.com,newsletter,everyone,true,US,,,,,,Mozilla/5.0 (Windows NT 5.1; rv:11.0) Gecko Firefox/11.0 (via ggpht.com GoogleImageProxy)
152411442,2024-12-01T20:37:35.243Z,ptantchev@gmail.com,newsletter,everyone,false,US,,,,,,Mozilla/5.0 (Windows NT 5.1; rv:11.0) Gecko Firefox/11.0 (via ggpht.com GoogleImageProxy)
152411442,2024-12-01T20:56:55.328Z,willthomas127@gmail.com,newsletter,everyone,true,US,,,,,,Mozilla/5.0 (Windows NT 5.1; rv:11.0) Gecko Firefox/11.0 (via ggpht.com GoogleImageProxy)
152411442,2024-12-01T21:00:31.740Z,Eofloisand1@gmail.com,newsletter,everyone,true,US,,,,,,Mozilla/5.0 (Windows NT 5.1; rv:11.0) Gecko Firefox/11.0 (via ggpht.com GoogleImageProxy)
152411442,2024-12-01T21:35:15.999Z,derekuy@ucsb.edu,newsletter,everyone,true,US,,,,,,Mozilla/5.0 (Windows NT 5.1; rv:11.0) Gecko Firefox/11.0 (via ggpht.com GoogleImageProxy)
152411442,2024-12-01T22:51:47.770Z,henryw.2118@gmail.com,newsletter,everyone,true,US,,,,,,Mozilla/5.0
152411442,2024-12-01T23:26:34.894Z,Derek.uy@gmail.com,newsletter,everyone,true,US,,,,,,Mozilla/5.0
152411442,2024-12-02T01:15:08.926Z,ptantchev@gmail.com,newsletter,everyone,false,US,,,,,,Mozilla/5.0
152411442,2024-12-02T01:25:58.019Z,derekuy@ucsb.edu,newsletter,everyone,true,US,,,,,,Mozilla/5.0 (Windows NT 5.1; rv:11.0) Gecko Firefox/11.0 (via ggpht.com GoogleImageProxy)
152411442,2024-12-02T01:33:49.248Z,katherinemansfield13@gmail.com,newsletter,everyone,true,US,,,,,,Mozilla/5.0 (Windows NT 5.1; rv:11.0) Gecko Firefox/11.0 (via ggpht.com GoogleImageProxy)
152411442,2024-12-02T01:45:27.001Z,katherinemansfield13@gmail.com,newsletter,everyone,true,US,,,,,,Mozilla/5.0 (Windows NT 5.1; rv:11.0) Gecko Firefox/11.0 (via ggpht.com GoogleImageProxy)
152411442,2024-12-02T02:21:37.550Z,Derek.uy@gmail.com,newsletter,everyone,true,US,,,,,,Mozilla/5.0 (Windows NT 5.1; rv:11.0) Gecko Firefox/11.0 (via ggpht.com GoogleImageProxy)
152411442,2024-12-02T07:08:52.897Z,olafjkuiper@gmail.com,newsletter,everyone,true,US,,,,,,Mozilla/5.0
152411442,2024-12-02T09:07:03.758Z,griffin.szymoniak@gmail.com,newsletter,everyone,true,US,,,,,,Mozilla/5.0
152411442,2024-12-02T14:39:32.301Z,bgstudioda@gmail.com,newsletter,everyone,true,US,,,,,,Mozilla/5.0 (Windows NT 5.1; rv:11.0) Gecko Firefox/11.0 (via ggpht.com GoogleImageProxy)
152411442,2024-12-02T19:08:56.344Z,bgstudioda@gmail.com,newsletter,everyone,true,US,,,,,,Mozilla/5.0 (Windows NT 5.1; rv:11.0) Gecko Firefox/11.0 (via ggpht.com GoogleImageProxy)
152411442,2024-12-02T22:44:42.677Z,josephekpo@ucsb.edu,newsletter,everyone,true,US,,,,,,Mozilla/5.0
152411442,2024-12-03T05:04:09.258Z,katherinemansfield13@gmail.com,newsletter,everyone,true,US,,,,,,Mozilla/5.0
152411442,2024-12-03T05:41:56.476Z,zoewcrews@gmail.com,newsletter,everyone,true,US,,,,,,Mozilla/5.0
152411442,2024-12-03T23:51:17.402Z,jamespwilson14@gmail.com,newsletter,everyone,true,US,,,,,,Mozilla/5.0
152411442,2024-12-04T19:04:58.198Z,henryw.2118@gmail.com,newsletter,everyone,true,US,,,,,,Mozilla/5.0
152411442,2024-12-05T19:57:26.907Z,zoewcrews@gmail.com,newsletter,everyone,true,US,,,,,,Mozilla/5.0 (Windows NT 5.1; rv:11.0) Gecko Firefox/11.0 (via ggpht.com GoogleImageProxy)
152411442,2024-12-05T20:16:46.900Z,henryw.2118@gmail.com,newsletter,everyone,true,US,,,,,,Mozilla/5.0
152411442,2024-12-06T05:17:02.000Z,willthomas127@gmail.com,newsletter,everyone,true,US,,,,,,Mozilla/5.0 (Windows NT 5.1; rv:11.0) Gecko Firefox/11.0 (via ggpht.com GoogleImageProxy)
152411442,2024-12-06T20:44:33.988Z,aidankenney08@gmail.com,newsletter,everyone,true,NL,,,,,,Mozilla/5.0
152411442,2024-12-07T23:12:42.035Z,derekuy@ucsb.edu,newsletter,everyone,true,US,,,,,,Mozilla/5.0 (Windows NT 5.1; rv:11.0) Gecko Firefox/11.0 (via ggpht.com GoogleImageProxy)
152411442,2024-12-07T23:12:48.781Z,derekuy@ucsb.edu,newsletter,everyone,true,US,,,,,,Mozilla/5.0 (Windows NT 5.1; rv:11.0) Gecko Firefox/11.0 (via ggpht.com GoogleImageProxy)
152411442,2024-12-12T23:19:25.337Z,griffin.szymoniak@gmail.com,newsletter,everyone,true,US,,,,,,Mozilla/5.0
152411442,2024-12-16T02:03:19.928Z,hayeswu@icloud.com,newsletter,everyone,true,US,,,,,,Mozilla/5.0
152411442,2024-12-25T21:34:54.747Z,olafjkuiper@gmail.com,newsletter,everyone,true,US,,,,,,Mozilla/5.0
