post_id,timestamp,email,post_type,post_audience,active_subscription
152466098,2024-12-02T20:56:26.102Z,katherinemansfield13@gmail.com,newsletter,everyone,true
152466098,2024-12-02T20:56:26.264Z,ptantchev@gmail.com,newsletter,everyone,false
152466098,2024-12-02T20:56:26.603Z,aidankenney08@gmail.com,newsletter,everyone,true
152466098,2024-12-02T20:56:26.639Z,willthomas127@gmail.com,newsletter,everyone,true
152466098,2024-12-02T20:56:26.660Z,henryw.2118@gmail.com,newsletter,everyone,true
152466098,2024-12-02T20:56:26.708Z,Eofloisand1@gmail.com,newsletter,everyone,true
152466098,2024-12-02T20:56:26.709Z,josephekpo@ucsb.edu,newsletter,everyone,true
152466098,2024-12-02T20:56:26.781Z,bgstudioda@gmail.com,newsletter,everyone,true
152466098,2024-12-02T20:56:26.789Z,jamespwilson14@gmail.com,newsletter,everyone,true
152466098,2024-12-02T20:56:26.797Z,scumler19@gmail.com,newsletter,everyone,true
152466098,2024-12-02T20:56:26.799Z,faigorjaihometv@gmail.com,newsletter,everyone,true
152466098,2024-12-02T20:56:26.920Z,seansantos3000@gmail.com,newsletter,everyone,true
152466098,2024-12-02T20:56:27.041Z,griffin.szymoniak@gmail.com,newsletter,everyone,true
152466098,2024-12-02T20:56:27.117Z,olafjkuiper@gmail.com,newsletter,everyone,true
152466098,2024-12-02T20:56:27.146Z,btantchev@yahoo.com,newsletter,everyone,true
152466098,2024-12-02T20:56:27.257Z,zoewcrews@gmail.com,newsletter,everyone,true
152466098,2024-12-02T20:56:27.298Z,Derek.uy@gmail.com,newsletter,everyone,true
152466098,2024-12-02T20:56:27.333Z,seanand113@gmail.com,newsletter,everyone,true
152466098,2024-12-02T20:56:28.218Z,derekuy@ucsb.edu,newsletter,everyone,true
152466098,2024-12-02T20:56:29.810Z,hayeswu@icloud.com,newsletter,everyone,true
