post_id,timestamp,email,post_type,post_audience,active_subscription
152411442,2024-12-01T20:17:24.527Z,katherinemansfield13@gmail.com,newsletter,everyone,true
152411442,2024-12-01T20:17:25.174Z,ptantchev@gmail.com,newsletter,everyone,false
152411442,2024-12-01T20:17:25.839Z,Derek.uy@gmail.com,newsletter,everyone,true
152411442,2024-12-01T20:17:25.848Z,seanand113@gmail.com,newsletter,everyone,true
152411442,2024-12-01T20:17:25.933Z,btantchev@yahoo.com,newsletter,everyone,true
152411442,2024-12-01T20:17:26.069Z,zoewcrews@gmail.com,newsletter,everyone,true
152411442,2024-12-01T20:17:27.030Z,willthomas127@gmail.com,newsletter,everyone,true
152411442,2024-12-01T20:17:27.049Z,josephekpo@ucsb.edu,newsletter,everyone,true
152411442,2024-12-01T20:17:27.057Z,Eofloisand1@gmail.com,newsletter,everyone,true
152411442,2024-12-01T20:17:27.128Z,scumler19@gmail.com,newsletter,everyone,true
152411442,2024-12-01T20:17:27.129Z,henryw.2118@gmail.com,newsletter,everyone,true
152411442,2024-12-01T20:17:27.163Z,olafjkuiper@gmail.com,newsletter,everyone,true
152411442,2024-12-01T20:17:27.187Z,griffin.szymoniak@gmail.com,newsletter,everyone,true
152411442,2024-12-01T20:17:27.230Z,faigorjaihometv@gmail.com,newsletter,everyone,true
152411442,2024-12-01T20:17:27.261Z,jamespwilson14@gmail.com,newsletter,everyone,true
152411442,2024-12-01T20:17:27.506Z,seansantos3000@gmail.com,newsletter,everyone,true
152411442,2024-12-01T20:17:27.711Z,bgstudioda@gmail.com,newsletter,everyone,true
152411442,2024-12-01T20:17:27.908Z,aidankenney08@gmail.com,newsletter,everyone,true
152411442,2024-12-01T20:17:28.386Z,derekuy@ucsb.edu,newsletter,everyone,true
152411442,2024-12-01T20:17:33.999Z,hayeswu@icloud.com,newsletter,everyone,true
