post_id,timestamp,email,post_type,post_audience,active_subscription
152530652,2024-12-03T19:28:53.559Z,ptantchev@gmail.com,newsletter,everyone,false
152530652,2024-12-03T19:28:53.743Z,katherinemansfield13@gmail.com,newsletter,everyone,true
152530652,2024-12-03T19:28:54.757Z,scumler19@gmail.com,newsletter,everyone,true
152530652,2024-12-03T19:28:54.807Z,willthomas127@gmail.com,newsletter,everyone,true
152530652,2024-12-03T19:28:54.837Z,henryw.2118@gmail.com,newsletter,everyone,true
152530652,2024-12-03T19:28:54.857Z,faigorjaihometv@gmail.com,newsletter,everyone,true
152530652,2024-12-03T19:28:54.868Z,josephekpo@ucsb.edu,newsletter,everyone,true
152530652,2024-12-03T19:28:54.902Z,Eofloisand1@gmail.com,newsletter,everyone,true
152530652,2024-12-03T19:28:54.997Z,seanand113@gmail.com,newsletter,everyone,true
152530652,2024-12-03T19:28:55.021Z,derekuy@ucsb.edu,newsletter,everyone,true
152530652,2024-12-03T19:28:55.051Z,seansantos3000@gmail.com,newsletter,everyone,true
152530652,2024-12-03T19:28:55.056Z,zoewcrews@gmail.com,newsletter,everyone,true
152530652,2024-12-03T19:28:55.057Z,griffin.szymoniak@gmail.com,newsletter,everyone,true
152530652,2024-12-03T19:28:55.111Z,olafjkuiper@gmail.com,newsletter,everyone,true
152530652,2024-12-03T19:28:55.139Z,Derek.uy@gmail.com,newsletter,everyone,true
152530652,2024-12-03T19:28:55.210Z,bgstudioda@gmail.com,newsletter,everyone,true
152530652,2024-12-03T19:28:55.484Z,btantchev@yahoo.com,newsletter,everyone,true
152530652,2024-12-03T19:28:55.683Z,aidankenney08@gmail.com,newsletter,everyone,true
152530652,2024-12-03T19:28:55.931Z,jamespwilson14@gmail.com,newsletter,everyone,true
152530652,2024-12-03T19:28:59.468Z,hayeswu@icloud.com,newsletter,everyone,true
