post_id,timestamp,email,post_type,post_audience,active_subscription
152581218,2024-12-04T18:53:11.445Z,ptantchev@gmail.com,newsletter,everyone,false
152581218,2024-12-04T18:53:12.127Z,katherinemansfield13@gmail.com,newsletter,everyone,true
152581218,2024-12-04T18:53:12.134Z,henryw.2118@gmail.com,newsletter,everyone,true
152581218,2024-12-04T18:53:12.170Z,olafjkuiper@gmail.com,newsletter,everyone,true
152581218,2024-12-04T18:53:12.182Z,Eofloisand1@gmail.com,newsletter,everyone,true
152581218,2024-12-04T18:53:12.184Z,scumler19@gmail.com,newsletter,everyone,true
152581218,2024-12-04T18:53:12.189Z,griffin.szymoniak@gmail.com,newsletter,everyone,true
152581218,2024-12-04T18:53:12.208Z,aidankenney08@gmail.com,newsletter,everyone,true
152581218,2024-12-04T18:53:12.218Z,derekuy@ucsb.edu,newsletter,everyone,true
152581218,2024-12-04T18:53:12.386Z,faigorjaihometv@gmail.com,newsletter,everyone,true
152581218,2024-12-04T18:53:12.390Z,jamespwilson14@gmail.com,newsletter,everyone,true
152581218,2024-12-04T18:53:12.418Z,bgstudioda@gmail.com,newsletter,everyone,true
152581218,2024-12-04T18:53:12.440Z,seanand113@gmail.com,newsletter,everyone,true
152581218,2024-12-04T18:53:12.560Z,zoewcrews@gmail.com,newsletter,everyone,true
152581218,2024-12-04T18:53:12.882Z,seansantos3000@gmail.com,newsletter,everyone,true
152581218,2024-12-04T18:53:12.901Z,josephekpo@ucsb.edu,newsletter,everyone,true
152581218,2024-12-04T18:53:13.059Z,Derek.uy@gmail.com,newsletter,everyone,true
152581218,2024-12-04T18:53:13.434Z,willthomas127@gmail.com,newsletter,everyone,true
152581218,2024-12-04T18:53:20.279Z,hayeswu@icloud.com,newsletter,everyone,true
152581218,2024-12-04T18:54:23.054Z,btantchev@yahoo.com,newsletter,everyone,true
