post_id,timestamp,email,post_type,post_audience,active_subscription,country,city,region,device_type,client_os,client_type,user_agent
152581218,2024-12-04T18:53:58.249Z,griffin.szymoniak@gmail.com,newsletter,everyone,true,US,,,,,,Mozilla/5.0 (Windows NT 5.1; rv:11.0) Gecko Firefox/11.0 (via ggpht.com GoogleImageProxy)
152581218,2024-12-04T18:54:59.038Z,willthomas127@gmail.com,newsletter,everyone,true,US,,,,,,Mozilla/5.0 (Windows NT 5.1; rv:11.0) Gecko Firefox/11.0 (via ggpht.com GoogleImageProxy)
152581218,2024-12-04T18:55:28.335Z,henryw.2118@gmail.com,newsletter,everyone,true,US,,,,,,Mozilla/5.0 (Windows NT 5.1; rv:11.0) Gecko Firefox/11.0 (via ggpht.com GoogleImageProxy)
152581218,2024-12-04T18:56:11.831Z,henryw.2118@gmail.com,newsletter,everyone,true,US,,,,,,Mozilla/5.0 (Windows NT 5.1; rv:11.0) Gecko Firefox/11.0 (via ggpht.com GoogleImageProxy)
152581218,2024-12-04T19:05:46.358Z,ptantchev@gmail.com,newsletter,everyone,false,US,,,,,,Mozilla/5.0 (Windows NT 5.1; rv:11.0) Gecko Firefox/11.0 (via ggpht.com GoogleImageProxy)
152581218,2024-12-04T19:05:47.162Z,ptantchev@gmail.com,newsletter,everyone,false,US,,,,,,Mozilla/5.0 (Windows NT 5.1; rv:11.0) Gecko Firefox/11.0 (via ggpht.com GoogleImageProxy)
152581218,2024-12-04T19:16:24.104Z,derekuy@ucsb.edu,newsletter,everyone,true,US,,,,,,Mozilla/5.0 (Windows NT 5.1; rv:11.0) Gecko Firefox/11.0 (via ggpht.com GoogleImageProxy)
152581218,2024-12-04T19:31:02.389Z,katherinemansfield13@gmail.com,newsletter,everyone,true,US,,,,,,Mozilla/5.0 (Windows NT 5.1; rv:11.0) Gecko Firefox/11.0 (via ggpht.com GoogleImageProxy)
152581218,2024-12-04T19:41:37.109Z,Derek.uy@gmail.com,newsletter,everyone,true,US,,,,,,Mozilla/5.0 (Windows NT 5.1; rv:11.0) Gecko Firefox/11.0 (via ggpht.com GoogleImageProxy)
152581218,2024-12-04T20:07:02.440Z,katherinemansfield13@gmail.com,newsletter,everyone,true,US,,,,,,Mozilla/5.0 (Windows NT 5.1; rv:11.0) Gecko Firefox/11.0 (via ggpht.com GoogleImageProxy)
152581218,2024-12-04T20:29:52.324Z,katherinemansfield13@gmail.com,newsletter,everyone,true,US,,,,,,Mozilla/5.0
152581218,2024-12-04T22:14:32.656Z,Derek.uy@gmail.com,newsletter,everyone,true,US,,,,,,Mozilla/5.0 (Windows NT 5.1; rv:11.0) Gecko Firefox/11.0 (via ggpht.com GoogleImageProxy)
152581218,2024-12-04T22:50:17.590Z,henryw.2118@gmail.com,newsletter,everyone,true,US,,,,,,Mozilla/5.0
152581218,2024-12-04T23:53:42.675Z,ptantchev@gmail.com,newsletter,everyone,false,NL,,,,,,Mozilla/5.0
152581218,2024-12-05T00:00:09.022Z,olafjkuiper@gmail.com,newsletter,everyone,true,US,,,,,,Mozilla/5.0
152581218,2024-12-05T00:04:31.653Z,henryw.2118@gmail.com,newsletter,everyone,true,US,,,,,,Mozilla/5.0
152581218,2024-12-05T00:16:18.609Z,olafjkuiper@gmail.com,newsletter,everyone,true,US,,,,,,Mozilla/5.0 (Windows NT 5.1; rv:11.0) Gecko Firefox/11.0 (via ggpht.com GoogleImageProxy)
152581218,2024-12-05T00:36:38.484Z,henryw.2118@gmail.com,newsletter,everyone,true,US,,,,,,Mozilla/5.0
152581218,2024-12-05T03:48:06.762Z,zoewcrews@gmail.com,newsletter,everyone,true,NL,,,,,,Mozilla/5.0
152581218,2024-12-05T08:54:26.473Z,Derek.uy@gmail.com,newsletter,everyone,true,US,,,,,,Mozilla/5.0
152581218,2024-12-05T11:55:13.654Z,griffin.szymoniak@gmail.com,newsletter,everyone,true,NL,,,,,,Mozilla/5.0
152581218,2024-12-05T19:39:38.107Z,Derek.uy@gmail.com,newsletter,everyone,true,US,,,,,,Mozilla/5.0 (Windows NT 5.1; rv:11.0) Gecko Firefox/11.0 (via ggpht.com GoogleImageProxy)
152581218,2024-12-05T20:47:29.838Z,hayeswu@icloud.com,newsletter,everyone,true,US,,,,,,Mozilla/5.0
152581218,2024-12-05T21:12:21.082Z,jamespwilson14@gmail.com,newsletter,everyone,true,US,,,,,,Mozilla/5.0
152581218,2024-12-06T05:16:47.135Z,willthomas127@gmail.com,newsletter,everyone,true,US,,,,,,Mozilla/5.0 (Windows NT 5.1; rv:11.0) Gecko Firefox/11.0 (via ggpht.com GoogleImageProxy)
152581218,2024-12-06T19:14:27.757Z,olafjkuiper@gmail.com,newsletter,everyone,true,US,,,,,,Mozilla/5.0 (Windows NT 5.1; rv:11.0) Gecko Firefox/11.0 (via ggpht.com GoogleImageProxy)
152581218,2024-12-06T20:27:00.796Z,aidankenney08@gmail.com,newsletter,everyone,true,NL,,,,,,Mozilla/5.0
152581218,2024-12-07T06:47:53.341Z,josephekpo@ucsb.edu,newsletter,everyone,true,NL,,,,,,Mozilla/5.0
152581218,2024-12-08T11:51:51.784Z,seanand113@gmail.com,newsletter,everyone,true,US,,,,,,Mozilla/5.0
152581218,2024-12-12T22:54:00.617Z,griffin.szymoniak@gmail.com,newsletter,everyone,true,US,,,,,,Mozilla/5.0
152581218,2024-12-16T02:03:19.929Z,hayeswu@icloud.com,newsletter,everyone,true,US,,,,,,Mozilla/5.0
152581218,2024-12-25T07:23:15.879Z,olafjkuiper@gmail.com,newsletter,everyone,true,US,,,,,,Mozilla/5.0
