post_id,timestamp,email,post_type,post_audience,active_subscription
152675667,2024-12-06T19:17:51.358Z,ptantchev@gmail.com,newsletter,everyone,false
152675667,2024-12-06T19:17:51.463Z,henryw.2118@gmail.com,newsletter,everyone,true
152675667,2024-12-06T19:17:51.476Z,griffin.szymoniak@gmail.com,newsletter,everyone,true
152675667,2024-12-06T19:17:51.551Z,willthomas127@gmail.com,newsletter,everyone,true
152675667,2024-12-06T19:17:51.556Z,derekuy@ucsb.edu,newsletter,everyone,true
152675667,2024-12-06T19:17:51.573Z,olafjkuiper@gmail.com,newsletter,everyone,true
152675667,2024-12-06T19:17:51.627Z,scumler19@gmail.com,newsletter,everyone,true
152675667,2024-12-06T19:17:51.639Z,aidankenney08@gmail.com,newsletter,everyone,true
152675667,2024-12-06T19:17:51.681Z,katherinemansfield13@gmail.com,newsletter,everyone,true
152675667,2024-12-06T19:17:51.730Z,Eofloisand1@gmail.com,newsletter,everyone,true
152675667,2024-12-06T19:17:51.795Z,jamespwilson14@gmail.com,newsletter,everyone,true
152675667,2024-12-06T19:17:51.974Z,Derek.uy@gmail.com,newsletter,everyone,true
152675667,2024-12-06T19:17:52.314Z,josephekpo@ucsb.edu,newsletter,everyone,true
152675667,2024-12-06T19:17:52.379Z,seansantos3000@gmail.com,newsletter,everyone,true
152675667,2024-12-06T19:17:52.392Z,btantchev@yahoo.com,newsletter,everyone,true
152675667,2024-12-06T19:17:52.400Z,seanand113@gmail.com,newsletter,everyone,true
152675667,2024-12-06T19:17:52.407Z,bgstudioda@gmail.com,newsletter,everyone,true
152675667,2024-12-06T19:17:53.055Z,faigorjaihometv@gmail.com,newsletter,everyone,true
152675667,2024-12-06T19:17:53.210Z,zoewcrews@gmail.com,newsletter,everyone,true
152675667,2024-12-06T19:18:01.644Z,hayeswu@icloud.com,newsletter,everyone,true
