post_id,timestamp,email,post_type,post_audience,active_subscription
152767816,2024-12-07T20:03:04.699Z,katherinemansfield13@gmail.com,newsletter,everyone,true
152767816,2024-12-07T20:03:04.994Z,ptantchev@gmail.com,newsletter,everyone,false
152767816,2024-12-07T20:03:06.377Z,henryw.2118@gmail.com,newsletter,everyone,true
152767816,2024-12-07T20:03:06.515Z,Eofloisand1@gmail.com,newsletter,everyone,true
152767816,2024-12-07T20:03:06.527Z,scumler19@gmail.com,newsletter,everyone,true
152767816,2024-12-07T20:03:06.527Z,bgstudioda@gmail.com,newsletter,everyone,true
152767816,2024-12-07T20:03:06.618Z,willthomas127@gmail.com,newsletter,everyone,true
152767816,2024-12-07T20:03:06.650Z,derekuy@ucsb.edu,newsletter,everyone,true
152767816,2024-12-07T20:03:06.672Z,faigorjaihometv@gmail.com,newsletter,everyone,true
152767816,2024-12-07T20:03:06.682Z,olafjkuiper@gmail.com,newsletter,everyone,true
152767816,2024-12-07T20:03:06.689Z,aidankenney08@gmail.com,newsletter,everyone,true
152767816,2024-12-07T20:03:06.896Z,jamespwilson14@gmail.com,newsletter,everyone,true
152767816,2024-12-07T20:03:07.016Z,josephekpo@ucsb.edu,newsletter,everyone,true
152767816,2024-12-07T20:03:07.109Z,seanand113@gmail.com,newsletter,everyone,true
152767816,2024-12-07T20:03:07.170Z,Derek.uy@gmail.com,newsletter,everyone,true
152767816,2024-12-07T20:03:07.181Z,griffin.szymoniak@gmail.com,newsletter,everyone,true
152767816,2024-12-07T20:03:07.344Z,zoewcrews@gmail.com,newsletter,everyone,true
152767816,2024-12-07T20:03:08.264Z,seansantos3000@gmail.com,newsletter,everyone,true
152767816,2024-12-07T20:03:08.680Z,btantchev@yahoo.com,newsletter,everyone,true
152767816,2024-12-07T20:03:10.720Z,hayeswu@icloud.com,newsletter,everyone,true
