post_id,timestamp,email,post_type,post_audience,active_subscription,country,city,region,device_type,client_os,client_type,user_agent
152767816,2024-12-07T20:04:48.451Z,derekuy@ucsb.edu,newsletter,everyone,true,US,,,,,,Mozilla/5.0 (Windows NT 5.1; rv:11.0) Gecko Firefox/11.0 (via ggpht.com GoogleImageProxy)
152767816,2024-12-07T20:04:52.286Z,Derek.uy@gmail.com,newsletter,everyone,true,US,,,,,,Mozilla/5.0 (Windows NT 5.1; rv:11.0) Gecko Firefox/11.0 (via ggpht.com GoogleImageProxy)
152767816,2024-12-07T20:06:08.221Z,henryw.2118@gmail.com,newsletter,everyone,true,US,,,,,,Mozilla/5.0
152767816,2024-12-07T20:11:25.353Z,Eofloisand1@gmail.com,newsletter,everyone,true,US,,,,,,Mozilla/5.0 (Windows NT 5.1; rv:11.0) Gecko Firefox/11.0 (via ggpht.com GoogleImageProxy)
152767816,2024-12-07T20:22:12.793Z,katherinemansfield13@gmail.com,newsletter,everyone,true,US,,,,,,Mozilla/5.0 (Windows NT 5.1; rv:11.0) Gecko Firefox/11.0 (via ggpht.com GoogleImageProxy)
152767816,2024-12-07T21:44:20.761Z,ptantchev@gmail.com,newsletter,everyone,false,US,,,,,,Mozilla/5.0
152767816,2024-12-07T21:47:03.365Z,bgstudioda@gmail.com,newsletter,everyone,true,US,,,,,,Mozilla/5.0 (Windows NT 5.1; rv:11.0) Gecko Firefox/11.0 (via ggpht.com GoogleImageProxy)
152767816,2024-12-07T21:51:58.411Z,bgstudioda@gmail.com,newsletter,everyone,true,US,,,,,,Mozilla/5.0 (Windows NT 5.1; rv:11.0) Gecko Firefox/11.0 (via ggpht.com GoogleImageProxy)
152767816,2024-12-07T21:56:43.200Z,josephekpo@ucsb.edu,newsletter,everyone,true,US,,,,,,Mozilla/5.0
152767816,2024-12-07T22:00:25.757Z,Derek.uy@gmail.com,newsletter,everyone,true,US,,,,,,Mozilla/5.0 (Windows NT 5.1; rv:11.0) Gecko Firefox/11.0 (via ggpht.com GoogleImageProxy)
152767816,2024-12-07T23:37:04.507Z,Derek.uy@gmail.com,newsletter,everyone,true,US,,,,,,Mozilla/5.0 (Windows NT 5.1; rv:11.0) Gecko Firefox/11.0 (via ggpht.com GoogleImageProxy)
152767816,2024-12-07T23:46:25.613Z,btantchev@yahoo.com,newsletter,everyone,true,US,,,,,,YahooMailProxy; https://help.yahoo.com/kb/yahoo-mail-proxy-SLN28749.html
152767816,2024-12-08T03:47:49.219Z,seanand113@gmail.com,newsletter,everyone,true,US,,,,,,Mozilla/5.0
152767816,2024-12-08T04:06:30.366Z,henryw.2118@gmail.com,newsletter,everyone,true,US,,,,,,Mozilla/5.0
152767816,2024-12-08T06:03:43.699Z,hayeswu@icloud.com,newsletter,everyone,true,US,,,,,,Mozilla/5.0
152767816,2024-12-08T06:07:00.518Z,griffin.szymoniak@gmail.com,newsletter,everyone,true,US,,,,,,Mozilla/5.0
152767816,2024-12-08T06:54:13.449Z,Derek.uy@gmail.com,newsletter,everyone,true,NL,,,,,,Mozilla/5.0
152767816,2024-12-08T10:51:45.493Z,katherinemansfield13@gmail.com,newsletter,everyone,true,US,,,,,,Mozilla/5.0
152767816,2024-12-08T18:41:40.549Z,olafjkuiper@gmail.com,newsletter,everyone,true,US,,,,,,Mozilla/5.0
152767816,2024-12-08T20:04:55.766Z,henryw.2118@gmail.com,newsletter,everyone,true,US,,,,,,Mozilla/5.0
152767816,2024-12-08T20:12:03.452Z,jamespwilson14@gmail.com,newsletter,everyone,true,US,,,,,,Mozilla/5.0
152767816,2024-12-08T21:25:30.509Z,aidankenney08@gmail.com,newsletter,everyone,true,US,,,,,,Mozilla/5.0
152767816,2024-12-08T23:36:43.643Z,willthomas127@gmail.com,newsletter,everyone,true,US,,,,,,Mozilla/5.0 (Windows NT 5.1; rv:11.0) Gecko Firefox/11.0 (via ggpht.com GoogleImageProxy)
152767816,2024-12-09T17:23:48.727Z,zoewcrews@gmail.com,newsletter,everyone,true,NL,,,,,,Mozilla/5.0
152767816,2024-12-12T22:23:34.743Z,griffin.szymoniak@gmail.com,newsletter,everyone,true,US,,,,,,Mozilla/5.0
152767816,2024-12-16T02:03:19.931Z,hayeswu@icloud.com,newsletter,everyone,true,US,,,,,,Mozilla/5.0
152767816,2024-12-25T07:23:15.878Z,olafjkuiper@gmail.com,newsletter,everyone,true,US,,,,,,Mozilla/5.0
