post_id,timestamp,email,post_type,post_audience,active_subscription
152810831,2024-12-08T20:17:46.285Z,ptantchev@gmail.com,newsletter,everyone,false
152810831,2024-12-08T20:17:47.291Z,katherinemansfield13@gmail.com,newsletter,everyone,true
152810831,2024-12-08T20:17:48.925Z,seansantos3000@gmail.com,newsletter,everyone,true
152810831,2024-12-08T20:17:48.936Z,olafjkuiper@gmail.com,newsletter,everyone,true
152810831,2024-12-08T20:17:48.951Z,derekuy@ucsb.edu,newsletter,everyone,true
152810831,2024-12-08T20:17:48.954Z,zoewcrews@gmail.com,newsletter,everyone,true
152810831,2024-12-08T20:17:49.010Z,Eofloisand1@gmail.com,newsletter,everyone,true
152810831,2024-12-08T20:17:49.041Z,scumler19@gmail.com,newsletter,everyone,true
152810831,2024-12-08T20:17:49.150Z,btantchev@yahoo.com,newsletter,everyone,true
152810831,2024-12-08T20:17:49.151Z,bgstudioda@gmail.com,newsletter,everyone,true
152810831,2024-12-08T20:17:49.168Z,josephekpo@ucsb.edu,newsletter,everyone,true
152810831,2024-12-08T20:17:49.259Z,willthomas127@gmail.com,newsletter,everyone,true
152810831,2024-12-08T20:17:49.275Z,faigorjaihometv@gmail.com,newsletter,everyone,true
152810831,2024-12-08T20:17:49.411Z,aidankenney08@gmail.com,newsletter,everyone,true
152810831,2024-12-08T20:17:49.805Z,griffin.szymoniak@gmail.com,newsletter,everyone,true
152810831,2024-12-08T20:17:49.950Z,henryw.2118@gmail.com,newsletter,everyone,true
152810831,2024-12-08T20:17:50.163Z,Derek.uy@gmail.com,newsletter,everyone,true
152810831,2024-12-08T20:17:50.288Z,seanand113@gmail.com,newsletter,everyone,true
152810831,2024-12-08T20:17:50.431Z,jamespwilson14@gmail.com,newsletter,everyone,true
152810831,2024-12-08T20:17:51.288Z,hayeswu@icloud.com,newsletter,everyone,true
