post_id,timestamp,email,post_type,post_audience,active_subscription,country,city,region,device_type,client_os,client_type,user_agent
152810831,2024-12-08T20:18:10.038Z,hayeswu@icloud.com,newsletter,everyone,true,NL,,,,,,Mozilla/5.0
152810831,2024-12-08T20:23:28.151Z,derekuy@ucsb.edu,newsletter,everyone,true,US,,,,,,Mozilla/5.0 (Windows NT 5.1; rv:11.0) Gecko Firefox/11.0 (via ggpht.com GoogleImageProxy)
152810831,2024-12-08T20:31:20.922Z,josephekpo@ucsb.edu,newsletter,everyone,true,US,,,,,,Mozilla/5.0 (Windows NT 5.1; rv:11.0) Gecko Firefox/11.0 (via ggpht.com GoogleImageProxy)
152810831,2024-12-08T20:31:48.558Z,josephekpo@ucsb.edu,newsletter,everyone,true,NL,,,,,,Mozilla/5.0
152810831,2024-12-08T20:43:26.678Z,jamespwilson14@gmail.com,newsletter,everyone,true,US,,,,,,Mozilla/5.0
152810831,2024-12-08T20:54:30.696Z,henryw.2118@gmail.com,newsletter,everyone,true,NL,,,,,,Mozilla/5.0
152810831,2024-12-08T21:16:33.540Z,katherinemansfield13@gmail.com,newsletter,everyone,true,US,,,,,,Mozilla/5.0 (Windows NT 5.1; rv:11.0) Gecko Firefox/11.0 (via ggpht.com GoogleImageProxy)
152810831,2024-12-08T21:25:30.505Z,aidankenney08@gmail.com,newsletter,everyone,true,US,,,,,,Mozilla/5.0
152810831,2024-12-08T21:41:16.465Z,griffin.szymoniak@gmail.com,newsletter,everyone,true,US,,,,,,Mozilla/5.0 (Windows NT 5.1; rv:11.0) Gecko Firefox/11.0 (via ggpht.com GoogleImageProxy)
152810831,2024-12-08T21:42:03.543Z,henryw.2118@gmail.com,newsletter,everyone,true,NL,,,,,,Mozilla/5.0
152810831,2024-12-08T23:21:23.280Z,seanand113@gmail.com,newsletter,everyone,true,US,,,,,,Mozilla/5.0
152810831,2024-12-08T23:36:39.367Z,willthomas127@gmail.com,newsletter,everyone,true,US,,,,,,Mozilla/5.0 (Windows NT 5.1; rv:11.0) Gecko Firefox/11.0 (via ggpht.com GoogleImageProxy)
152810831,2024-12-08T23:38:33.112Z,griffin.szymoniak@gmail.com,newsletter,everyone,true,US,,,,,,Mozilla/5.0 (Windows NT 5.1; rv:11.0) Gecko Firefox/11.0 (via ggpht.com GoogleImageProxy)
152810831,2024-12-08T23:48:04.626Z,henryw.2118@gmail.com,newsletter,everyone,true,US,,,,,,Mozilla/5.0
152810831,2024-12-09T00:26:23.221Z,ptantchev@gmail.com,newsletter,everyone,false,NL,,,,,,Mozilla/5.0
152810831,2024-12-09T01:33:59.192Z,Eofloisand1@gmail.com,newsletter,everyone,true,US,,,,,,Mozilla/5.0 (Windows NT 5.1; rv:11.0) Gecko Firefox/11.0 (via ggpht.com GoogleImageProxy)
152810831,2024-12-09T01:46:42.156Z,olafjkuiper@gmail.com,newsletter,everyone,true,US,,,,,,Mozilla/5.0
152810831,2024-12-09T04:14:07.795Z,griffin.szymoniak@gmail.com,newsletter,everyone,true,US,,,,,,Mozilla/5.0
152810831,2024-12-09T05:05:42.577Z,katherinemansfield13@gmail.com,newsletter,everyone,true,US,,,,,,Mozilla/5.0 (Windows NT 5.1; rv:11.0) Gecko Firefox/11.0 (via ggpht.com GoogleImageProxy)
152810831,2024-12-09T06:12:30.563Z,bgstudioda@gmail.com,newsletter,everyone,true,US,,,,,,Mozilla/5.0 (Windows NT 5.1; rv:11.0) Gecko Firefox/11.0 (via ggpht.com GoogleImageProxy)
152810831,2024-12-09T08:21:56.348Z,katherinemansfield13@gmail.com,newsletter,everyone,true,US,,,,,,Mozilla/5.0
152810831,2024-12-09T17:00:56.119Z,katherinemansfield13@gmail.com,newsletter,everyone,true,US,,,,,,Mozilla/5.0 (Windows NT 5.1; rv:11.0) Gecko Firefox/11.0 (via ggpht.com GoogleImageProxy)
152810831,2024-12-09T17:23:48.728Z,zoewcrews@gmail.com,newsletter,everyone,true,NL,,,,,,Mozilla/5.0
152810831,2024-12-09T18:13:59.405Z,ptantchev@gmail.com,newsletter,everyone,false,US,,,,,,Mozilla/5.0 (Windows NT 5.1; rv:11.0) Gecko Firefox/11.0 (via ggpht.com GoogleImageProxy)
152810831,2024-12-10T00:38:33.444Z,Derek.uy@gmail.com,newsletter,everyone,true,US,,,,,,Mozilla/5.0
152810831,2024-12-11T19:52:17.535Z,katherinemansfield13@gmail.com,newsletter,everyone,true,US,,,,,,Mozilla/5.0 (Windows NT 5.1; rv:11.0) Gecko Firefox/11.0 (via ggpht.com GoogleImageProxy)
152810831,2024-12-12T22:21:05.775Z,griffin.szymoniak@gmail.com,newsletter,everyone,true,US,,,,,,Mozilla/5.0
152810831,2024-12-12T22:21:11.755Z,griffin.szymoniak@gmail.com,newsletter,everyone,true,US,,,,,,Mozilla/5.0
152810831,2024-12-16T02:03:19.931Z,hayeswu@icloud.com,newsletter,everyone,true,US,,,,,,Mozilla/5.0
152810831,2024-12-25T07:23:15.877Z,olafjkuiper@gmail.com,newsletter,everyone,true,US,,,,,,Mozilla/5.0
