post_id,timestamp,email,post_type,post_audience,active_subscription
152858939,2024-12-09T20:09:04.699Z,katherinemansfield13@gmail.com,newsletter,everyone,true
152858939,2024-12-09T20:09:05.217Z,henryw.2118@gmail.com,newsletter,everyone,true
152858939,2024-12-09T20:09:05.220Z,ptantchev@gmail.com,newsletter,everyone,false
152858939,2024-12-09T20:09:05.235Z,scumler19@gmail.com,newsletter,everyone,true
152858939,2024-12-09T20:09:05.263Z,seanand113@gmail.com,newsletter,everyone,true
152858939,2024-12-09T20:09:05.289Z,Eofloisand1@gmail.com,newsletter,everyone,true
152858939,2024-12-09T20:09:05.307Z,brodyricci805@gmail.com,newsletter,everyone,true
152858939,2024-12-09T20:09:05.310Z,griffin.szymoniak@gmail.com,newsletter,everyone,true
152858939,2024-12-09T20:09:05.341Z,josephekpo@ucsb.edu,newsletter,everyone,true
152858939,2024-12-09T20:09:05.417Z,willthomas127@gmail.com,newsletter,everyone,true
152858939,2024-12-09T20:09:05.473Z,ian.pokorny47@gmail.com,newsletter,everyone,true
152858939,2024-12-09T20:09:05.564Z,btantchev@yahoo.com,newsletter,everyone,true
152858939,2024-12-09T20:09:05.566Z,faigorjaihometv@gmail.com,newsletter,everyone,true
152858939,2024-12-09T20:09:05.574Z,seansantos3000@gmail.com,newsletter,everyone,true
152858939,2024-12-09T20:09:05.596Z,aidankenney08@gmail.com,newsletter,everyone,true
152858939,2024-12-09T20:09:05.659Z,bgstudioda@gmail.com,newsletter,everyone,true
152858939,2024-12-09T20:09:05.693Z,jamespwilson14@gmail.com,newsletter,everyone,true
152858939,2024-12-09T20:09:05.951Z,derekuy@ucsb.edu,newsletter,everyone,true
152858939,2024-12-09T20:09:06.131Z,olafjkuiper@gmail.com,newsletter,everyone,true
152858939,2024-12-09T20:09:06.233Z,Derek.uy@gmail.com,newsletter,everyone,true
152858939,2024-12-09T20:09:06.325Z,kittfricke04@gmail.com,newsletter,everyone,true
152858939,2024-12-09T20:09:06.386Z,zoewcrews@gmail.com,newsletter,everyone,true
152858939,2024-12-09T20:09:09.444Z,hayeswu@icloud.com,newsletter,everyone,true
