post_id,timestamp,email,post_type,post_audience,active_subscription,country,city,region,device_type,client_os,client_type,user_agent
152858939,2024-12-09T20:11:11.026Z,Eofloisand1@gmail.com,newsletter,everyone,true,US,,,,,,Mozilla/5.0 (Windows NT 5.1; rv:11.0) Gecko Firefox/11.0 (via ggpht.com GoogleImageProxy)
152858939,2024-12-09T20:13:07.815Z,hayeswu@icloud.com,newsletter,everyone,true,US,,,,,,Mozilla/5.0
152858939,2024-12-09T20:26:01.925Z,derekuy@ucsb.edu,newsletter,everyone,true,US,,,,,,Mozilla/5.0 (Windows NT 5.1; rv:11.0) Gecko Firefox/11.0 (via ggpht.com GoogleImageProxy)
152858939,2024-12-09T20:26:07.391Z,Derek.uy@gmail.com,newsletter,everyone,true,US,,,,,,Mozilla/5.0 (Windows NT 5.1; rv:11.0) Gecko Firefox/11.0 (via ggpht.com GoogleImageProxy)
152858939,2024-12-09T21:13:31.496Z,derekuy@ucsb.edu,newsletter,everyone,true,US,,,,,,Mozilla/5.0 (Windows NT 5.1; rv:11.0) Gecko Firefox/11.0 (via ggpht.com GoogleImageProxy)
152858939,2024-12-09T21:16:24.707Z,ptantchev@gmail.com,newsletter,everyone,false,US,,,,,,Mozilla/5.0
152858939,2024-12-09T21:34:28.232Z,bgstudioda@gmail.com,newsletter,everyone,true,US,,,,,,Mozilla/5.0 (Windows NT 5.1; rv:11.0) Gecko Firefox/11.0 (via ggpht.com GoogleImageProxy)
152858939,2024-12-09T21:36:12.672Z,bgstudioda@gmail.com,newsletter,everyone,true,US,,,,,,Mozilla/5.0 (Windows NT 5.1; rv:11.0) Gecko Firefox/11.0 (via ggpht.com GoogleImageProxy)
152858939,2024-12-09T21:38:00.638Z,bgstudioda@gmail.com,newsletter,everyone,true,US,,,,,,Mozilla/5.0 (Windows NT 5.1; rv:11.0) Gecko Firefox/11.0 (via ggpht.com GoogleImageProxy)
152858939,2024-12-09T21:39:43.969Z,ptantchev@gmail.com,newsletter,everyone,false,US,,,,,,Mozilla/5.0 (Windows NT 5.1; rv:11.0) Gecko Firefox/11.0 (via ggpht.com GoogleImageProxy)
152858939,2024-12-09T21:40:02.505Z,josephekpo@ucsb.edu,newsletter,everyone,true,US,,,,,,Mozilla/5.0
152858939,2024-12-09T21:53:07.063Z,katherinemansfield13@gmail.com,newsletter,everyone,true,US,,,,,,Mozilla/5.0 (Windows NT 5.1; rv:11.0) Gecko Firefox/11.0 (via ggpht.com GoogleImageProxy)
152858939,2024-12-09T21:54:50.838Z,btantchev@yahoo.com,newsletter,everyone,true,US,,,,,,YahooMailProxy; https://help.yahoo.com/kb/yahoo-mail-proxy-SLN28749.html
152858939,2024-12-09T22:27:50.026Z,willthomas127@gmail.com,newsletter,everyone,true,US,,,,,,Mozilla/5.0 (Windows NT 5.1; rv:11.0) Gecko Firefox/11.0 (via ggpht.com GoogleImageProxy)
152858939,2024-12-10T00:59:21.516Z,jamespwilson14@gmail.com,newsletter,everyone,true,US,,,,,,Mozilla/5.0
152858939,2024-12-10T02:14:15.665Z,willthomas127@gmail.com,newsletter,everyone,true,US,,,,,,Mozilla/5.0 (Windows NT 5.1; rv:11.0) Gecko Firefox/11.0 (via ggpht.com GoogleImageProxy)
152858939,2024-12-10T03:25:13.786Z,Derek.uy@gmail.com,newsletter,everyone,true,US,,,,,,Mozilla/5.0
152858939,2024-12-10T05:07:33.361Z,griffin.szymoniak@gmail.com,newsletter,everyone,true,NL,,,,,,Mozilla/5.0
152858939,2024-12-10T05:20:43.252Z,ian.pokorny47@gmail.com,newsletter,everyone,true,US,,,,,,Mozilla/5.0 (Windows NT 5.1; rv:11.0) Gecko Firefox/11.0 (via ggpht.com GoogleImageProxy)
152858939,2024-12-10T06:17:05.285Z,seanand113@gmail.com,newsletter,everyone,true,US,,,,,,Mozilla/5.0
152858939,2024-12-10T12:10:26.542Z,henryw.2118@gmail.com,newsletter,everyone,true,US,,,,,,Mozilla/5.0
152858939,2024-12-10T14:50:47.503Z,katherinemansfield13@gmail.com,newsletter,everyone,true,US,,,,,,Mozilla/5.0
152858939,2024-12-10T20:03:53.530Z,henryw.2118@gmail.com,newsletter,everyone,true,NL,,,,,,Mozilla/5.0
152858939,2024-12-10T22:28:57.696Z,henryw.2118@gmail.com,newsletter,everyone,true,US,,,,,,Mozilla/5.0
152858939,2024-12-11T04:10:04.264Z,aidankenney08@gmail.com,newsletter,everyone,true,US,,,,,,Mozilla/5.0
152858939,2024-12-11T10:16:48.520Z,zoewcrews@gmail.com,newsletter,everyone,true,US,,,,,,Mozilla/5.0
152858939,2024-12-11T19:52:11.587Z,katherinemansfield13@gmail.com,newsletter,everyone,true,US,,,,,,Mozilla/5.0 (Windows NT 5.1; rv:11.0) Gecko Firefox/11.0 (via ggpht.com GoogleImageProxy)
152858939,2024-12-11T21:40:50.987Z,brodyricci805@gmail.com,newsletter,everyone,true,NL,,,,,,Mozilla/5.0
152858939,2024-12-12T00:41:03.233Z,olafjkuiper@gmail.com,newsletter,everyone,true,US,,,,,,Mozilla/5.0
152858939,2024-12-12T22:19:52.467Z,griffin.szymoniak@gmail.com,newsletter,everyone,true,US,,,,,,Mozilla/5.0
152858939,2024-12-16T02:37:57.413Z,hayeswu@icloud.com,newsletter,everyone,true,NL,,,,,,Mozilla/5.0
152858939,2024-12-25T07:23:15.877Z,olafjkuiper@gmail.com,newsletter,everyone,true,US,,,,,,Mozilla/5.0
