post_id,timestamp,email,post_type,post_audience,active_subscription
152929071,2024-12-10T19:47:26.394Z,katherinemansfield13@gmail.com,newsletter,everyone,true
152929071,2024-12-10T19:47:27.022Z,ptantchev@gmail.com,newsletter,everyone,false
152929071,2024-12-10T19:47:27.094Z,seansantos3000@gmail.com,newsletter,everyone,true
152929071,2024-12-10T19:47:27.114Z,brodyricci805@gmail.com,newsletter,everyone,true
152929071,2024-12-10T19:47:27.174Z,olafjkuiper@gmail.com,newsletter,everyone,true
152929071,2024-12-10T19:47:27.184Z,henryw.2118@gmail.com,newsletter,everyone,true
152929071,2024-12-10T19:47:27.193Z,ian.pokorny47@gmail.com,newsletter,everyone,true
152929071,2024-12-10T19:47:27.204Z,kittfricke04@gmail.com,newsletter,everyone,true
152929071,2024-12-10T19:47:27.205Z,josephekpo@ucsb.edu,newsletter,everyone,true
152929071,2024-12-10T19:47:27.255Z,griffin.szymoniak@gmail.com,newsletter,everyone,true
152929071,2024-12-10T19:47:27.256Z,aidankenney08@gmail.com,newsletter,everyone,true
152929071,2024-12-10T19:47:27.275Z,scumler19@gmail.com,newsletter,everyone,true
152929071,2024-12-10T19:47:27.312Z,jamespwilson14@gmail.com,newsletter,everyone,true
152929071,2024-12-10T19:47:27.331Z,faigorjaihometv@gmail.com,newsletter,everyone,true
152929071,2024-12-10T19:47:27.339Z,bgstudioda@gmail.com,newsletter,everyone,true
152929071,2024-12-10T19:47:27.353Z,Eofloisand1@gmail.com,newsletter,everyone,true
152929071,2024-12-10T19:47:27.373Z,btantchev@yahoo.com,newsletter,everyone,true
152929071,2024-12-10T19:47:27.420Z,willthomas127@gmail.com,newsletter,everyone,true
152929071,2024-12-10T19:47:27.563Z,seanand113@gmail.com,newsletter,everyone,true
152929071,2024-12-10T19:47:27.631Z,Derek.uy@gmail.com,newsletter,everyone,true
152929071,2024-12-10T19:47:27.756Z,derekuy@ucsb.edu,newsletter,everyone,true
152929071,2024-12-10T19:47:27.859Z,zoewcrews@gmail.com,newsletter,everyone,true
152929071,2024-12-10T19:47:33.469Z,hayeswu@icloud.com,newsletter,everyone,true
