post_id,timestamp,email,post_type,post_audience,active_subscription,country,city,region,device_type,client_os,client_type,user_agent
152975960,2024-12-11T18:15:18.495Z,josephekpo@ucsb.edu,newsletter,everyone,true,US,,,,,,Mozilla/5.0 (Windows NT 5.1; rv:11.0) Gecko Firefox/11.0 (via ggpht.com GoogleImageProxy)
152975960,2024-12-11T18:36:26.502Z,ptantchev@gmail.com,newsletter,everyone,false,US,,,,,,Mozilla/5.0 (Windows NT 5.1; rv:11.0) Gecko Firefox/11.0 (via ggpht.com GoogleImageProxy)
152975960,2024-12-11T18:36:26.620Z,ptantchev@gmail.com,newsletter,everyone,false,US,,,,,,Mozilla/5.0 (Windows NT 5.1; rv:11.0) Gecko Firefox/11.0 (via ggpht.com GoogleImageProxy)
152975960,2024-12-11T18:45:38.323Z,Derek.uy@gmail.com,newsletter,everyone,true,US,,,,,,Mozilla/5.0
152975960,2024-12-11T18:46:01.455Z,derekuy@ucsb.edu,newsletter,everyone,true,US,,,,,,Mozilla/5.0 (Windows NT 5.1; rv:11.0) Gecko Firefox/11.0 (via ggpht.com GoogleImageProxy)
152975960,2024-12-11T18:46:01.924Z,derekuy@ucsb.edu,newsletter,everyone,true,US,,,,,,Mozilla/5.0 (Windows NT 5.1; rv:11.0) Gecko Firefox/11.0 (via ggpht.com GoogleImageProxy)
152975960,2024-12-11T18:56:43.651Z,francisjacobs@icloud.com,newsletter,everyone,true,US,,,,,,Mozilla/5.0
152975960,2024-12-11T18:58:19.159Z,bgstudioda@gmail.com,newsletter,everyone,true,US,,,,,,Mozilla/5.0 (Windows NT 5.1; rv:11.0) Gecko Firefox/11.0 (via ggpht.com GoogleImageProxy)
152975960,2024-12-11T19:30:03.851Z,derekuy@ucsb.edu,newsletter,everyone,true,US,,,,,,Mozilla/5.0 (Windows NT 5.1; rv:11.0) Gecko Firefox/11.0 (via ggpht.com GoogleImageProxy)
152975960,2024-12-11T19:59:31.078Z,henryw.2118@gmail.com,newsletter,everyone,true,NL,,,,,,Mozilla/5.0
152975960,2024-12-11T20:02:30.294Z,aidankenney08@gmail.com,newsletter,everyone,true,US,,,,,,Mozilla/5.0
152975960,2024-12-11T20:03:19.975Z,katherinemansfield13@gmail.com,newsletter,everyone,true,US,,,,,,Mozilla/5.0
152975960,2024-12-11T20:10:05.810Z,griffin.szymoniak@gmail.com,newsletter,everyone,true,US,,,,,,Mozilla/5.0 (Windows NT 5.1; rv:11.0) Gecko Firefox/11.0 (via ggpht.com GoogleImageProxy)
152975960,2024-12-11T20:39:55.839Z,katherinemansfield13@gmail.com,newsletter,everyone,true,US,,,,,,Mozilla/5.0 (Windows NT 5.1; rv:11.0) Gecko Firefox/11.0 (via ggpht.com GoogleImageProxy)
152975960,2024-12-11T21:36:28.632Z,Eofloisand1@gmail.com,newsletter,everyone,true,US,,,,,,Mozilla/5.0 (Windows NT 5.1; rv:11.0) Gecko Firefox/11.0 (via ggpht.com GoogleImageProxy)
152975960,2024-12-11T21:49:32.428Z,griffin.szymoniak@gmail.com,newsletter,everyone,true,US,,,,,,Mozilla/5.0 (Windows NT 5.1; rv:11.0) Gecko Firefox/11.0 (via ggpht.com GoogleImageProxy)
152975960,2024-12-11T22:27:07.409Z,griffin.szymoniak@gmail.com,newsletter,everyone,true,US,,,,,,Mozilla/5.0
152975960,2024-12-11T22:43:11.291Z,ptantchev@gmail.com,newsletter,everyone,false,US,,,,,,Mozilla/5.0
152975960,2024-12-11T22:49:49.336Z,seanand113@gmail.com,newsletter,everyone,true,US,,,,,,Mozilla/5.0
152975960,2024-12-11T23:02:46.593Z,griffin.szymoniak@gmail.com,newsletter,everyone,true,US,,,,,,Mozilla/5.0 (Windows NT 5.1; rv:11.0) Gecko Firefox/11.0 (via ggpht.com GoogleImageProxy)
152975960,2024-12-12T00:00:59.641Z,griffin.szymoniak@gmail.com,newsletter,everyone,true,US,,,,,,Mozilla/5.0 (Windows NT 5.1; rv:11.0) Gecko Firefox/11.0 (via ggpht.com GoogleImageProxy)
152975960,2024-12-12T06:47:31.505Z,brodyricci805@gmail.com,newsletter,everyone,true,US,,,,,,Mozilla/5.0
152975960,2024-12-12T09:59:10.215Z,bgstudioda@gmail.com,newsletter,everyone,true,US,,,,,,Mozilla/5.0 (Windows NT 5.1; rv:11.0) Gecko Firefox/11.0 (via ggpht.com GoogleImageProxy)
152975960,2024-12-12T19:10:31.833Z,francisjacobs@icloud.com,newsletter,everyone,true,US,,,,,,Mozilla/5.0
152975960,2024-12-12T21:20:28.989Z,hayeswu@icloud.com,newsletter,everyone,true,US,,,,,,Mozilla/5.0
152975960,2024-12-13T02:00:02.110Z,jamespwilson14@gmail.com,newsletter,everyone,true,NL,,,,,,Mozilla/5.0
152975960,2024-12-14T00:31:15.863Z,olafjkuiper@gmail.com,newsletter,everyone,true,US,,,,,,Mozilla/5.0
152975960,2024-12-14T05:48:39.235Z,zoewcrews@gmail.com,newsletter,everyone,true,NL,,,,,,Mozilla/5.0
152975960,2024-12-16T02:37:57.414Z,hayeswu@icloud.com,newsletter,everyone,true,NL,,,,,,Mozilla/5.0
152975960,2024-12-17T04:36:17.668Z,josephekpo@ucsb.edu,newsletter,everyone,true,US,,,,,,Mozilla/5.0
152975960,2024-12-20T01:45:13.187Z,henryw.2118@gmail.com,newsletter,everyone,true,NL,,,,,,Mozilla/5.0
152975960,2024-12-25T07:23:15.876Z,olafjkuiper@gmail.com,newsletter,everyone,true,US,,,,,,Mozilla/5.0
