post_id,timestamp,email,post_type,post_audience,active_subscription
152975960,2024-12-11T18:12:32.828Z,ptantchev@gmail.com,newsletter,everyone,false
152975960,2024-12-11T18:12:33.027Z,katherinemansfield13@gmail.com,newsletter,everyone,true
152975960,2024-12-11T18:12:33.998Z,seansantos3000@gmail.com,newsletter,everyone,true
152975960,2024-12-11T18:12:34.051Z,Derek.uy@gmail.com,newsletter,everyone,true
152975960,2024-12-11T18:12:34.078Z,faigorjaihometv@gmail.com,newsletter,everyone,true
152975960,2024-12-11T18:12:34.111Z,Eofloisand1@gmail.com,newsletter,everyone,true
152975960,2024-12-11T18:12:34.207Z,ian.pokorny47@gmail.com,newsletter,everyone,true
152975960,2024-12-11T18:12:34.362Z,henryw.2118@gmail.com,newsletter,everyone,true
152975960,2024-12-11T18:12:34.385Z,seanand113@gmail.com,newsletter,everyone,true
152975960,2024-12-11T18:12:34.457Z,josephekpo@ucsb.edu,newsletter,everyone,true
152975960,2024-12-11T18:12:34.499Z,olafjkuiper@gmail.com,newsletter,everyone,true
152975960,2024-12-11T18:12:34.581Z,brodyricci805@gmail.com,newsletter,everyone,true
152975960,2024-12-11T18:12:34.709Z,aidankenney08@gmail.com,newsletter,everyone,true
152975960,2024-12-11T18:12:34.725Z,jamespwilson14@gmail.com,newsletter,everyone,true
152975960,2024-12-11T18:12:34.912Z,derekuy@ucsb.edu,newsletter,everyone,true
152975960,2024-12-11T18:12:34.955Z,griffin.szymoniak@gmail.com,newsletter,everyone,true
152975960,2024-12-11T18:12:35.007Z,zoewcrews@gmail.com,newsletter,everyone,true
152975960,2024-12-11T18:12:35.072Z,kittfricke04@gmail.com,newsletter,everyone,true
152975960,2024-12-11T18:12:35.121Z,btantchev@yahoo.com,newsletter,everyone,true
152975960,2024-12-11T18:12:35.272Z,willthomas127@gmail.com,newsletter,everyone,true
152975960,2024-12-11T18:12:35.387Z,bgstudioda@gmail.com,newsletter,everyone,true
152975960,2024-12-11T18:12:35.570Z,scumler19@gmail.com,newsletter,everyone,true
152975960,2024-12-11T18:12:38.193Z,hayeswu@icloud.com,newsletter,everyone,true
152975960,2024-12-11T18:12:39.469Z,francisjacobs@icloud.com,newsletter,everyone,true
