post_id,timestamp,email,post_type,post_audience,active_subscription,country,city,region,device_type,client_os,client_type,user_agent
152929071,2024-12-10T20:11:39.380Z,ptantchev@gmail.com,newsletter,everyone,false,US,,,,,,Mozilla/5.0 (Windows NT 5.1; rv:11.0) Gecko Firefox/11.0 (via ggpht.com GoogleImageProxy)
152929071,2024-12-10T20:19:24.269Z,derekuy@ucsb.edu,newsletter,everyone,true,US,,,,,,Mozilla/5.0 (Windows NT 5.1; rv:11.0) Gecko Firefox/11.0 (via ggpht.com GoogleImageProxy)
152929071,2024-12-10T20:19:27.871Z,Derek.uy@gmail.com,newsletter,everyone,true,US,,,,,,Mozilla/5.0 (Windows NT 5.1; rv:11.0) Gecko Firefox/11.0 (via ggpht.com GoogleImageProxy)
152929071,2024-12-10T21:33:06.725Z,henryw.2118@gmail.com,newsletter,everyone,true,NL,,,,,,Mozilla/5.0
152929071,2024-12-10T21:56:21.180Z,henryw.2118@gmail.com,newsletter,everyone,true,US,,,,,,Mozilla/5.0
152929071,2024-12-10T22:14:45.118Z,jamespwilson14@gmail.com,newsletter,everyone,true,US,,,,,,Mozilla/5.0
152929071,2024-12-10T22:42:51.076Z,Eofloisand1@gmail.com,newsletter,everyone,true,US,,,,,,Mozilla/5.0 (Windows NT 5.1; rv:11.0) Gecko Firefox/11.0 (via ggpht.com GoogleImageProxy)
152929071,2024-12-10T23:57:48.777Z,griffin.szymoniak@gmail.com,newsletter,everyone,true,NL,,,,,,Mozilla/5.0
152929071,2024-12-11T02:18:34.142Z,ptantchev@gmail.com,newsletter,everyone,false,US,,,,,,Mozilla/5.0
152929071,2024-12-11T03:36:22.833Z,Derek.uy@gmail.com,newsletter,everyone,true,US,,,,,,Mozilla/5.0
152929071,2024-12-11T04:12:45.646Z,henryw.2118@gmail.com,newsletter,everyone,true,US,,,,,,Mozilla/5.0
152929071,2024-12-11T04:18:03.533Z,aidankenney08@gmail.com,newsletter,everyone,true,US,,,,,,Mozilla/5.0
152929071,2024-12-11T05:11:56.815Z,josephekpo@ucsb.edu,newsletter,everyone,true,US,,,,,,Mozilla/5.0
152929071,2024-12-11T05:40:56.748Z,seanand113@gmail.com,newsletter,everyone,true,US,,,,,,Mozilla/5.0
152929071,2024-12-11T09:14:07.997Z,bgstudioda@gmail.com,newsletter,everyone,true,US,,,,,,Mozilla/5.0 (Windows NT 5.1; rv:11.0) Gecko Firefox/11.0 (via ggpht.com GoogleImageProxy)
152929071,2024-12-11T09:14:13.951Z,bgstudioda@gmail.com,newsletter,everyone,true,US,,,,,,Mozilla/5.0 (Windows NT 5.1; rv:11.0) Gecko Firefox/11.0 (via ggpht.com GoogleImageProxy)
152929071,2024-12-11T10:58:21.967Z,zoewcrews@gmail.com,newsletter,everyone,true,US,,,,,,Mozilla/5.0
152929071,2024-12-11T13:45:55.413Z,bgstudioda@gmail.com,newsletter,everyone,true,US,,,,,,Mozilla/5.0 (Windows NT 5.1; rv:11.0) Gecko Firefox/11.0 (via ggpht.com GoogleImageProxy)
152929071,2024-12-11T20:03:19.973Z,katherinemansfield13@gmail.com,newsletter,everyone,true,US,,,,,,Mozilla/5.0
152929071,2024-12-11T20:10:16.438Z,griffin.szymoniak@gmail.com,newsletter,everyone,true,US,,,,,,Mozilla/5.0 (Windows NT 5.1; rv:11.0) Gecko Firefox/11.0 (via ggpht.com GoogleImageProxy)
152929071,2024-12-11T23:02:59.524Z,griffin.szymoniak@gmail.com,newsletter,everyone,true,US,,,,,,Mozilla/5.0 (Windows NT 5.1; rv:11.0) Gecko Firefox/11.0 (via ggpht.com GoogleImageProxy)
152929071,2024-12-12T01:02:33.531Z,olafjkuiper@gmail.com,newsletter,everyone,true,US,,,,,,Mozilla/5.0
152929071,2024-12-12T05:52:36.483Z,brodyricci805@gmail.com,newsletter,everyone,true,US,,,,,,Mozilla/5.0
152929071,2024-12-12T05:53:18.676Z,brodyricci805@gmail.com,newsletter,everyone,true,US,,,,,,Mozilla/5.0
152929071,2024-12-12T22:19:52.467Z,griffin.szymoniak@gmail.com,newsletter,everyone,true,US,,,,,,Mozilla/5.0
152929071,2024-12-25T07:23:15.876Z,olafjkuiper@gmail.com,newsletter,everyone,true,US,,,,,,Mozilla/5.0
