post_id,timestamp,email,post_type,post_audience,active_subscription,country,city,region,device_type,client_os,client_type,user_agent
153031759,2024-12-12T18:10:23.701Z,willthomas127@gmail.com,newsletter,everyone,true,US,,,,,,Mozilla/5.0 (Windows NT 5.1; rv:11.0) Gecko Firefox/11.0 (via ggpht.com GoogleImageProxy)
153031759,2024-12-12T18:20:23.594Z,sebastianjacobs0@gmail.com,newsletter,everyone,true,US,,,,,,Mozilla/5.0
153031759,2024-12-12T18:20:42.029Z,ptantchev@gmail.com,newsletter,everyone,false,US,,,,,,Mozilla/5.0 (Windows NT 5.1; rv:11.0) Gecko Firefox/11.0 (via ggpht.com GoogleImageProxy)
153031759,2024-12-12T18:25:54.185Z,bgstudioda@gmail.com,newsletter,everyone,true,US,,,,,,Mozilla/5.0 (Windows NT 5.1; rv:11.0) Gecko Firefox/11.0 (via ggpht.com GoogleImageProxy)
153031759,2024-12-12T19:16:25.080Z,derekuy@ucsb.edu,newsletter,everyone,true,US,,,,,,Mozilla/5.0 (Windows NT 5.1; rv:11.0) Gecko Firefox/11.0 (via ggpht.com GoogleImageProxy)
153031759,2024-12-12T19:44:34.202Z,ptantchev@gmail.com,newsletter,everyone,false,NL,,,,,,Mozilla/5.0
153031759,2024-12-12T19:47:18.176Z,Derek.uy@gmail.com,newsletter,everyone,true,US,,,,,,Mozilla/5.0
153031759,2024-12-12T20:26:05.739Z,katherinemansfield13@gmail.com,newsletter,everyone,true,US,,,,,,Mozilla/5.0 (Windows NT 5.1; rv:11.0) Gecko Firefox/11.0 (via ggpht.com GoogleImageProxy)
153031759,2024-12-12T20:26:05.926Z,katherinemansfield13@gmail.com,newsletter,everyone,true,US,,,,,,Mozilla/5.0 (Windows NT 5.1; rv:11.0) Gecko Firefox/11.0 (via ggpht.com GoogleImageProxy)
153031759,2024-12-12T20:26:07.505Z,katherinemansfield13@gmail.com,newsletter,everyone,true,US,,,,,,Mozilla/5.0 (Windows NT 5.1; rv:11.0) Gecko Firefox/11.0 (via ggpht.com GoogleImageProxy)
153031759,2024-12-12T21:01:54.853Z,henryw.2118@gmail.com,newsletter,everyone,true,US,,,,,,Mozilla/5.0
153031759,2024-12-12T21:20:28.990Z,hayeswu@icloud.com,newsletter,everyone,true,US,,,,,,Mozilla/5.0
153031759,2024-12-12T22:27:33.799Z,jamespwilson14@gmail.com,newsletter,everyone,true,US,,,,,,Mozilla/5.0 (Windows NT 5.1; rv:11.0) Gecko Firefox/11.0 (via ggpht.com GoogleImageProxy)
153031759,2024-12-12T23:50:50.051Z,griffin.szymoniak@gmail.com,newsletter,everyone,true,US,,,,,,Mozilla/5.0
153031759,2024-12-13T02:39:06.208Z,jamespwilson14@gmail.com,newsletter,everyone,true,US,,,,,,Mozilla/5.0
153031759,2024-12-13T03:56:59.367Z,brodyricci805@gmail.com,newsletter,everyone,true,US,,,,,,Mozilla/5.0
153031759,2024-12-13T04:03:03.599Z,brodyricci805@gmail.com,newsletter,everyone,true,NL,,,,,,Mozilla/5.0
153031759,2024-12-13T09:07:36.823Z,griffin.szymoniak@gmail.com,newsletter,everyone,true,NL,,,,,,Mozilla/5.0
153031759,2024-12-13T21:01:32.983Z,katherinemansfield13@gmail.com,newsletter,everyone,true,US,,,,,,Mozilla/5.0
153031759,2024-12-14T00:05:32.993Z,derekuy@ucsb.edu,newsletter,everyone,true,US,,,,,,Mozilla/5.0 (Windows NT 5.1; rv:11.0) Gecko Firefox/11.0 (via ggpht.com GoogleImageProxy)
153031759,2024-12-14T05:59:40.662Z,olafjkuiper@gmail.com,newsletter,everyone,true,US,,,,,,Mozilla/5.0
153031759,2024-12-15T00:01:43.789Z,aidankenney08@gmail.com,newsletter,everyone,true,US,,,,,,Mozilla/5.0
153031759,2024-12-16T02:37:57.415Z,hayeswu@icloud.com,newsletter,everyone,true,NL,,,,,,Mozilla/5.0
153031759,2024-12-17T04:36:17.669Z,josephekpo@ucsb.edu,newsletter,everyone,true,US,,,,,,Mozilla/5.0
153031759,2024-12-18T04:57:59.779Z,zoewcrews@gmail.com,newsletter,everyone,true,US,,,,,,Mozilla/5.0
153031759,2024-12-20T02:23:49.888Z,henryw.2118@gmail.com,newsletter,everyone,true,US,,,,,,Mozilla/5.0
153031759,2024-12-20T05:42:01.011Z,francisjacobs@icloud.com,newsletter,everyone,true,US,,,,,,Mozilla/5.0
153031759,2024-12-25T07:04:29.402Z,olafjkuiper@gmail.com,newsletter,everyone,true,US,,,,,,Mozilla/5.0
