post_id,timestamp,email,post_type,post_audience,active_subscription
153031759,2024-12-12T18:03:40.505Z,ptantchev@gmail.com,newsletter,everyone,false
153031759,2024-12-12T18:03:43.616Z,katherinemansfield13@gmail.com,newsletter,everyone,true
153031759,2024-12-12T18:03:43.754Z,zoewcrews@gmail.com,newsletter,everyone,true
153031759,2024-12-12T18:03:43.804Z,brodyricci805@gmail.com,newsletter,everyone,true
153031759,2024-12-12T18:03:43.826Z,seansantos3000@gmail.com,newsletter,everyone,true
153031759,2024-12-12T18:03:44.202Z,aidankenney08@gmail.com,newsletter,everyone,true
153031759,2024-12-12T18:03:44.289Z,jamespwilson14@gmail.com,newsletter,everyone,true
153031759,2024-12-12T18:03:44.325Z,scumler19@gmail.com,newsletter,everyone,true
153031759,2024-12-12T18:03:44.325Z,Eofloisand1@gmail.com,newsletter,everyone,true
153031759,2024-12-12T18:03:44.366Z,kittfricke04@gmail.com,newsletter,everyone,true
153031759,2024-12-12T18:03:44.370Z,bgstudioda@gmail.com,newsletter,everyone,true
153031759,2024-12-12T18:03:44.404Z,faigorjaihometv@gmail.com,newsletter,everyone,true
153031759,2024-12-12T18:03:44.455Z,henryw.2118@gmail.com,newsletter,everyone,true
153031759,2024-12-12T18:03:44.455Z,sebastianjacobs0@gmail.com,newsletter,everyone,true
153031759,2024-12-12T18:03:44.460Z,josephekpo@ucsb.edu,newsletter,everyone,true
153031759,2024-12-12T18:03:44.470Z,derekuy@ucsb.edu,newsletter,everyone,true
153031759,2024-12-12T18:03:44.510Z,willthomas127@gmail.com,newsletter,everyone,true
153031759,2024-12-12T18:03:44.511Z,Derek.uy@gmail.com,newsletter,everyone,true
153031759,2024-12-12T18:03:44.615Z,ian.pokorny47@gmail.com,newsletter,everyone,true
153031759,2024-12-12T18:03:44.642Z,seanand113@gmail.com,newsletter,everyone,true
153031759,2024-12-12T18:03:44.712Z,olafjkuiper@gmail.com,newsletter,everyone,true
153031759,2024-12-12T18:03:44.843Z,griffin.szymoniak@gmail.com,newsletter,everyone,true
153031759,2024-12-12T18:03:45.363Z,btantchev@yahoo.com,newsletter,everyone,true
153031759,2024-12-12T18:03:48.394Z,hayeswu@icloud.com,newsletter,everyone,true
153031759,2024-12-12T18:03:52.589Z,francisjacobs@icloud.com,newsletter,everyone,true
