post_id,timestamp,email,post_type,post_audience,active_subscription
153041300,2024-12-12T21:18:47.014Z,ptantchev@gmail.com,newsletter,everyone,false
153041300,2024-12-12T21:18:48.642Z,kittfricke04@gmail.com,newsletter,everyone,true
153041300,2024-12-12T21:18:48.758Z,zoewcrews@gmail.com,newsletter,everyone,true
153041300,2024-12-12T21:18:48.819Z,Derek.uy@gmail.com,newsletter,everyone,true
153041300,2024-12-12T21:18:48.957Z,lorimoreplease@gmail.com,newsletter,everyone,true
153041300,2024-12-12T21:18:48.979Z,seanand113@gmail.com,newsletter,everyone,true
153041300,2024-12-12T21:18:49.134Z,drnewmanjacobs@yahoo.com,newsletter,everyone,true
153041300,2024-12-12T21:18:49.270Z,seansantos3000@gmail.com,newsletter,everyone,true
153041300,2024-12-12T21:18:49.352Z,ian.pokorny47@gmail.com,newsletter,everyone,true
153041300,2024-12-12T21:18:49.352Z,brodyricci805@gmail.com,newsletter,everyone,true
153041300,2024-12-12T21:18:50.151Z,katherinemansfield13@gmail.com,newsletter,everyone,true
153041300,2024-12-12T21:18:51.145Z,josephekpo@ucsb.edu,newsletter,everyone,true
153041300,2024-12-12T21:18:51.208Z,jamespwilson14@gmail.com,newsletter,everyone,true
153041300,2024-12-12T21:18:51.217Z,griffin.szymoniak@gmail.com,newsletter,everyone,true
153041300,2024-12-12T21:18:51.245Z,aidankenney08@gmail.com,newsletter,everyone,true
153041300,2024-12-12T21:18:51.335Z,willthomas127@gmail.com,newsletter,everyone,true
153041300,2024-12-12T21:18:51.399Z,bgstudioda@gmail.com,newsletter,everyone,true
153041300,2024-12-12T21:18:51.440Z,Eofloisand1@gmail.com,newsletter,everyone,true
153041300,2024-12-12T21:18:51.452Z,derekuy@ucsb.edu,newsletter,everyone,true
153041300,2024-12-12T21:18:51.573Z,olafjkuiper@gmail.com,newsletter,everyone,true
153041300,2024-12-12T21:18:51.649Z,sebastianjacobs0@gmail.com,newsletter,everyone,true
153041300,2024-12-12T21:18:51.673Z,scumler19@gmail.com,newsletter,everyone,true
153041300,2024-12-12T21:18:52.002Z,faigorjaihometv@gmail.com,newsletter,everyone,true
153041300,2024-12-12T21:18:52.293Z,henryw.2118@gmail.com,newsletter,everyone,true
153041300,2024-12-12T21:18:52.915Z,francisjacobs@icloud.com,newsletter,everyone,true
153041300,2024-12-12T21:18:55.528Z,btantchev@yahoo.com,newsletter,everyone,true
153041300,2024-12-12T21:19:02.415Z,hayeswu@icloud.com,newsletter,everyone,true
