post_id,timestamp,email,post_type,post_audience,active_subscription
153131066,2024-12-14T19:09:43.187Z,ptantchev@gmail.com,newsletter,everyone,false
153131066,2024-12-14T19:09:43.628Z,katherinemansfield13@gmail.com,newsletter,everyone,true
153131066,2024-12-14T19:09:44.275Z,zoewcrews@gmail.com,newsletter,everyone,true
153131066,2024-12-14T19:09:44.283Z,henryw.2118@gmail.com,newsletter,everyone,true
153131066,2024-12-14T19:09:44.290Z,griffin.szymoniak@gmail.com,newsletter,everyone,true
153131066,2024-12-14T19:09:44.310Z,seansantos3000@gmail.com,newsletter,everyone,true
153131066,2024-12-14T19:09:44.333Z,Eofloisand1@gmail.com,newsletter,everyone,true
153131066,2024-12-14T19:09:44.335Z,kittfricke04@gmail.com,newsletter,everyone,true
153131066,2024-12-14T19:09:44.385Z,josephekpo@ucsb.edu,newsletter,everyone,true
153131066,2024-12-14T19:09:44.449Z,olafjkuiper@gmail.com,newsletter,everyone,true
153131066,2024-12-14T19:09:44.468Z,brodyricci805@gmail.com,newsletter,everyone,true
153131066,2024-12-14T19:09:44.487Z,Derek.uy@gmail.com,newsletter,everyone,true
153131066,2024-12-14T19:09:44.489Z,sebastianjacobs0@gmail.com,newsletter,everyone,true
153131066,2024-12-14T19:09:44.512Z,jamespwilson14@gmail.com,newsletter,everyone,true
153131066,2024-12-14T19:09:44.581Z,ian.pokorny47@gmail.com,newsletter,everyone,true
153131066,2024-12-14T19:09:44.600Z,scumler19@gmail.com,newsletter,everyone,true
153131066,2024-12-14T19:09:44.623Z,bgstudioda@gmail.com,newsletter,everyone,true
153131066,2024-12-14T19:09:44.642Z,derekuy@ucsb.edu,newsletter,everyone,true
153131066,2024-12-14T19:09:44.733Z,aidankenney08@gmail.com,newsletter,everyone,true
153131066,2024-12-14T19:09:44.804Z,faigorjaihometv@gmail.com,newsletter,everyone,true
153131066,2024-12-14T19:09:44.921Z,lorimoreplease@gmail.com,newsletter,everyone,true
153131066,2024-12-14T19:09:44.927Z,btantchev@yahoo.com,newsletter,everyone,true
153131066,2024-12-14T19:09:45.287Z,seanand113@gmail.com,newsletter,everyone,true
153131066,2024-12-14T19:09:45.348Z,drnewmanjacobs@yahoo.com,newsletter,everyone,true
153131066,2024-12-14T19:09:45.484Z,aidanhutch7@gmail.com,newsletter,everyone,true
153131066,2024-12-14T19:09:45.771Z,willthomas127@gmail.com,newsletter,everyone,true
153131066,2024-12-14T19:09:48.211Z,francisjacobs@icloud.com,newsletter,everyone,true
153131066,2024-12-14T19:09:49.884Z,hayeswu@icloud.com,newsletter,everyone,true
