post_id,timestamp,email,post_type,post_audience,active_subscription
153294280,2024-12-18T18:02:46.635Z,ptantchev@gmail.com,newsletter,everyone,false
153294280,2024-12-18T18:02:47.153Z,katherinemansfield13@gmail.com,newsletter,everyone,true
153294280,2024-12-18T18:02:47.401Z,lorimoreplease@gmail.com,newsletter,everyone,true
153294280,2024-12-18T18:02:47.426Z,kittfricke04@gmail.com,newsletter,everyone,true
153294280,2024-12-18T18:02:47.828Z,seansantos3000@gmail.com,newsletter,everyone,true
153294280,2024-12-18T18:02:48.104Z,ian.pokorny47@gmail.com,newsletter,everyone,true
153294280,2024-12-18T18:02:48.133Z,Derek.uy@gmail.com,newsletter,everyone,true
153294280,2024-12-18T18:02:48.216Z,zoewcrews@gmail.com,newsletter,everyone,true
153294280,2024-12-18T18:02:48.275Z,btantchev@yahoo.com,newsletter,everyone,true
153294280,2024-12-18T18:02:48.813Z,seanand113@gmail.com,newsletter,everyone,true
153294280,2024-12-18T18:02:48.933Z,brodyricci805@gmail.com,newsletter,everyone,true
153294280,2024-12-18T18:02:49.132Z,derekuy@ucsb.edu,newsletter,everyone,true
153294280,2024-12-18T18:02:49.154Z,griffin.szymoniak@gmail.com,newsletter,everyone,true
153294280,2024-12-18T18:02:49.160Z,aidankenney08@gmail.com,newsletter,everyone,true
153294280,2024-12-18T18:02:49.269Z,jamespwilson14@gmail.com,newsletter,everyone,true
153294280,2024-12-18T18:02:49.285Z,aidanhutch7@gmail.com,newsletter,everyone,true
153294280,2024-12-18T18:02:49.332Z,drnewmanjacobs@yahoo.com,newsletter,everyone,true
153294280,2024-12-18T18:02:49.403Z,faigorjaihometv@gmail.com,newsletter,everyone,true
153294280,2024-12-18T18:02:49.500Z,sebastianjacobs0@gmail.com,newsletter,everyone,true
153294280,2024-12-18T18:02:49.514Z,scumler19@gmail.com,newsletter,everyone,true
153294280,2024-12-18T18:02:49.520Z,willthomas127@gmail.com,newsletter,everyone,true
153294280,2024-12-18T18:02:49.542Z,Eofloisand1@gmail.com,newsletter,everyone,true
153294280,2024-12-18T18:02:49.581Z,olafjkuiper@gmail.com,newsletter,everyone,true
153294280,2024-12-18T18:02:49.610Z,josephekpo@ucsb.edu,newsletter,everyone,true
153294280,2024-12-18T18:02:49.712Z,henryw.2118@gmail.com,newsletter,everyone,true
153294280,2024-12-18T18:02:49.875Z,bgstudioda@gmail.com,newsletter,everyone,true
153294280,2024-12-18T18:02:55.405Z,hayeswu@icloud.com,newsletter,everyone,true
153294280,2024-12-18T18:02:55.477Z,francisjacobs@icloud.com,newsletter,everyone,true
