post_id,timestamp,email,post_type,post_audience,active_subscription,country,city,region,device_type,client_os,client_type,user_agent
153244919,2024-12-17T17:07:43.518Z,sebastianjacobs0@gmail.com,newsletter,everyone,true,US,,,,,,Mozilla/5.0
153244919,2024-12-17T17:11:27.642Z,btantchev@yahoo.com,newsletter,everyone,true,US,,,,,,YahooMailProxy; https://help.yahoo.com/kb/yahoo-mail-proxy-SLN28749.html
153244919,2024-12-17T17:27:56.522Z,seanand113@gmail.com,newsletter,everyone,true,US,,,,,,Mozilla/5.0
153244919,2024-12-17T18:31:39.970Z,aidankenney08@gmail.com,newsletter,everyone,true,US,,,,,,Mozilla/5.0 (Windows NT 5.1; rv:11.0) Gecko Firefox/11.0 (via ggpht.com GoogleImageProxy)
153244919,2024-12-17T18:31:41.821Z,aidankenney08@gmail.com,newsletter,everyone,true,US,,,,,,Mozilla/5.0 (Windows NT 5.1; rv:11.0) Gecko Firefox/11.0 (via ggpht.com GoogleImageProxy)
153244919,2024-12-17T18:36:28.950Z,francisjacobs@icloud.com,newsletter,everyone,true,US,,,,,,Mozilla/5.0
153244919,2024-12-17T19:02:17.080Z,brodyricci805@gmail.com,newsletter,everyone,true,NL,,,,,,Mozilla/5.0
153244919,2024-12-17T19:51:51.139Z,katherinemansfield13@gmail.com,newsletter,everyone,true,US,,,,,,Mozilla/5.0
153244919,2024-12-17T21:14:29.412Z,olafjkuiper@gmail.com,newsletter,everyone,true,US,,,,,,Mozilla/5.0
153244919,2024-12-17T21:33:57.404Z,seansantos3000@gmail.com,newsletter,everyone,true,US,,,,,,Mozilla/5.0 (Windows NT 5.1; rv:11.0) Gecko Firefox/11.0 (via ggpht.com GoogleImageProxy)
153244919,2024-12-17T22:57:27.134Z,henryw.2118@gmail.com,newsletter,everyone,true,US,,,,,,Mozilla/5.0
153244919,2024-12-17T23:48:21.376Z,drnewmanjacobs@yahoo.com,newsletter,everyone,true,US,,,,,,Mozilla/5.0
153244919,2024-12-18T02:52:53.297Z,ian.pokorny47@gmail.com,newsletter,everyone,true,US,,,,,,Mozilla/5.0 (Windows NT 5.1; rv:11.0) Gecko Firefox/11.0 (via ggpht.com GoogleImageProxy)
153244919,2024-12-18T06:06:46.461Z,Derek.uy@gmail.com,newsletter,everyone,true,US,,,,,,Mozilla/5.0 (Windows NT 5.1; rv:11.0) Gecko Firefox/11.0 (via ggpht.com GoogleImageProxy)
153244919,2024-12-18T06:18:54.519Z,Derek.uy@gmail.com,newsletter,everyone,true,US,,,,,,Mozilla/5.0
153244919,2024-12-18T07:11:34.075Z,hayeswu@icloud.com,newsletter,everyone,true,US,,,,,,Mozilla/5.0
153244919,2024-12-18T10:45:03.456Z,lorimoreplease@gmail.com,newsletter,everyone,true,GB,,,,,,Mozilla/5.0
153244919,2024-12-18T14:07:10.684Z,griffin.szymoniak@gmail.com,newsletter,everyone,true,US,,,,,,Mozilla/5.0
153244919,2024-12-18T18:00:07.704Z,aidanhutch7@gmail.com,newsletter,everyone,true,BE,,,,,,Mozilla/5.0
153244919,2024-12-18T18:59:19.947Z,aidankenney08@gmail.com,newsletter,everyone,true,US,,,,,,Mozilla/5.0 (Windows NT 5.1; rv:11.0) Gecko Firefox/11.0 (via ggpht.com GoogleImageProxy)
153244919,2024-12-18T21:52:15.187Z,aidankenney08@gmail.com,newsletter,everyone,true,US,,,,,,Mozilla/5.0 (Windows NT 5.1; rv:11.0) Gecko Firefox/11.0 (via ggpht.com GoogleImageProxy)
153244919,2024-12-19T05:08:52.038Z,willthomas127@gmail.com,newsletter,everyone,true,US,,,,,,Mozilla/5.0 (Windows NT 5.1; rv:11.0) Gecko Firefox/11.0 (via ggpht.com GoogleImageProxy)
153244919,2024-12-19T06:47:28.666Z,katherinemansfield13@gmail.com,newsletter,everyone,true,US,,,,,,Mozilla/5.0 (Windows NT 5.1; rv:11.0) Gecko Firefox/11.0 (via ggpht.com GoogleImageProxy)
153244919,2024-12-19T16:46:29.760Z,ian.pokorny47@gmail.com,newsletter,everyone,true,US,,,,,,Mozilla/5.0 (Windows NT 5.1; rv:11.0) Gecko Firefox/11.0 (via ggpht.com GoogleImageProxy)
153244919,2024-12-19T22:18:44.102Z,zoewcrews@gmail.com,newsletter,everyone,true,US,,,,,,Mozilla/5.0
153244919,2024-12-20T01:47:22.378Z,drnewmanjacobs@yahoo.com,newsletter,everyone,true,US,,,,,,Mozilla/5.0
153244919,2024-12-20T03:22:09.929Z,henryw.2118@gmail.com,newsletter,everyone,true,US,,,,,,Mozilla/5.0
153244919,2024-12-20T07:11:24.318Z,josephekpo@ucsb.edu,newsletter,everyone,true,NL,,,,,,Mozilla/5.0
153244919,2024-12-20T21:08:27.567Z,francisjacobs@icloud.com,newsletter,everyone,true,US,,,,,,Mozilla/5.0
153244919,2024-12-22T18:38:33.127Z,ptantchev@gmail.com,newsletter,everyone,false,US,,,,,,Mozilla/5.0
153244919,2024-12-25T07:04:29.400Z,olafjkuiper@gmail.com,newsletter,everyone,true,US,,,,,,Mozilla/5.0
153244919,2024-12-27T06:37:17.061Z,hayeswu@icloud.com,newsletter,everyone,true,US,,,,,,Mozilla/5.0
153244919,2025-01-06T22:14:01.481Z,jamespwilson14@gmail.com,newsletter,everyone,true,US,,,,,,Mozilla/5.0
153244919,2025-01-13T22:01:10.863Z,aidankenney08@gmail.com,newsletter,everyone,true,NL,,,,,,Mozilla/5.0
