post_id,timestamp,email,post_type,post_audience,active_subscription
153244919,2024-12-17T17:05:47.161Z,ptantchev@gmail.com,newsletter,everyone,false
153244919,2024-12-17T17:05:47.602Z,seanand113@gmail.com,newsletter,everyone,true
153244919,2024-12-17T17:05:47.833Z,lorimoreplease@gmail.com,newsletter,everyone,true
153244919,2024-12-17T17:05:47.985Z,ian.pokorny47@gmail.com,newsletter,everyone,true
153244919,2024-12-17T17:05:48.129Z,brodyricci805@gmail.com,newsletter,everyone,true
153244919,2024-12-17T17:05:48.166Z,katherinemansfield13@gmail.com,newsletter,everyone,true
153244919,2024-12-17T17:05:48.329Z,btantchev@yahoo.com,newsletter,everyone,true
153244919,2024-12-17T17:05:48.345Z,seansantos3000@gmail.com,newsletter,everyone,true
153244919,2024-12-17T17:05:48.409Z,Derek.uy@gmail.com,newsletter,everyone,true
153244919,2024-12-17T17:05:48.417Z,kittfricke04@gmail.com,newsletter,everyone,true
153244919,2024-12-17T17:05:48.418Z,Eofloisand1@gmail.com,newsletter,everyone,true
153244919,2024-12-17T17:05:48.474Z,scumler19@gmail.com,newsletter,everyone,true
153244919,2024-12-17T17:05:48.550Z,henryw.2118@gmail.com,newsletter,everyone,true
153244919,2024-12-17T17:05:48.568Z,aidanhutch7@gmail.com,newsletter,everyone,true
153244919,2024-12-17T17:05:48.671Z,faigorjaihometv@gmail.com,newsletter,everyone,true
153244919,2024-12-17T17:05:48.688Z,olafjkuiper@gmail.com,newsletter,everyone,true
153244919,2024-12-17T17:05:48.695Z,drnewmanjacobs@yahoo.com,newsletter,everyone,true
153244919,2024-12-17T17:05:48.739Z,sebastianjacobs0@gmail.com,newsletter,everyone,true
153244919,2024-12-17T17:05:48.771Z,willthomas127@gmail.com,newsletter,everyone,true
153244919,2024-12-17T17:05:48.774Z,griffin.szymoniak@gmail.com,newsletter,everyone,true
153244919,2024-12-17T17:05:49.085Z,aidankenney08@gmail.com,newsletter,everyone,true
153244919,2024-12-17T17:05:49.090Z,jamespwilson14@gmail.com,newsletter,everyone,true
153244919,2024-12-17T17:05:49.239Z,josephekpo@ucsb.edu,newsletter,everyone,true
153244919,2024-12-17T17:05:49.771Z,bgstudioda@gmail.com,newsletter,everyone,true
153244919,2024-12-17T17:05:50.522Z,derekuy@ucsb.edu,newsletter,everyone,true
153244919,2024-12-17T17:05:51.704Z,zoewcrews@gmail.com,newsletter,everyone,true
153244919,2024-12-17T17:05:52.432Z,francisjacobs@icloud.com,newsletter,everyone,true
153244919,2024-12-17T17:05:53.758Z,hayeswu@icloud.com,newsletter,everyone,true
