post_id,timestamp,email,post_type,post_audience,active_subscription,country,city,region,device_type,client_os,client_type,user_agent
153294280,2024-12-18T18:06:50.321Z,willthomas127@gmail.com,newsletter,everyone,true,US,,,,,,Mozilla/5.0 (Windows NT 5.1; rv:11.0) Gecko Firefox/11.0 (via ggpht.com GoogleImageProxy)
153294280,2024-12-18T18:11:04.706Z,sebastianjacobs0@gmail.com,newsletter,everyone,true,US,,,,,,Mozilla/5.0
153294280,2024-12-18T18:13:49.152Z,Eofloisand1@gmail.com,newsletter,everyone,true,US,,,,,,Mozilla/5.0 (Windows NT 5.1; rv:11.0) Gecko Firefox/11.0 (via ggpht.com GoogleImageProxy)
153294280,2024-12-18T18:43:03.292Z,Derek.uy@gmail.com,newsletter,everyone,true,US,,,,,,Mozilla/5.0
153294280,2024-12-18T19:18:02.638Z,bgstudioda@gmail.com,newsletter,everyone,true,US,,,,,,Mozilla/5.0 (Windows NT 5.1; rv:11.0) Gecko Firefox/11.0 (via ggpht.com GoogleImageProxy)
153294280,2024-12-18T19:45:22.053Z,katherinemansfield13@gmail.com,newsletter,everyone,true,US,,,,,,Mozilla/5.0 (Windows NT 5.1; rv:11.0) Gecko Firefox/11.0 (via ggpht.com GoogleImageProxy)
153294280,2024-12-18T22:17:15.600Z,brodyricci805@gmail.com,newsletter,everyone,true,US,,,,,,Mozilla/5.0
153294280,2024-12-18T22:56:37.448Z,lorimoreplease@gmail.com,newsletter,everyone,true,PT,,,,,,Mozilla/5.0
153294280,2024-12-18T23:16:08.083Z,drnewmanjacobs@yahoo.com,newsletter,everyone,true,US,,,,,,Mozilla/5.0
153294280,2024-12-19T00:14:22.941Z,henryw.2118@gmail.com,newsletter,everyone,true,US,,,,,,Mozilla/5.0
153294280,2024-12-19T01:38:56.987Z,hayeswu@icloud.com,newsletter,everyone,true,US,,,,,,Mozilla/5.0
153294280,2024-12-19T02:06:41.689Z,seanand113@gmail.com,newsletter,everyone,true,US,,,,,,Mozilla/5.0
153294280,2024-12-19T03:56:24.639Z,ptantchev@gmail.com,newsletter,everyone,false,US,,,,,,Mozilla/5.0 (Windows NT 5.1; rv:11.0) Gecko Firefox/11.0 (via ggpht.com GoogleImageProxy)
153294280,2024-12-19T05:08:40.819Z,willthomas127@gmail.com,newsletter,everyone,true,US,,,,,,Mozilla/5.0 (Windows NT 5.1; rv:11.0) Gecko Firefox/11.0 (via ggpht.com GoogleImageProxy)
153294280,2024-12-19T06:47:25.149Z,katherinemansfield13@gmail.com,newsletter,everyone,true,US,,,,,,Mozilla/5.0 (Windows NT 5.1; rv:11.0) Gecko Firefox/11.0 (via ggpht.com GoogleImageProxy)
153294280,2024-12-19T07:39:29.427Z,aidanhutch7@gmail.com,newsletter,everyone,true,MA,,,,,,Mozilla/5.0
153294280,2024-12-19T09:10:58.370Z,katherinemansfield13@gmail.com,newsletter,everyone,true,US,,,,,,Mozilla/5.0
153294280,2024-12-19T15:05:18.758Z,ptantchev@gmail.com,newsletter,everyone,false,NL,,,,,,Mozilla/5.0
153294280,2024-12-19T16:26:45.736Z,Eofloisand1@gmail.com,newsletter,everyone,true,US,,,,,,Mozilla/5.0 (Windows NT 5.1; rv:11.0) Gecko Firefox/11.0 (via ggpht.com GoogleImageProxy)
153294280,2024-12-20T00:50:18.522Z,griffin.szymoniak@gmail.com,newsletter,everyone,true,US,,,,,,Mozilla/5.0
153294280,2024-12-20T03:03:50.273Z,olafjkuiper@gmail.com,newsletter,everyone,true,US,,,,,,Mozilla/5.0
153294280,2024-12-20T07:40:30.440Z,josephekpo@ucsb.edu,newsletter,everyone,true,NL,,,,,,Mozilla/5.0
153294280,2024-12-21T00:17:03.352Z,francisjacobs@icloud.com,newsletter,everyone,true,US,,,,,,Mozilla/5.0
153294280,2024-12-21T22:26:23.741Z,aidanhutch7@gmail.com,newsletter,everyone,true,BE,,,,,,Mozilla/5.0
153294280,2024-12-23T22:57:16.747Z,drnewmanjacobs@yahoo.com,newsletter,everyone,true,US,,,,,,Mozilla/5.0
153294280,2024-12-24T22:12:07.347Z,olafjkuiper@gmail.com,newsletter,everyone,true,US,,,,,,Mozilla/5.0
153294280,2024-12-25T06:47:25.663Z,olafjkuiper@gmail.com,newsletter,everyone,true,US,,,,,,Mozilla/5.0
153294280,2024-12-27T06:37:17.062Z,hayeswu@icloud.com,newsletter,everyone,true,US,,,,,,Mozilla/5.0
153294280,2025-01-06T22:14:09.715Z,jamespwilson14@gmail.com,newsletter,everyone,true,US,,,,,,Mozilla/5.0
153294280,2025-01-09T19:50:58.997Z,henryw.2118@gmail.com,newsletter,everyone,true,US,,,,,,Mozilla/5.0
153294280,2025-01-15T07:21:31.190Z,brodyricci805@gmail.com,newsletter,everyone,true,US,,,,,,Mozilla/5.0
