post_id,timestamp,email,post_type,post_audience,active_subscription,country,city,region,device_type,client_os,client_type,user_agent
153345552,2024-12-19T17:17:41.176Z,ptantchev@gmail.com,newsletter,everyone,false,US,,,,,,Mozilla/5.0 (Windows NT 5.1; rv:11.0) Gecko Firefox/11.0 (via ggpht.com GoogleImageProxy)
153345552,2024-12-19T17:18:40.002Z,derekuy@ucsb.edu,newsletter,everyone,true,US,,,,,,Mozilla/5.0 (Windows NT 5.1; rv:11.0) Gecko Firefox/11.0 (via ggpht.com GoogleImageProxy)
153345552,2024-12-19T17:19:40.348Z,Eofloisand1@gmail.com,newsletter,everyone,true,US,,,,,,Mozilla/5.0 (Windows NT 5.1; rv:11.0) Gecko Firefox/11.0 (via ggpht.com GoogleImageProxy)
153345552,2024-12-19T18:10:44.656Z,sebastianjacobs0@gmail.com,newsletter,everyone,true,US,,,,,,Mozilla/5.0
153345552,2024-12-19T18:39:27.428Z,Derek.uy@gmail.com,newsletter,everyone,true,US,,,,,,Mozilla/5.0
153345552,2024-12-19T18:41:29.380Z,btantchev@yahoo.com,newsletter,everyone,true,US,,,,,,YahooMailProxy; https://help.yahoo.com/kb/yahoo-mail-proxy-SLN28749.html
153345552,2024-12-19T18:46:18.162Z,brodyricci805@gmail.com,newsletter,everyone,true,NL,,,,,,Mozilla/5.0
153345552,2024-12-19T18:51:32.913Z,Eofloisand1@gmail.com,newsletter,everyone,true,US,,,,,,Mozilla/5.0 (Windows NT 5.1; rv:11.0) Gecko Firefox/11.0 (via ggpht.com GoogleImageProxy)
153345552,2024-12-19T19:26:23.162Z,hayeswu@icloud.com,newsletter,everyone,true,US,,,,,,Mozilla/5.0
153345552,2024-12-19T19:39:43.032Z,ptantchev@gmail.com,newsletter,everyone,false,US,,,,,,Mozilla/5.0
153345552,2024-12-19T20:01:50.064Z,drnewmanjacobs@yahoo.com,newsletter,everyone,true,NL,,,,,,Mozilla/5.0
153345552,2024-12-19T20:02:16.624Z,Derek.uy@gmail.com,newsletter,everyone,true,US,,,,,,Mozilla/5.0 (Windows NT 5.1; rv:11.0) Gecko Firefox/11.0 (via ggpht.com GoogleImageProxy)
153345552,2024-12-19T20:17:33.958Z,henryw.2118@gmail.com,newsletter,everyone,true,US,,,,,,Mozilla/5.0
153345552,2024-12-19T20:25:41.780Z,josephekpo@ucsb.edu,newsletter,everyone,true,US,,,,,,Mozilla/5.0 (Windows NT 5.1; rv:11.0) Gecko Firefox/11.0 (via ggpht.com GoogleImageProxy)
153345552,2024-12-19T22:06:53.147Z,willthomas127@gmail.com,newsletter,everyone,true,US,,,,,,Mozilla/5.0 (Windows NT 5.1; rv:11.0) Gecko Firefox/11.0 (via ggpht.com GoogleImageProxy)
153345552,2024-12-19T22:06:56.350Z,willthomas127@gmail.com,newsletter,everyone,true,US,,,,,,Mozilla/5.0 (Windows NT 5.1; rv:11.0) Gecko Firefox/11.0 (via ggpht.com GoogleImageProxy)
153345552,2024-12-19T23:06:27.753Z,griffin.szymoniak@gmail.com,newsletter,everyone,true,US,,,,,,Mozilla/5.0 (Windows NT 5.1; rv:11.0) Gecko Firefox/11.0 (via ggpht.com GoogleImageProxy)
153345552,2024-12-20T00:50:18.522Z,griffin.szymoniak@gmail.com,newsletter,everyone,true,US,,,,,,Mozilla/5.0
153345552,2024-12-20T01:31:00.535Z,jamespwilson14@gmail.com,newsletter,everyone,true,US,,,,,,Mozilla/5.0 (Windows NT 5.1; rv:11.0) Gecko Firefox/11.0 (via ggpht.com GoogleImageProxy)
153345552,2024-12-20T03:03:50.278Z,olafjkuiper@gmail.com,newsletter,everyone,true,US,,,,,,Mozilla/5.0
153345552,2024-12-20T03:39:17.858Z,henryw.2118@gmail.com,newsletter,everyone,true,US,,,,,,Mozilla/5.0
153345552,2024-12-20T07:40:30.440Z,josephekpo@ucsb.edu,newsletter,everyone,true,NL,,,,,,Mozilla/5.0
153345552,2024-12-20T09:46:51.493Z,lorimoreplease@gmail.com,newsletter,everyone,true,PT,,,,,,Mozilla/5.0
153345552,2024-12-20T13:00:06.937Z,seanand113@gmail.com,newsletter,everyone,true,US,,,,,,Mozilla/5.0
153345552,2024-12-21T00:18:13.609Z,francisjacobs@icloud.com,newsletter,everyone,true,US,,,,,,Mozilla/5.0
153345552,2024-12-21T06:33:44.771Z,katherinemansfield13@gmail.com,newsletter,everyone,true,US,,,,,,Mozilla/5.0
153345552,2024-12-21T07:11:57.696Z,willthomas127@gmail.com,newsletter,everyone,true,US,,,,,,Mozilla/5.0 (Windows NT 5.1; rv:11.0) Gecko Firefox/11.0 (via ggpht.com GoogleImageProxy)
153345552,2024-12-22T13:01:14.898Z,aidanhutch7@gmail.com,newsletter,everyone,true,BE,,,,,,Mozilla/5.0
153345552,2024-12-23T21:52:36.389Z,zoewcrews@gmail.com,newsletter,everyone,true,US,,,,,,Mozilla/5.0
153345552,2024-12-23T23:39:22.630Z,drnewmanjacobs@yahoo.com,newsletter,everyone,true,US,,,,,,Mozilla/5.0
153345552,2024-12-24T22:12:07.347Z,olafjkuiper@gmail.com,newsletter,everyone,true,US,,,,,,Mozilla/5.0
153345552,2024-12-25T02:14:16.383Z,olafjkuiper@gmail.com,newsletter,everyone,true,US,,,,,,Mozilla/5.0
153345552,2024-12-27T06:37:17.063Z,hayeswu@icloud.com,newsletter,everyone,true,US,,,,,,Mozilla/5.0
153345552,2025-01-06T22:14:09.809Z,jamespwilson14@gmail.com,newsletter,everyone,true,US,,,,,,Mozilla/5.0
153345552,2025-01-15T07:05:07.339Z,brodyricci805@gmail.com,newsletter,everyone,true,US,,,,,,Mozilla/5.0
