post_id,timestamp,email,post_type,post_audience,active_subscription
153345552,2024-12-19T17:16:13.194Z,ptantchev@gmail.com,newsletter,everyone,false
153345552,2024-12-19T17:16:14.077Z,seanand113@gmail.com,newsletter,everyone,true
153345552,2024-12-19T17:16:14.119Z,ian.pokorny47@gmail.com,newsletter,everyone,true
153345552,2024-12-19T17:16:14.180Z,katherinemansfield13@gmail.com,newsletter,everyone,true
153345552,2024-12-19T17:16:14.184Z,Derek.uy@gmail.com,newsletter,everyone,true
153345552,2024-12-19T17:16:14.300Z,henryw.2118@gmail.com,newsletter,everyone,true
153345552,2024-12-19T17:16:14.399Z,aidankenney08@gmail.com,newsletter,everyone,true
153345552,2024-12-19T17:16:14.400Z,griffin.szymoniak@gmail.com,newsletter,everyone,true
153345552,2024-12-19T17:16:14.434Z,willthomas127@gmail.com,newsletter,everyone,true
153345552,2024-12-19T17:16:14.462Z,scumler19@gmail.com,newsletter,everyone,true
153345552,2024-12-19T17:16:14.517Z,olafjkuiper@gmail.com,newsletter,everyone,true
153345552,2024-12-19T17:16:14.520Z,bgstudioda@gmail.com,newsletter,everyone,true
153345552,2024-12-19T17:16:14.599Z,zoewcrews@gmail.com,newsletter,everyone,true
153345552,2024-12-19T17:16:14.613Z,btantchev@yahoo.com,newsletter,everyone,true
153345552,2024-12-19T17:16:14.619Z,aidanhutch7@gmail.com,newsletter,everyone,true
153345552,2024-12-19T17:16:14.641Z,faigorjaihometv@gmail.com,newsletter,everyone,true
153345552,2024-12-19T17:16:14.669Z,Eofloisand1@gmail.com,newsletter,everyone,true
153345552,2024-12-19T17:16:14.694Z,kittfricke04@gmail.com,newsletter,everyone,true
153345552,2024-12-19T17:16:14.751Z,sebastianjacobs0@gmail.com,newsletter,everyone,true
153345552,2024-12-19T17:16:14.808Z,seansantos3000@gmail.com,newsletter,everyone,true
153345552,2024-12-19T17:16:14.863Z,brodyricci805@gmail.com,newsletter,everyone,true
153345552,2024-12-19T17:16:14.874Z,josephekpo@ucsb.edu,newsletter,everyone,true
153345552,2024-12-19T17:16:14.876Z,jamespwilson14@gmail.com,newsletter,everyone,true
153345552,2024-12-19T17:16:14.948Z,derekuy@ucsb.edu,newsletter,everyone,true
153345552,2024-12-19T17:16:15.616Z,lorimoreplease@gmail.com,newsletter,everyone,true
153345552,2024-12-19T17:16:16.411Z,drnewmanjacobs@yahoo.com,newsletter,everyone,true
153345552,2024-12-19T17:16:16.904Z,francisjacobs@icloud.com,newsletter,everyone,true
153345552,2024-12-19T17:16:19.526Z,hayeswu@icloud.com,newsletter,everyone,true
