post_id,timestamp,email,post_type,post_audience,active_subscription
153418769,2024-12-20T16:54:00.989Z,katherinemansfield13@gmail.com,newsletter,everyone,true
153418769,2024-12-20T16:54:01.544Z,griffin.szymoniak@gmail.com,newsletter,everyone,true
153418769,2024-12-20T16:54:01.613Z,aidankenney08@gmail.com,newsletter,everyone,true
153418769,2024-12-20T16:54:01.617Z,henryw.2118@gmail.com,newsletter,everyone,true
153418769,2024-12-20T16:54:01.630Z,scumler19@gmail.com,newsletter,everyone,true
153418769,2024-12-20T16:54:01.797Z,olafjkuiper@gmail.com,newsletter,everyone,true
153418769,2024-12-20T16:54:01.822Z,aidanhutch7@gmail.com,newsletter,everyone,true
153418769,2024-12-20T16:54:01.932Z,bgstudioda@gmail.com,newsletter,everyone,true
153418769,2024-12-20T16:54:01.954Z,derekuy@ucsb.edu,newsletter,everyone,true
153418769,2024-12-20T16:54:01.967Z,sebastianjacobs0@gmail.com,newsletter,everyone,true
153418769,2024-12-20T16:54:02.039Z,faigorjaihometv@gmail.com,newsletter,everyone,true
153418769,2024-12-20T16:54:02.271Z,willthomas127@gmail.com,newsletter,everyone,true
153418769,2024-12-20T16:54:02.325Z,josephekpo@ucsb.edu,newsletter,everyone,true
153418769,2024-12-20T16:54:02.417Z,jamespwilson14@gmail.com,newsletter,everyone,true
153418769,2024-12-20T16:54:02.831Z,francisjacobs@icloud.com,newsletter,everyone,true
153418769,2024-12-20T16:54:03.103Z,Eofloisand1@gmail.com,newsletter,everyone,true
153418769,2024-12-20T16:54:03.439Z,ptantchev@gmail.com,newsletter,everyone,false
153418769,2024-12-20T16:54:03.683Z,Derek.uy@gmail.com,newsletter,everyone,true
153418769,2024-12-20T16:54:03.746Z,seansantos3000@gmail.com,newsletter,everyone,true
153418769,2024-12-20T16:54:03.815Z,ian.pokorny47@gmail.com,newsletter,everyone,true
153418769,2024-12-20T16:54:03.833Z,zoewcrews@gmail.com,newsletter,everyone,true
153418769,2024-12-20T16:54:03.923Z,brodyricci805@gmail.com,newsletter,everyone,true
153418769,2024-12-20T16:54:03.997Z,kittfricke04@gmail.com,newsletter,everyone,true
153418769,2024-12-20T16:54:04.098Z,seanand113@gmail.com,newsletter,everyone,true
153418769,2024-12-20T16:54:04.102Z,lorimoreplease@gmail.com,newsletter,everyone,true
153418769,2024-12-20T16:54:04.135Z,drnewmanjacobs@yahoo.com,newsletter,everyone,true
153418769,2024-12-20T16:54:04.651Z,btantchev@yahoo.com,newsletter,everyone,true
153418769,2024-12-20T16:54:09.434Z,hayeswu@icloud.com,newsletter,everyone,true
