post_id,timestamp,email,post_type,post_audience,active_subscription,country,city,region,device_type,client_os,client_type,user_agent
153418769,2024-12-20T16:57:28.198Z,willthomas127@gmail.com,newsletter,everyone,true,US,,,,,,Mozilla/5.0 (Windows NT 5.1; rv:11.0) Gecko Firefox/11.0 (via ggpht.com GoogleImageProxy)
153418769,2024-12-20T17:00:13.541Z,brodyricci805@gmail.com,newsletter,everyone,true,US,,,,,,Mozilla/5.0
153418769,2024-12-20T17:00:19.954Z,Eofloisand1@gmail.com,newsletter,everyone,true,US,,,,,,Mozilla/5.0 (Windows NT 5.1; rv:11.0) Gecko Firefox/11.0 (via ggpht.com GoogleImageProxy)
153418769,2024-12-20T17:16:18.182Z,seansantos3000@gmail.com,newsletter,everyone,true,US,,,,,,Mozilla/5.0 (Windows NT 5.1; rv:11.0) Gecko Firefox/11.0 (via ggpht.com GoogleImageProxy)
153418769,2024-12-20T17:19:13.005Z,hayeswu@icloud.com,newsletter,everyone,true,US,,,,,,Mozilla/5.0
153418769,2024-12-20T17:22:51.020Z,sebastianjacobs0@gmail.com,newsletter,everyone,true,US,,,,,,Mozilla/5.0
153418769,2024-12-20T17:35:29.522Z,katherinemansfield13@gmail.com,newsletter,everyone,true,US,,,,,,Mozilla/5.0 (Windows NT 5.1; rv:11.0) Gecko Firefox/11.0 (via ggpht.com GoogleImageProxy)
153418769,2024-12-20T17:48:42.121Z,lorimoreplease@gmail.com,newsletter,everyone,true,PT,,,,,,Mozilla/5.0
153418769,2024-12-20T18:00:09.637Z,btantchev@yahoo.com,newsletter,everyone,true,US,,,,,,YahooMailProxy; https://help.yahoo.com/kb/yahoo-mail-proxy-SLN28749.html
153418769,2024-12-20T18:02:26.450Z,drnewmanjacobs@yahoo.com,newsletter,everyone,true,US,,,,,,Mozilla/5.0
153418769,2024-12-20T18:21:16.762Z,Derek.uy@gmail.com,newsletter,everyone,true,US,,,,,,Mozilla/5.0 (Windows NT 5.1; rv:11.0) Gecko Firefox/11.0 (via ggpht.com GoogleImageProxy)
153418769,2024-12-20T18:29:28.652Z,Derek.uy@gmail.com,newsletter,everyone,true,US,,,,,,Mozilla/5.0
153418769,2024-12-20T19:17:13.823Z,ptantchev@gmail.com,newsletter,everyone,false,US,,,,,,Mozilla/5.0
153418769,2024-12-20T19:33:12.635Z,seanand113@gmail.com,newsletter,everyone,true,US,,,,,,Mozilla/5.0
153418769,2024-12-20T20:19:26.358Z,griffin.szymoniak@gmail.com,newsletter,everyone,true,US,,,,,,Mozilla/5.0 (Windows NT 5.1; rv:11.0) Gecko Firefox/11.0 (via ggpht.com GoogleImageProxy)
153418769,2024-12-20T21:30:37.016Z,henryw.2118@gmail.com,newsletter,everyone,true,US,,,,,,Mozilla/5.0
153418769,2024-12-20T22:04:30.577Z,bgstudioda@gmail.com,newsletter,everyone,true,US,,,,,,Mozilla/5.0 (Windows NT 5.1; rv:11.0) Gecko Firefox/11.0 (via ggpht.com GoogleImageProxy)
153418769,2024-12-20T22:44:28.679Z,derekuy@ucsb.edu,newsletter,everyone,true,US,,,,,,Mozilla/5.0 (Windows NT 5.1; rv:11.0) Gecko Firefox/11.0 (via ggpht.com GoogleImageProxy)
153418769,2024-12-20T22:57:20.258Z,griffin.szymoniak@gmail.com,newsletter,everyone,true,NL,,,,,,Mozilla/5.0
153418769,2024-12-20T23:18:15.408Z,henryw.2118@gmail.com,newsletter,everyone,true,US,,,,,,Mozilla/5.0
153418769,2024-12-21T00:34:19.558Z,francisjacobs@icloud.com,newsletter,everyone,true,US,,,,,,Mozilla/5.0
153418769,2024-12-21T09:33:05.520Z,katherinemansfield13@gmail.com,newsletter,everyone,true,US,,,,,,Mozilla/5.0
153418769,2024-12-21T16:49:47.727Z,ian.pokorny47@gmail.com,newsletter,everyone,true,US,,,,,,Mozilla/5.0 (Windows NT 5.1; rv:11.0) Gecko Firefox/11.0 (via ggpht.com GoogleImageProxy)
153418769,2024-12-21T18:22:52.392Z,derekuy@ucsb.edu,newsletter,everyone,true,US,,,,,,Mozilla/5.0 (Windows NT 5.1; rv:11.0) Gecko Firefox/11.0 (via ggpht.com GoogleImageProxy)
153418769,2024-12-22T00:33:00.903Z,josephekpo@ucsb.edu,newsletter,everyone,true,US,,,,,,Mozilla/5.0
153418769,2024-12-23T00:14:03.095Z,willthomas127@gmail.com,newsletter,everyone,true,US,,,,,,Mozilla/5.0 (Windows NT 5.1; rv:11.0) Gecko Firefox/11.0 (via ggpht.com GoogleImageProxy)
153418769,2024-12-23T11:27:15.088Z,aidanhutch7@gmail.com,newsletter,everyone,true,GB,,,,,,Mozilla/5.0
153418769,2024-12-23T22:38:45.031Z,zoewcrews@gmail.com,newsletter,everyone,true,US,,,,,,Mozilla/5.0
153418769,2024-12-24T22:12:07.346Z,olafjkuiper@gmail.com,newsletter,everyone,true,US,,,,,,Mozilla/5.0
153418769,2024-12-25T02:14:16.383Z,olafjkuiper@gmail.com,newsletter,everyone,true,US,,,,,,Mozilla/5.0
153418769,2024-12-27T06:37:17.063Z,hayeswu@icloud.com,newsletter,everyone,true,US,,,,,,Mozilla/5.0
153418769,2025-01-02T22:54:29.626Z,drnewmanjacobs@yahoo.com,newsletter,everyone,true,US,,,,,,Mozilla/5.0
153418769,2025-01-15T06:51:21.211Z,brodyricci805@gmail.com,newsletter,everyone,true,US,,,,,,Mozilla/5.0
