post_id,timestamp,email,post_type,post_audience,active_subscription,country,city,region,device_type,client_os,client_type,user_agent
153543189,2024-12-23T20:29:49.038Z,griffin.szymoniak@gmail.com,newsletter,everyone,true,US,,,,,,Mozilla/5.0 (Windows NT 5.1; rv:11.0) Gecko Firefox/11.0 (via ggpht.com GoogleImageProxy)
153543189,2024-12-23T20:30:34.421Z,sebastianjacobs0@gmail.com,newsletter,everyone,true,US,,,,,,Mozilla/5.0
153543189,2024-12-23T20:54:58.618Z,hayeswu@icloud.com,newsletter,everyone,true,US,,,,,,Mozilla/5.0
153543189,2024-12-23T21:28:09.799Z,henryw.2118@gmail.com,newsletter,everyone,true,US,,,,,,Mozilla/5.0
153543189,2024-12-23T22:30:06.246Z,katherinemansfield13@gmail.com,newsletter,everyone,true,US,,,,,,Mozilla/5.0
153543189,2024-12-23T22:52:58.900Z,lorimoreplease@gmail.com,newsletter,everyone,true,PT,,,,,,Mozilla/5.0
153543189,2024-12-24T00:11:29.327Z,drnewmanjacobs@yahoo.com,newsletter,everyone,true,NL,,,,,,Mozilla/5.0
153543189,2024-12-24T01:06:33.712Z,derekuy@ucsb.edu,newsletter,everyone,true,US,,,,,,Mozilla/5.0 (Windows NT 5.1; rv:11.0) Gecko Firefox/11.0 (via ggpht.com GoogleImageProxy)
153543189,2024-12-24T01:17:06.443Z,derekuy@ucsb.edu,newsletter,everyone,true,US,,,,,,Mozilla/5.0 (Windows NT 5.1; rv:11.0) Gecko Firefox/11.0 (via ggpht.com GoogleImageProxy)
153543189,2024-12-24T01:17:07.447Z,derekuy@ucsb.edu,newsletter,everyone,true,US,,,,,,Mozilla/5.0 (Windows NT 5.1; rv:11.0) Gecko Firefox/11.0 (via ggpht.com GoogleImageProxy)
153543189,2024-12-24T02:38:01.198Z,aidanhutch7@gmail.com,newsletter,everyone,true,PT,,,,,,Mozilla/5.0
153543189,2024-12-24T03:04:52.142Z,josephekpo@ucsb.edu,newsletter,everyone,true,US,,,,,,Mozilla/5.0 (Windows NT 5.1; rv:11.0) Gecko Firefox/11.0 (via ggpht.com GoogleImageProxy)
153543189,2024-12-24T05:37:47.050Z,bgstudioda@gmail.com,newsletter,everyone,true,US,,,,,,Mozilla/5.0 (Windows NT 5.1; rv:11.0) Gecko Firefox/11.0 (via ggpht.com GoogleImageProxy)
153543189,2024-12-24T05:38:06.461Z,bgstudioda@gmail.com,newsletter,everyone,true,US,,,,,,Mozilla/5.0 (Windows NT 5.1; rv:11.0) Gecko Firefox/11.0 (via ggpht.com GoogleImageProxy)
153543189,2024-12-24T05:38:21.186Z,bgstudioda@gmail.com,newsletter,everyone,true,US,,,,,,Mozilla/5.0 (Windows NT 5.1; rv:11.0) Gecko Firefox/11.0 (via ggpht.com GoogleImageProxy)
153543189,2024-12-24T07:10:44.021Z,brodyricci805@gmail.com,newsletter,everyone,true,US,,,,,,Mozilla/5.0
153543189,2024-12-24T08:59:51.620Z,Derek.uy@gmail.com,newsletter,everyone,true,US,,,,,,Mozilla/5.0
153543189,2024-12-24T10:22:29.365Z,seanand113@gmail.com,newsletter,everyone,true,US,,,,,,Mozilla/5.0
153543189,2024-12-24T22:12:07.345Z,olafjkuiper@gmail.com,newsletter,everyone,true,US,,,,,,Mozilla/5.0
153543189,2024-12-24T22:32:02.554Z,Derek.uy@gmail.com,newsletter,everyone,true,US,,,,,,Mozilla/5.0 (Windows NT 5.1; rv:11.0) Gecko Firefox/11.0 (via ggpht.com GoogleImageProxy)
153543189,2024-12-25T01:40:35.098Z,zoewcrews@gmail.com,newsletter,everyone,true,US,,,,,,Mozilla/5.0
153543189,2024-12-25T02:14:16.381Z,olafjkuiper@gmail.com,newsletter,everyone,true,US,,,,,,Mozilla/5.0
153543189,2024-12-25T09:44:11.056Z,ptantchev@gmail.com,newsletter,everyone,false,NL,,,,,,Mozilla/5.0
153543189,2024-12-26T13:02:44.143Z,griffin.szymoniak@gmail.com,newsletter,everyone,true,US,,,,,,Mozilla/5.0
153543189,2024-12-27T01:22:50.384Z,francisjacobs@icloud.com,newsletter,everyone,true,US,,,,,,Mozilla/5.0
153543189,2024-12-27T06:37:17.066Z,hayeswu@icloud.com,newsletter,everyone,true,US,,,,,,Mozilla/5.0
153543189,2024-12-28T05:00:22.407Z,josephekpo@ucsb.edu,newsletter,everyone,true,US,,,,,,Mozilla/5.0
153543189,2025-01-02T22:30:39.018Z,drnewmanjacobs@yahoo.com,newsletter,everyone,true,NL,,,,,,Mozilla/5.0
153543189,2025-01-07T08:24:26.198Z,henryw.2118@gmail.com,newsletter,everyone,true,US,,,,,,Mozilla/5.0
153543189,2025-01-12T02:47:41.424Z,olafjkuiper@gmail.com,newsletter,everyone,true,US,,,,,,Mozilla/5.0
153543189,2025-01-15T06:40:07.024Z,brodyricci805@gmail.com,newsletter,everyone,true,US,,,,,,Mozilla/5.0
153543189,2025-01-20T21:53:57.006Z,henryw.2118@gmail.com,newsletter,everyone,true,US,,,,,,Mozilla/5.0
153543189,2025-01-21T23:17:05.522Z,jamespwilson14@gmail.com,newsletter,everyone,true,NL,,,,,,Mozilla/5.0
