post_id,timestamp,email,post_type,post_audience,active_subscription,country,city,region,device_type,client_os,client_type,user_agent
153503063,2024-12-22T22:16:15.878Z,josephekpo@ucsb.edu,newsletter,everyone,true,US,,,,,,Mozilla/5.0 (Windows NT 5.1; rv:11.0) Gecko Firefox/11.0 (via ggpht.com GoogleImageProxy)
153503063,2024-12-22T22:17:43.888Z,derekuy@ucsb.edu,newsletter,everyone,true,US,,,,,,Mozilla/5.0 (Windows NT 5.1; rv:11.0) Gecko Firefox/11.0 (via ggpht.com GoogleImageProxy)
153503063,2024-12-22T22:22:33.233Z,sebastianjacobs0@gmail.com,newsletter,everyone,true,US,,,,,,Mozilla/5.0
153503063,2024-12-22T23:24:18.855Z,Eofloisand1@gmail.com,newsletter,everyone,true,US,,,,,,Mozilla/5.0 (Windows NT 5.1; rv:11.0) Gecko Firefox/11.0 (via ggpht.com GoogleImageProxy)
153503063,2024-12-22T23:44:01.381Z,willthomas127@gmail.com,newsletter,everyone,true,US,,,,,,Mozilla/5.0 (Windows NT 5.1; rv:11.0) Gecko Firefox/11.0 (via ggpht.com GoogleImageProxy)
153503063,2024-12-23T00:59:18.012Z,henryw.2118@gmail.com,newsletter,everyone,true,US,,,,,,Mozilla/5.0 (Windows NT 5.1; rv:11.0) Gecko Firefox/11.0 (via ggpht.com GoogleImageProxy)
153503063,2024-12-23T01:01:19.153Z,henryw.2118@gmail.com,newsletter,everyone,true,US,,,,,,Mozilla/5.0
153503063,2024-12-23T02:18:13.437Z,derekuy@ucsb.edu,newsletter,everyone,true,US,,,,,,Mozilla/5.0 (Windows NT 5.1; rv:11.0) Gecko Firefox/11.0 (via ggpht.com GoogleImageProxy)
153503063,2024-12-23T03:50:59.337Z,katherinemansfield13@gmail.com,newsletter,everyone,true,US,,,,,,Mozilla/5.0 (Windows NT 5.1; rv:11.0) Gecko Firefox/11.0 (via ggpht.com GoogleImageProxy)
153503063,2024-12-23T03:52:26.889Z,Derek.uy@gmail.com,newsletter,everyone,true,US,,,,,,Mozilla/5.0 (Windows NT 5.1; rv:11.0) Gecko Firefox/11.0 (via ggpht.com GoogleImageProxy)
153503063,2024-12-23T04:15:44.727Z,francisjacobs@icloud.com,newsletter,everyone,true,US,,,,,,Mozilla/5.0
153503063,2024-12-23T05:12:42.314Z,hayeswu@icloud.com,newsletter,everyone,true,NL,,,,,,Mozilla/5.0
153503063,2024-12-23T08:56:52.822Z,Derek.uy@gmail.com,newsletter,everyone,true,US,,,,,,Mozilla/5.0
153503063,2024-12-23T09:36:51.940Z,lorimoreplease@gmail.com,newsletter,everyone,true,PT,,,,,,Mozilla/5.0
153503063,2024-12-23T16:31:13.658Z,btantchev@yahoo.com,newsletter,everyone,true,US,,,,,,YahooMailProxy; https://help.yahoo.com/kb/yahoo-mail-proxy-SLN28749.html
153503063,2024-12-23T16:31:16.028Z,derekuy@ucsb.edu,newsletter,everyone,true,US,,,,,,Mozilla/5.0 (Windows NT 5.1; rv:11.0) Gecko Firefox/11.0 (via ggpht.com GoogleImageProxy)
153503063,2024-12-23T16:37:59.313Z,ptantchev@gmail.com,newsletter,everyone,false,US,,,,,,Mozilla/5.0 (Windows NT 5.1; rv:11.0) Gecko Firefox/11.0 (via ggpht.com GoogleImageProxy)
153503063,2024-12-23T18:06:29.033Z,katherinemansfield13@gmail.com,newsletter,everyone,true,US,,,,,,Mozilla/5.0
153503063,2024-12-23T18:29:12.682Z,zoewcrews@gmail.com,newsletter,everyone,true,US,,,,,,Mozilla/5.0 (Windows NT 5.1; rv:11.0) Gecko Firefox/11.0 (via ggpht.com GoogleImageProxy)
153503063,2024-12-23T18:33:36.637Z,francisjacobs@icloud.com,newsletter,everyone,true,US,,,,,,Mozilla/5.0
153503063,2024-12-23T18:45:21.007Z,Derek.uy@gmail.com,newsletter,everyone,true,US,,,,,,Mozilla/5.0 (Windows NT 5.1; rv:11.0) Gecko Firefox/11.0 (via ggpht.com GoogleImageProxy)
153503063,2024-12-24T00:20:33.111Z,zoewcrews@gmail.com,newsletter,everyone,true,US,,,,,,Mozilla/5.0
153503063,2024-12-24T01:18:19.219Z,brodyricci805@gmail.com,newsletter,everyone,true,US,,,,,,Mozilla/5.0
153503063,2024-12-24T02:05:43.024Z,aidanhutch7@gmail.com,newsletter,everyone,true,PT,,,,,,Mozilla/5.0
153503063,2024-12-24T05:32:33.319Z,griffin.szymoniak@gmail.com,newsletter,everyone,true,NL,,,,,,Mozilla/5.0
153503063,2024-12-24T09:42:31.149Z,seanand113@gmail.com,newsletter,everyone,true,US,,,,,,Mozilla/5.0
153503063,2024-12-24T22:12:07.346Z,olafjkuiper@gmail.com,newsletter,everyone,true,US,,,,,,Mozilla/5.0
153503063,2024-12-25T02:14:16.382Z,olafjkuiper@gmail.com,newsletter,everyone,true,US,,,,,,Mozilla/5.0
153503063,2024-12-25T21:31:16.779Z,josephekpo@ucsb.edu,newsletter,everyone,true,NL,,,,,,Mozilla/5.0
153503063,2024-12-27T06:37:17.064Z,hayeswu@icloud.com,newsletter,everyone,true,US,,,,,,Mozilla/5.0
153503063,2024-12-29T03:33:00.409Z,ptantchev@gmail.com,newsletter,everyone,false,US,,,,,,Mozilla/5.0
153503063,2025-01-02T22:30:39.017Z,drnewmanjacobs@yahoo.com,newsletter,everyone,true,NL,,,,,,Mozilla/5.0
153503063,2025-01-06T22:14:09.930Z,jamespwilson14@gmail.com,newsletter,everyone,true,US,,,,,,Mozilla/5.0
153503063,2025-01-07T07:50:07.175Z,henryw.2118@gmail.com,newsletter,everyone,true,US,,,,,,Mozilla/5.0
153503063,2025-01-08T19:38:05.663Z,scumler19@gmail.com,newsletter,everyone,true,US,,,,,,Mozilla/5.0 (Windows NT 5.1; rv:11.0) Gecko Firefox/11.0 (via ggpht.com GoogleImageProxy)
153503063,2025-01-12T02:47:41.423Z,olafjkuiper@gmail.com,newsletter,everyone,true,US,,,,,,Mozilla/5.0
153503063,2025-01-15T06:51:21.211Z,brodyricci805@gmail.com,newsletter,everyone,true,US,,,,,,Mozilla/5.0
153503063,2025-01-20T21:53:57.007Z,henryw.2118@gmail.com,newsletter,everyone,true,US,,,,,,Mozilla/5.0
