post_id,timestamp,email,post_type,post_audience,active_subscription
153503063,2024-12-22T22:15:52.233Z,katherinemansfield13@gmail.com,newsletter,everyone,true
153503063,2024-12-22T22:15:52.238Z,ptantchev@gmail.com,newsletter,everyone,false
153503063,2024-12-22T22:15:53.952Z,brodyricci805@gmail.com,newsletter,everyone,true
153503063,2024-12-22T22:15:53.973Z,Derek.uy@gmail.com,newsletter,everyone,true
153503063,2024-12-22T22:15:53.986Z,seanand113@gmail.com,newsletter,everyone,true
153503063,2024-12-22T22:15:54.002Z,ian.pokorny47@gmail.com,newsletter,everyone,true
153503063,2024-12-22T22:15:54.201Z,willthomas127@gmail.com,newsletter,everyone,true
153503063,2024-12-22T22:15:54.201Z,josephekpo@ucsb.edu,newsletter,everyone,true
153503063,2024-12-22T22:15:54.204Z,zoewcrews@gmail.com,newsletter,everyone,true
153503063,2024-12-22T22:15:54.248Z,scumler19@gmail.com,newsletter,everyone,true
153503063,2024-12-22T22:15:54.253Z,seansantos3000@gmail.com,newsletter,everyone,true
153503063,2024-12-22T22:15:54.280Z,drnewmanjacobs@yahoo.com,newsletter,everyone,true
153503063,2024-12-22T22:15:54.284Z,Eofloisand1@gmail.com,newsletter,everyone,true
153503063,2024-12-22T22:15:54.288Z,jamespwilson14@gmail.com,newsletter,everyone,true
153503063,2024-12-22T22:15:54.373Z,aidankenney08@gmail.com,newsletter,everyone,true
153503063,2024-12-22T22:15:54.382Z,aidanhutch7@gmail.com,newsletter,everyone,true
153503063,2024-12-22T22:15:54.427Z,bgstudioda@gmail.com,newsletter,everyone,true
153503063,2024-12-22T22:15:54.477Z,kittfricke04@gmail.com,newsletter,everyone,true
153503063,2024-12-22T22:15:54.497Z,olafjkuiper@gmail.com,newsletter,everyone,true
153503063,2024-12-22T22:15:54.530Z,faigorjaihometv@gmail.com,newsletter,everyone,true
153503063,2024-12-22T22:15:54.690Z,lorimoreplease@gmail.com,newsletter,everyone,true
153503063,2024-12-22T22:15:54.700Z,griffin.szymoniak@gmail.com,newsletter,everyone,true
153503063,2024-12-22T22:15:54.827Z,henryw.2118@gmail.com,newsletter,everyone,true
153503063,2024-12-22T22:15:54.875Z,btantchev@yahoo.com,newsletter,everyone,true
153503063,2024-12-22T22:15:55.745Z,sebastianjacobs0@gmail.com,newsletter,everyone,true
153503063,2024-12-22T22:15:56.227Z,derekuy@ucsb.edu,newsletter,everyone,true
153503063,2024-12-22T22:15:57.059Z,hayeswu@icloud.com,newsletter,everyone,true
153503063,2024-12-22T22:15:57.109Z,francisjacobs@icloud.com,newsletter,everyone,true
