post_id,timestamp,email,post_type,post_audience,active_subscription
153543189,2024-12-23T20:28:52.936Z,katherinemansfield13@gmail.com,newsletter,everyone,true
153543189,2024-12-23T20:28:53.327Z,Derek.uy@gmail.com,newsletter,everyone,true
153543189,2024-12-23T20:28:53.398Z,henryw.2118@gmail.com,newsletter,everyone,true
153543189,2024-12-23T20:28:53.436Z,Eofloisand1@gmail.com,newsletter,everyone,true
153543189,2024-12-23T20:28:53.459Z,seanand113@gmail.com,newsletter,everyone,true
153543189,2024-12-23T20:28:53.473Z,brodyricci805@gmail.com,newsletter,everyone,true
153543189,2024-12-23T20:28:53.491Z,jamespwilson14@gmail.com,newsletter,everyone,true
153543189,2024-12-23T20:28:53.522Z,aidankenney08@gmail.com,newsletter,everyone,true
153543189,2024-12-23T20:28:53.527Z,ian.pokorny47@gmail.com,newsletter,everyone,true
153543189,2024-12-23T20:28:53.528Z,zoewcrews@gmail.com,newsletter,everyone,true
153543189,2024-12-23T20:28:53.542Z,griffin.szymoniak@gmail.com,newsletter,everyone,true
153543189,2024-12-23T20:28:53.563Z,sebastianjacobs0@gmail.com,newsletter,everyone,true
153543189,2024-12-23T20:28:53.609Z,bgstudioda@gmail.com,newsletter,everyone,true
153543189,2024-12-23T20:28:53.635Z,olafjkuiper@gmail.com,newsletter,everyone,true
153543189,2024-12-23T20:28:53.642Z,willthomas127@gmail.com,newsletter,everyone,true
153543189,2024-12-23T20:28:53.647Z,scumler19@gmail.com,newsletter,everyone,true
153543189,2024-12-23T20:28:53.666Z,btantchev@yahoo.com,newsletter,everyone,true
153543189,2024-12-23T20:28:53.822Z,kittfricke04@gmail.com,newsletter,everyone,true
153543189,2024-12-23T20:28:53.862Z,lorimoreplease@gmail.com,newsletter,everyone,true
153543189,2024-12-23T20:28:54.003Z,seansantos3000@gmail.com,newsletter,everyone,true
153543189,2024-12-23T20:28:54.021Z,ptantchev@gmail.com,newsletter,everyone,false
153543189,2024-12-23T20:28:54.085Z,faigorjaihometv@gmail.com,newsletter,everyone,true
153543189,2024-12-23T20:28:54.098Z,aidanhutch7@gmail.com,newsletter,everyone,true
153543189,2024-12-23T20:28:54.143Z,derekuy@ucsb.edu,newsletter,everyone,true
153543189,2024-12-23T20:28:54.393Z,drnewmanjacobs@yahoo.com,newsletter,everyone,true
153543189,2024-12-23T20:28:54.835Z,josephekpo@ucsb.edu,newsletter,everyone,true
153543189,2024-12-23T20:28:56.315Z,francisjacobs@icloud.com,newsletter,everyone,true
153543189,2024-12-23T20:28:58.216Z,hayeswu@icloud.com,newsletter,everyone,true
