post_id,timestamp,email,post_type,post_audience,active_subscription
153687925,2024-12-27T18:38:55.358Z,olafjkuiper@gmail.com,newsletter,everyone,true
153687925,2024-12-27T18:38:55.406Z,jamespwilson14@gmail.com,newsletter,everyone,true
153687925,2024-12-27T18:38:55.416Z,Eofloisand1@gmail.com,newsletter,everyone,true
153687925,2024-12-27T18:38:55.487Z,lorimoreplease@gmail.com,newsletter,everyone,true
153687925,2024-12-27T18:38:55.504Z,griffin.szymoniak@gmail.com,newsletter,everyone,true
153687925,2024-12-27T18:38:55.524Z,zoewcrews@gmail.com,newsletter,everyone,true
153687925,2024-12-27T18:38:55.546Z,aidankenney08@gmail.com,newsletter,everyone,true
153687925,2024-12-27T18:38:55.567Z,faigorjaihometv@gmail.com,newsletter,everyone,true
153687925,2024-12-27T18:38:55.595Z,seansantos3000@gmail.com,newsletter,everyone,true
153687925,2024-12-27T18:38:55.622Z,brodyricci805@gmail.com,newsletter,everyone,true
153687925,2024-12-27T18:38:55.634Z,Derek.uy@gmail.com,newsletter,everyone,true
153687925,2024-12-27T18:38:55.690Z,katherinemansfield13@gmail.com,newsletter,everyone,true
153687925,2024-12-27T18:38:55.716Z,henryw.2118@gmail.com,newsletter,everyone,true
153687925,2024-12-27T18:38:55.728Z,ian.pokorny47@gmail.com,newsletter,everyone,true
153687925,2024-12-27T18:38:55.811Z,bgstudioda@gmail.com,newsletter,everyone,true
153687925,2024-12-27T18:38:55.846Z,scumler19@gmail.com,newsletter,everyone,true
153687925,2024-12-27T18:38:55.864Z,willthomas127@gmail.com,newsletter,everyone,true
153687925,2024-12-27T18:38:56.034Z,derekuy@ucsb.edu,newsletter,everyone,true
153687925,2024-12-27T18:38:56.047Z,kittfricke04@gmail.com,newsletter,everyone,true
153687925,2024-12-27T18:38:56.179Z,ptantchev@gmail.com,newsletter,everyone,false
153687925,2024-12-27T18:38:56.411Z,seanand113@gmail.com,newsletter,everyone,true
153687925,2024-12-27T18:38:56.638Z,aidanhutch7@gmail.com,newsletter,everyone,true
153687925,2024-12-27T18:38:56.669Z,josephekpo@ucsb.edu,newsletter,everyone,true
153687925,2024-12-27T18:38:56.752Z,drnewmanjacobs@yahoo.com,newsletter,everyone,true
153687925,2024-12-27T18:38:56.828Z,sebastianjacobs0@gmail.com,newsletter,everyone,true
153687925,2024-12-27T18:38:57.181Z,vaniapmark@gmail.com,newsletter,everyone,true
153687925,2024-12-27T18:38:57.202Z,btantchev@yahoo.com,newsletter,everyone,true
153687925,2024-12-27T18:38:59.260Z,hayeswu@icloud.com,newsletter,everyone,true
153687925,2024-12-27T18:39:05.367Z,francisjacobs@icloud.com,newsletter,everyone,true
