post_id,timestamp,email,post_type,post_audience,active_subscription,country,city,region,device_type,client_os,client_type,user_agent
153687925,2024-12-27T18:40:30.776Z,Eofloisand1@gmail.com,newsletter,everyone,true,US,,,,,,Mozilla/5.0 (Windows NT 5.1; rv:11.0) Gecko Firefox/11.0 (via ggpht.com GoogleImageProxy)
153687925,2024-12-27T18:59:52.003Z,sebastianjacobs0@gmail.com,newsletter,everyone,true,US,,,,,,Mozilla/5.0
153687925,2024-12-27T19:13:45.327Z,ptantchev@gmail.com,newsletter,everyone,false,US,,,,,,Mozilla/5.0 (Windows NT 5.1; rv:11.0) Gecko Firefox/11.0 (via ggpht.com GoogleImageProxy)
153687925,2024-12-27T19:22:42.105Z,hayeswu@icloud.com,newsletter,everyone,true,NL,,,,,,Mozilla/5.0
153687925,2024-12-27T19:56:25.844Z,vaniapmark@gmail.com,newsletter,everyone,true,US,,,,,,Mozilla/5.0
153687925,2024-12-27T19:56:55.792Z,henryw.2118@gmail.com,newsletter,everyone,true,US,,,,,,Mozilla/5.0
153687925,2024-12-27T20:37:25.995Z,katherinemansfield13@gmail.com,newsletter,everyone,true,US,,,,,,Mozilla/5.0
153687925,2024-12-27T20:44:15.388Z,derekuy@ucsb.edu,newsletter,everyone,true,US,,,,,,Mozilla/5.0 (Windows NT 5.1; rv:11.0) Gecko Firefox/11.0 (via ggpht.com GoogleImageProxy)
153687925,2024-12-27T21:09:46.532Z,ian.pokorny47@gmail.com,newsletter,everyone,true,US,,,,,,Mozilla/5.0 (Windows NT 5.1; rv:11.0) Gecko Firefox/11.0 (via ggpht.com GoogleImageProxy)
153687925,2024-12-27T21:45:06.378Z,derekuy@ucsb.edu,newsletter,everyone,true,US,,,,,,Mozilla/5.0 (Windows NT 5.1; rv:11.0) Gecko Firefox/11.0 (via ggpht.com GoogleImageProxy)
153687925,2024-12-27T22:33:23.163Z,Derek.uy@gmail.com,newsletter,everyone,true,US,,,,,,Mozilla/5.0 (Windows NT 5.1; rv:11.0) Gecko Firefox/11.0 (via ggpht.com GoogleImageProxy)
153687925,2024-12-28T00:06:55.322Z,lorimoreplease@gmail.com,newsletter,everyone,true,GB,,,,,,Mozilla/5.0
153687925,2024-12-28T00:17:47.571Z,brodyricci805@gmail.com,newsletter,everyone,true,US,,,,,,Mozilla/5.0
153687925,2024-12-28T02:32:37.900Z,seanand113@gmail.com,newsletter,everyone,true,US,,,,,,Mozilla/5.0
153687925,2024-12-28T03:02:45.654Z,aidanhutch7@gmail.com,newsletter,everyone,true,PT,,,,,,Mozilla/5.0
153687925,2024-12-28T05:20:46.898Z,derekuy@ucsb.edu,newsletter,everyone,true,US,,,,,,Mozilla/5.0 (Windows NT 5.1; rv:11.0) Gecko Firefox/11.0 (via ggpht.com GoogleImageProxy)
153687925,2024-12-28T08:56:08.532Z,ptantchev@gmail.com,newsletter,everyone,false,US,,,,,,Mozilla/5.0
153687925,2024-12-28T12:50:46.183Z,olafjkuiper@gmail.com,newsletter,everyone,true,US,,,,,,Mozilla/5.0
153687925,2024-12-28T22:37:56.781Z,Derek.uy@gmail.com,newsletter,everyone,true,US,,,,,,Mozilla/5.0
153687925,2024-12-28T23:40:38.670Z,griffin.szymoniak@gmail.com,newsletter,everyone,true,US,,,,,,Mozilla/5.0 (Windows NT 5.1; rv:11.0) Gecko Firefox/11.0 (via ggpht.com GoogleImageProxy)
153687925,2024-12-28T23:53:02.030Z,hayeswu@icloud.com,newsletter,everyone,true,US,,,,,,Mozilla/5.0
153687925,2024-12-29T05:58:57.124Z,griffin.szymoniak@gmail.com,newsletter,everyone,true,US,,,,,,Mozilla/5.0
153687925,2024-12-29T06:54:15.252Z,zoewcrews@gmail.com,newsletter,everyone,true,US,,,,,,Mozilla/5.0
153687925,2024-12-29T19:07:15.752Z,derekuy@ucsb.edu,newsletter,everyone,true,US,,,,,,Mozilla/5.0 (Windows NT 5.1; rv:11.0) Gecko Firefox/11.0 (via ggpht.com GoogleImageProxy)
153687925,2024-12-29T19:07:34.199Z,francisjacobs@icloud.com,newsletter,everyone,true,US,,,,,,Mozilla/5.0
153687925,2024-12-30T00:03:48.815Z,drnewmanjacobs@yahoo.com,newsletter,everyone,true,US,,,,,,Mozilla/5.0
153687925,2024-12-30T03:16:36.625Z,aidankenney08@gmail.com,newsletter,everyone,true,US,,,,,,Mozilla/5.0 (Windows NT 5.1; rv:11.0) Gecko Firefox/11.0 (via ggpht.com GoogleImageProxy)
153687925,2024-12-30T05:06:32.705Z,josephekpo@ucsb.edu,newsletter,everyone,true,US,,,,,,Mozilla/5.0
153687925,2025-01-02T23:09:55.066Z,vaniapmark@gmail.com,newsletter,everyone,true,US,,,,,,Mozilla/5.0
153687925,2025-01-03T20:44:19.096Z,drnewmanjacobs@yahoo.com,newsletter,everyone,true,US,,,,,,Mozilla/5.0
153687925,2025-01-06T23:58:15.522Z,jamespwilson14@gmail.com,newsletter,everyone,true,US,,,,,,Mozilla/5.0
153687925,2025-01-07T08:24:26.199Z,henryw.2118@gmail.com,newsletter,everyone,true,US,,,,,,Mozilla/5.0
153687925,2025-01-07T19:58:47.564Z,sebastianjacobs0@gmail.com,newsletter,everyone,true,TH,,,,,,Mozilla/5.0
153687925,2025-01-14T20:30:40.072Z,brodyricci805@gmail.com,newsletter,everyone,true,US,,,,,,Mozilla/5.0
153687925,2025-01-20T21:53:57.005Z,henryw.2118@gmail.com,newsletter,everyone,true,US,,,,,,Mozilla/5.0
153687925,2025-01-24T19:34:46.695Z,sebastianjacobs0@gmail.com,newsletter,everyone,true,US,,,,,,Mozilla/5.0
