post_id,timestamp,email,post_type,post_audience,active_subscription
153782838,2024-12-30T02:03:11.814Z,ptantchev@gmail.com,newsletter,everyone,false
153782838,2024-12-30T02:03:12.499Z,katherinemansfield13@gmail.com,newsletter,everyone,true
153782838,2024-12-30T02:03:13.081Z,brodyricci805@gmail.com,newsletter,everyone,true
153782838,2024-12-30T02:03:13.086Z,zoewcrews@gmail.com,newsletter,everyone,true
153782838,2024-12-30T02:03:13.103Z,kittfricke04@gmail.com,newsletter,everyone,true
153782838,2024-12-30T02:03:13.160Z,ian.pokorny47@gmail.com,newsletter,everyone,true
153782838,2024-12-30T02:03:13.183Z,Derek.uy@gmail.com,newsletter,everyone,true
153782838,2024-12-30T02:03:13.201Z,drnewmanjacobs@yahoo.com,newsletter,everyone,true
153782838,2024-12-30T02:03:13.395Z,seanand113@gmail.com,newsletter,everyone,true
153782838,2024-12-30T02:03:13.461Z,henryw.2118@gmail.com,newsletter,everyone,true
153782838,2024-12-30T02:03:13.462Z,btantchev@yahoo.com,newsletter,everyone,true
153782838,2024-12-30T02:03:13.497Z,lorimoreplease@gmail.com,newsletter,everyone,true
153782838,2024-12-30T02:03:13.529Z,olafjkuiper@gmail.com,newsletter,everyone,true
153782838,2024-12-30T02:03:13.567Z,scumler19@gmail.com,newsletter,everyone,true
153782838,2024-12-30T02:03:13.624Z,griffin.szymoniak@gmail.com,newsletter,everyone,true
153782838,2024-12-30T02:03:13.652Z,josephekpo@ucsb.edu,newsletter,everyone,true
153782838,2024-12-30T02:03:13.655Z,sebastianjacobs0@gmail.com,newsletter,everyone,true
153782838,2024-12-30T02:03:13.675Z,willthomas127@gmail.com,newsletter,everyone,true
153782838,2024-12-30T02:03:13.707Z,Eofloisand1@gmail.com,newsletter,everyone,true
153782838,2024-12-30T02:03:13.728Z,bgstudioda@gmail.com,newsletter,everyone,true
153782838,2024-12-30T02:03:13.840Z,aidanhutch7@gmail.com,newsletter,everyone,true
153782838,2024-12-30T02:03:14.014Z,derekuy@ucsb.edu,newsletter,everyone,true
153782838,2024-12-30T02:03:14.092Z,jamespwilson14@gmail.com,newsletter,everyone,true
153782838,2024-12-30T02:03:14.189Z,faigorjaihometv@gmail.com,newsletter,everyone,true
153782838,2024-12-30T02:03:14.293Z,seansantos3000@gmail.com,newsletter,everyone,true
153782838,2024-12-30T02:03:14.312Z,francisjacobs@icloud.com,newsletter,everyone,true
153782838,2024-12-30T02:03:14.460Z,aidankenney08@gmail.com,newsletter,everyone,true
153782838,2024-12-30T02:03:14.801Z,vaniapmark@gmail.com,newsletter,everyone,true
153782838,2024-12-30T02:03:17.805Z,hayeswu@icloud.com,newsletter,everyone,true
