post_id,timestamp,email,post_type,post_audience,active_subscription
153706500,2024-12-28T17:02:51.665Z,ptantchev@gmail.com,newsletter,everyone,false
153706500,2024-12-28T17:02:52.311Z,katherinemansfield13@gmail.com,newsletter,everyone,true
153706500,2024-12-28T17:02:52.936Z,brodyricci805@gmail.com,newsletter,everyone,true
153706500,2024-12-28T17:02:52.941Z,Derek.uy@gmail.com,newsletter,everyone,true
153706500,2024-12-28T17:02:52.951Z,seansantos3000@gmail.com,newsletter,everyone,true
153706500,2024-12-28T17:02:52.961Z,kittfricke04@gmail.com,newsletter,everyone,true
153706500,2024-12-28T17:02:53.011Z,vaniapmark@gmail.com,newsletter,everyone,true
153706500,2024-12-28T17:02:53.017Z,lorimoreplease@gmail.com,newsletter,everyone,true
153706500,2024-12-28T17:02:53.142Z,ian.pokorny47@gmail.com,newsletter,everyone,true
153706500,2024-12-28T17:02:53.238Z,henryw.2118@gmail.com,newsletter,everyone,true
153706500,2024-12-28T17:02:53.282Z,aidankenney08@gmail.com,newsletter,everyone,true
153706500,2024-12-28T17:02:53.320Z,aidanhutch7@gmail.com,newsletter,everyone,true
153706500,2024-12-28T17:02:53.344Z,jamespwilson14@gmail.com,newsletter,everyone,true
153706500,2024-12-28T17:02:53.346Z,faigorjaihometv@gmail.com,newsletter,everyone,true
153706500,2024-12-28T17:02:53.374Z,willthomas127@gmail.com,newsletter,everyone,true
153706500,2024-12-28T17:02:53.388Z,josephekpo@ucsb.edu,newsletter,everyone,true
153706500,2024-12-28T17:02:53.398Z,griffin.szymoniak@gmail.com,newsletter,everyone,true
153706500,2024-12-28T17:02:53.415Z,seanand113@gmail.com,newsletter,everyone,true
153706500,2024-12-28T17:02:53.476Z,sebastianjacobs0@gmail.com,newsletter,everyone,true
153706500,2024-12-28T17:02:53.503Z,zoewcrews@gmail.com,newsletter,everyone,true
153706500,2024-12-28T17:02:53.667Z,drnewmanjacobs@yahoo.com,newsletter,everyone,true
153706500,2024-12-28T17:02:53.794Z,scumler19@gmail.com,newsletter,everyone,true
153706500,2024-12-28T17:02:53.968Z,Eofloisand1@gmail.com,newsletter,everyone,true
153706500,2024-12-28T17:02:53.977Z,olafjkuiper@gmail.com,newsletter,everyone,true
153706500,2024-12-28T17:02:54.051Z,derekuy@ucsb.edu,newsletter,everyone,true
153706500,2024-12-28T17:02:54.307Z,btantchev@yahoo.com,newsletter,everyone,true
153706500,2024-12-28T17:02:54.706Z,bgstudioda@gmail.com,newsletter,everyone,true
153706500,2024-12-28T17:02:56.037Z,francisjacobs@icloud.com,newsletter,everyone,true
153706500,2024-12-28T17:03:04.554Z,hayeswu@icloud.com,newsletter,everyone,true
