post_id,timestamp,email,post_type,post_audience,active_subscription
153816633,2024-12-30T18:58:57.141Z,katherinemansfield13@gmail.com,newsletter,everyone,true
153816633,2024-12-30T18:58:57.446Z,ptantchev@gmail.com,newsletter,everyone,false
153816633,2024-12-30T18:58:58.366Z,griffin.szymoniak@gmail.com,newsletter,everyone,true
153816633,2024-12-30T18:58:58.458Z,derekuy@ucsb.edu,newsletter,everyone,true
153816633,2024-12-30T18:58:58.499Z,kittfricke04@gmail.com,newsletter,everyone,true
153816633,2024-12-30T18:58:58.500Z,Eofloisand1@gmail.com,newsletter,everyone,true
153816633,2024-12-30T18:58:58.521Z,ian.pokorny47@gmail.com,newsletter,everyone,true
153816633,2024-12-30T18:58:58.538Z,olafjkuiper@gmail.com,newsletter,everyone,true
153816633,2024-12-30T18:58:58.545Z,zoewcrews@gmail.com,newsletter,everyone,true
153816633,2024-12-30T18:58:58.557Z,willthomas127@gmail.com,newsletter,everyone,true
153816633,2024-12-30T18:58:58.592Z,Derek.uy@gmail.com,newsletter,everyone,true
153816633,2024-12-30T18:58:58.603Z,scumler19@gmail.com,newsletter,everyone,true
153816633,2024-12-30T18:58:58.627Z,josephekpo@ucsb.edu,newsletter,everyone,true
153816633,2024-12-30T18:58:58.635Z,sebastianjacobs0@gmail.com,newsletter,everyone,true
153816633,2024-12-30T18:58:58.648Z,brodyricci805@gmail.com,newsletter,everyone,true
153816633,2024-12-30T18:58:58.665Z,faigorjaihometv@gmail.com,newsletter,everyone,true
153816633,2024-12-30T18:58:58.668Z,lorimoreplease@gmail.com,newsletter,everyone,true
153816633,2024-12-30T18:58:58.694Z,aidankenney08@gmail.com,newsletter,everyone,true
153816633,2024-12-30T18:58:58.719Z,henryw.2118@gmail.com,newsletter,everyone,true
153816633,2024-12-30T18:58:58.722Z,zfgillingham@gmail.com,newsletter,everyone,true
153816633,2024-12-30T18:58:58.764Z,jamespwilson14@gmail.com,newsletter,everyone,true
153816633,2024-12-30T18:58:58.796Z,vaniapmark@gmail.com,newsletter,everyone,true
153816633,2024-12-30T18:58:58.838Z,aidanhutch7@gmail.com,newsletter,everyone,true
153816633,2024-12-30T18:58:58.924Z,seansantos3000@gmail.com,newsletter,everyone,true
153816633,2024-12-30T18:58:59.025Z,btantchev@yahoo.com,newsletter,everyone,true
153816633,2024-12-30T18:58:59.611Z,drnewmanjacobs@yahoo.com,newsletter,everyone,true
153816633,2024-12-30T18:58:59.657Z,seanand113@gmail.com,newsletter,everyone,true
153816633,2024-12-30T18:58:59.903Z,bgstudioda@gmail.com,newsletter,everyone,true
153816633,2024-12-30T18:59:01.384Z,francisjacobs@icloud.com,newsletter,everyone,true
153816633,2024-12-30T18:59:03.249Z,hayeswu@icloud.com,newsletter,everyone,true
