post_id,timestamp,email,post_type,post_audience,active_subscription
154059464,2025-01-03T16:45:47.329Z,ian.pokorny47@gmail.com,newsletter,everyone,true
154059464,2025-01-03T16:45:47.354Z,kittfricke04@gmail.com,newsletter,everyone,true
154059464,2025-01-03T16:45:47.416Z,brodyricci805@gmail.com,newsletter,everyone,true
154059464,2025-01-03T16:45:47.438Z,vaniapmark@gmail.com,newsletter,everyone,true
154059464,2025-01-03T16:45:47.453Z,zoewcrews@gmail.com,newsletter,everyone,true
154059464,2025-01-03T16:45:47.554Z,seanand113@gmail.com,newsletter,everyone,true
154059464,2025-01-03T16:45:47.772Z,drnewmanjacobs@yahoo.com,newsletter,everyone,true
154059464,2025-01-03T16:45:47.835Z,Derek.uy@gmail.com,newsletter,everyone,true
154059464,2025-01-03T16:45:47.839Z,seansantos3000@gmail.com,newsletter,everyone,true
154059464,2025-01-03T16:45:47.866Z,btantchev@yahoo.com,newsletter,everyone,true
154059464,2025-01-03T16:45:48.245Z,willthomas127@gmail.com,newsletter,everyone,true
154059464,2025-01-03T16:45:48.275Z,lorimoreplease@gmail.com,newsletter,everyone,true
154059464,2025-01-03T16:45:48.303Z,olafjkuiper@gmail.com,newsletter,everyone,true
154059464,2025-01-03T16:45:48.368Z,henryw.2118@gmail.com,newsletter,everyone,true
154059464,2025-01-03T16:45:48.421Z,ptantchev@gmail.com,newsletter,everyone,false
154059464,2025-01-03T16:45:48.443Z,sebastianjacobs0@gmail.com,newsletter,everyone,true
154059464,2025-01-03T16:45:48.454Z,aidanhutch7@gmail.com,newsletter,everyone,true
154059464,2025-01-03T16:45:48.464Z,zfgillingham@gmail.com,newsletter,everyone,true
154059464,2025-01-03T16:45:48.488Z,francisjacobs@icloud.com,newsletter,everyone,true
154059464,2025-01-03T16:45:48.500Z,katherinemansfield13@gmail.com,newsletter,everyone,true
154059464,2025-01-03T16:45:48.568Z,jamespwilson14@gmail.com,newsletter,everyone,true
154059464,2025-01-03T16:45:48.868Z,Eofloisand1@gmail.com,newsletter,everyone,true
154059464,2025-01-03T16:45:48.875Z,griffin.szymoniak@gmail.com,newsletter,everyone,true
154059464,2025-01-03T16:45:48.951Z,bgstudioda@gmail.com,newsletter,everyone,true
154059464,2025-01-03T16:45:48.951Z,josephekpo@ucsb.edu,newsletter,everyone,true
154059464,2025-01-03T16:45:48.992Z,scumler19@gmail.com,newsletter,everyone,true
154059464,2025-01-03T16:45:49.013Z,derekuy@ucsb.edu,newsletter,everyone,true
154059464,2025-01-03T16:45:49.084Z,faigorjaihometv@gmail.com,newsletter,everyone,true
154059464,2025-01-03T16:45:49.783Z,aidankenney08@gmail.com,newsletter,everyone,true
154059464,2025-01-03T16:45:52.553Z,hayeswu@icloud.com,newsletter,everyone,true
