post_id,timestamp,email,post_type,post_audience,active_subscription,country,city,region,device_type,client_os,client_type,user_agent
154340238,2025-01-07T16:03:26.558Z,aidanhutch7@gmail.com,newsletter,everyone,true,US,,,,,,Mozilla/5.0 (Windows NT 5.1; rv:11.0) Gecko Firefox/11.0 (via ggpht.com GoogleImageProxy)
154340238,2025-01-07T16:03:32.960Z,katherinemansfield13@gmail.com,newsletter,everyone,true,US,,,,,,Mozilla/5.0 (Windows NT 5.1; rv:11.0) Gecko Firefox/11.0 (via ggpht.com GoogleImageProxy)
154340238,2025-01-07T16:05:17.714Z,henryw.2118@gmail.com,newsletter,everyone,true,US,,,,,,Mozilla/5.0 (Windows NT 5.1; rv:11.0) Gecko Firefox/11.0 (via ggpht.com GoogleImageProxy)
154340238,2025-01-07T16:12:08.463Z,Eofloisand1@gmail.com,newsletter,everyone,true,US,,,,,,Mozilla/5.0 (Windows NT 5.1; rv:11.0) Gecko Firefox/11.0 (via ggpht.com GoogleImageProxy)
154340238,2025-01-07T16:39:23.738Z,Derek.uy@gmail.com,newsletter,everyone,true,US,,,,,,Mozilla/5.0 (Windows NT 5.1; rv:11.0) Gecko Firefox/11.0 (via ggpht.com GoogleImageProxy)
154340238,2025-01-07T16:39:26.127Z,derekuy@ucsb.edu,newsletter,everyone,true,US,,,,,,Mozilla/5.0 (Windows NT 5.1; rv:11.0) Gecko Firefox/11.0 (via ggpht.com GoogleImageProxy)
154340238,2025-01-07T16:39:29.213Z,brodyricci805@gmail.com,newsletter,everyone,true,US,,,,,,Mozilla/5.0
154340238,2025-01-07T18:21:53.307Z,bgstudioda@gmail.com,newsletter,everyone,true,US,,,,,,Mozilla/5.0 (Windows NT 5.1; rv:11.0) Gecko Firefox/11.0 (via ggpht.com GoogleImageProxy)
154340238,2025-01-07T18:31:40.211Z,bgstudioda@gmail.com,newsletter,everyone,true,US,,,,,,Mozilla/5.0 (Windows NT 5.1; rv:11.0) Gecko Firefox/11.0 (via ggpht.com GoogleImageProxy)
154340238,2025-01-07T18:37:22.888Z,bgstudioda@gmail.com,newsletter,everyone,true,US,,,,,,Mozilla/5.0 (Windows NT 5.1; rv:11.0) Gecko Firefox/11.0 (via ggpht.com GoogleImageProxy)
154340238,2025-01-07T19:17:12.968Z,drnewmanjacobs@yahoo.com,newsletter,everyone,true,US,,,,,,Mozilla/5.0
154340238,2025-01-07T19:58:47.565Z,sebastianjacobs0@gmail.com,newsletter,everyone,true,TH,,,,,,Mozilla/5.0
154340238,2025-01-07T20:30:03.303Z,henryw.2118@gmail.com,newsletter,everyone,true,US,,,,,,Mozilla/5.0 (Windows NT 5.1; rv:11.0) Gecko Firefox/11.0 (via ggpht.com GoogleImageProxy)
154340238,2025-01-07T21:47:13.715Z,lorimoreplease@gmail.com,newsletter,everyone,true,GB,,,,,,Mozilla/5.0
154340238,2025-01-07T22:24:43.552Z,willthomas127@gmail.com,newsletter,everyone,true,US,,,,,,Mozilla/5.0 (Windows NT 5.1; rv:11.0) Gecko Firefox/11.0 (via ggpht.com GoogleImageProxy)
154340238,2025-01-08T00:05:56.574Z,Derek.uy@gmail.com,newsletter,everyone,true,US,,,,,,Mozilla/5.0
154340238,2025-01-08T00:14:14.088Z,olafjkuiper@gmail.com,newsletter,everyone,true,US,,,,,,Mozilla/5.0
154340238,2025-01-08T00:22:51.286Z,hayeswu@icloud.com,newsletter,everyone,true,US,,,,,,Mozilla/5.0
154340238,2025-01-08T02:45:47.262Z,griffin.szymoniak@gmail.com,newsletter,everyone,true,US,,,,,,Mozilla/5.0
154340238,2025-01-08T03:11:47.395Z,ptantchev@gmail.com,newsletter,everyone,false,US,,,,,,Mozilla/5.0
154340238,2025-01-08T03:54:40.376Z,katherinemansfield13@gmail.com,newsletter,everyone,true,US,,,,,,Mozilla/5.0
154340238,2025-01-08T06:43:17.586Z,aidanhutch7@gmail.com,newsletter,everyone,true,US,,,,,,Mozilla/5.0
154340238,2025-01-08T07:50:36.094Z,henryw.2118@gmail.com,newsletter,everyone,true,US,,,,,,Mozilla/5.0
154340238,2025-01-08T08:01:30.239Z,seanand113@gmail.com,newsletter,everyone,true,US,,,,,,Mozilla/5.0
154340238,2025-01-08T15:17:54.204Z,vaniapmark@gmail.com,newsletter,everyone,true,US,,,,,,Mozilla/5.0
154340238,2025-01-08T23:06:39.252Z,francisjacobs@icloud.com,newsletter,everyone,true,US,,,,,,Mozilla/5.0
154340238,2025-01-09T06:35:08.916Z,josephekpo@ucsb.edu,newsletter,everyone,true,NL,,,,,,Mozilla/5.0
154340238,2025-01-09T22:19:16.153Z,henryw.2118@gmail.com,newsletter,everyone,true,US,,,,,,Mozilla/5.0
154340238,2025-01-09T23:25:28.013Z,jamespwilson14@gmail.com,newsletter,everyone,true,US,,,,,,Mozilla/5.0 (Windows NT 5.1; rv:11.0) Gecko Firefox/11.0 (via ggpht.com GoogleImageProxy)
154340238,2025-01-10T04:45:28.086Z,zoewcrews@gmail.com,newsletter,everyone,true,US,,,,,,Mozilla/5.0
154340238,2025-01-12T02:47:41.426Z,olafjkuiper@gmail.com,newsletter,everyone,true,US,,,,,,Mozilla/5.0
154340238,2025-01-14T21:19:22.414Z,drnewmanjacobs@yahoo.com,newsletter,everyone,true,US,,,,,,Mozilla/5.0
154340238,2025-01-14T22:37:52.338Z,henryw.2118@gmail.com,newsletter,everyone,true,US,,,,,,Mozilla/5.0
154340238,2025-01-18T08:22:51.577Z,vaniapmark@gmail.com,newsletter,everyone,true,NL,,,,,,Mozilla/5.0
154340238,2025-01-21T23:17:05.517Z,jamespwilson14@gmail.com,newsletter,everyone,true,NL,,,,,,Mozilla/5.0
154340238,2025-01-24T00:25:19.230Z,brodyricci805@gmail.com,newsletter,everyone,true,US,,,,,,Mozilla/5.0
154340238,2025-02-04T22:31:18.146Z,lorimoreplease@gmail.com,newsletter,everyone,true,GB,,,,,,Mozilla/5.0
