post_id,timestamp,email,post_type,post_audience,active_subscription
154340238,2025-01-07T16:03:01.763Z,brodyricci805@gmail.com,newsletter,everyone,true
154340238,2025-01-07T16:03:01.804Z,Derek.uy@gmail.com,newsletter,everyone,true
154340238,2025-01-07T16:03:01.812Z,seanand113@gmail.com,newsletter,everyone,true
154340238,2025-01-07T16:03:01.919Z,ian.pokorny47@gmail.com,newsletter,everyone,true
154340238,2025-01-07T16:03:01.934Z,sebastianjacobs0@gmail.com,newsletter,everyone,true
154340238,2025-01-07T16:03:01.974Z,willthomas127@gmail.com,newsletter,everyone,true
154340238,2025-01-07T16:03:01.980Z,Eofloisand1@gmail.com,newsletter,everyone,true
154340238,2025-01-07T16:03:01.983Z,katherinemansfield13@gmail.com,newsletter,everyone,true
154340238,2025-01-07T16:03:01.986Z,seansantos3000@gmail.com,newsletter,everyone,true
154340238,2025-01-07T16:03:02.057Z,henryw.2118@gmail.com,newsletter,everyone,true
154340238,2025-01-07T16:03:02.072Z,vaniapmark@gmail.com,newsletter,everyone,true
154340238,2025-01-07T16:03:02.084Z,zoewcrews@gmail.com,newsletter,everyone,true
154340238,2025-01-07T16:03:02.120Z,jamespwilson14@gmail.com,newsletter,everyone,true
154340238,2025-01-07T16:03:02.154Z,kittfricke04@gmail.com,newsletter,everyone,true
154340238,2025-01-07T16:03:02.247Z,faigorjaihometv@gmail.com,newsletter,everyone,true
154340238,2025-01-07T16:03:02.262Z,scumler19@gmail.com,newsletter,everyone,true
154340238,2025-01-07T16:03:02.332Z,olafjkuiper@gmail.com,newsletter,everyone,true
154340238,2025-01-07T16:03:02.361Z,lorimoreplease@gmail.com,newsletter,everyone,true
154340238,2025-01-07T16:03:02.362Z,btantchev@yahoo.com,newsletter,everyone,true
154340238,2025-01-07T16:03:02.397Z,griffin.szymoniak@gmail.com,newsletter,everyone,true
154340238,2025-01-07T16:03:02.423Z,aidankenney08@gmail.com,newsletter,everyone,true
154340238,2025-01-07T16:03:02.506Z,drnewmanjacobs@yahoo.com,newsletter,everyone,true
154340238,2025-01-07T16:03:02.507Z,aidanhutch7@gmail.com,newsletter,everyone,true
154340238,2025-01-07T16:03:02.509Z,derekuy@ucsb.edu,newsletter,everyone,true
154340238,2025-01-07T16:03:02.565Z,ptantchev@gmail.com,newsletter,everyone,false
154340238,2025-01-07T16:03:02.692Z,zfgillingham@gmail.com,newsletter,everyone,true
154340238,2025-01-07T16:03:02.762Z,bgstudioda@gmail.com,newsletter,everyone,true
154340238,2025-01-07T16:03:05.141Z,josephekpo@ucsb.edu,newsletter,everyone,true
154340238,2025-01-07T16:03:08.546Z,hayeswu@icloud.com,newsletter,everyone,true
154340238,2025-01-07T16:03:09.306Z,francisjacobs@icloud.com,newsletter,everyone,true
