post_id,timestamp,email,post_type,post_audience,active_subscription
154384937,2025-01-08T17:16:02.485Z,katherinemansfield13@gmail.com,newsletter,everyone,true
154384937,2025-01-08T17:16:02.744Z,ptantchev@gmail.com,newsletter,everyone,false
154384937,2025-01-08T17:16:02.797Z,seanand113@gmail.com,newsletter,everyone,true
154384937,2025-01-08T17:16:02.877Z,lorimoreplease@gmail.com,newsletter,everyone,true
154384937,2025-01-08T17:16:02.929Z,vaniapmark@gmail.com,newsletter,everyone,true
154384937,2025-01-08T17:16:02.945Z,zoewcrews@gmail.com,newsletter,everyone,true
154384937,2025-01-08T17:16:03.022Z,brodyricci805@gmail.com,newsletter,everyone,true
154384937,2025-01-08T17:16:03.036Z,seansantos3000@gmail.com,newsletter,everyone,true
154384937,2025-01-08T17:16:03.059Z,Derek.uy@gmail.com,newsletter,everyone,true
154384937,2025-01-08T17:16:03.579Z,kittfricke04@gmail.com,newsletter,everyone,true
154384937,2025-01-08T17:16:03.621Z,ian.pokorny47@gmail.com,newsletter,everyone,true
154384937,2025-01-08T17:16:04.025Z,griffin.szymoniak@gmail.com,newsletter,everyone,true
154384937,2025-01-08T17:16:04.084Z,drnewmanjacobs@yahoo.com,newsletter,everyone,true
154384937,2025-01-08T17:16:04.112Z,bgstudioda@gmail.com,newsletter,everyone,true
154384937,2025-01-08T17:16:04.125Z,btantchev@yahoo.com,newsletter,everyone,true
154384937,2025-01-08T17:16:04.173Z,henryw.2118@gmail.com,newsletter,everyone,true
154384937,2025-01-08T17:16:04.221Z,jamespwilson14@gmail.com,newsletter,everyone,true
154384937,2025-01-08T17:16:04.350Z,zfgillingham@gmail.com,newsletter,everyone,true
154384937,2025-01-08T17:16:04.396Z,willthomas127@gmail.com,newsletter,everyone,true
154384937,2025-01-08T17:16:04.463Z,olafjkuiper@gmail.com,newsletter,everyone,true
154384937,2025-01-08T17:16:04.481Z,josephekpo@ucsb.edu,newsletter,everyone,true
154384937,2025-01-08T17:16:04.679Z,faigorjaihometv@gmail.com,newsletter,everyone,true
154384937,2025-01-08T17:16:04.745Z,Eofloisand1@gmail.com,newsletter,everyone,true
154384937,2025-01-08T17:16:04.765Z,aidankenney08@gmail.com,newsletter,everyone,true
154384937,2025-01-08T17:16:04.816Z,derekuy@ucsb.edu,newsletter,everyone,true
154384937,2025-01-08T17:16:04.869Z,aidanhutch7@gmail.com,newsletter,everyone,true
154384937,2025-01-08T17:16:04.988Z,sebastianjacobs0@gmail.com,newsletter,everyone,true
154384937,2025-01-08T17:16:05.150Z,hayeswu@icloud.com,newsletter,everyone,true
154384937,2025-01-08T17:16:05.333Z,scumler19@gmail.com,newsletter,everyone,true
154384937,2025-01-08T17:16:09.319Z,francisjacobs@icloud.com,newsletter,everyone,true
