post_id,timestamp,email,post_type,post_audience,active_subscription,country,city,region,device_type,client_os,client_type,user_agent
154384937,2025-01-08T17:16:35.212Z,kittfricke04@gmail.com,newsletter,everyone,true,US,,,,,,Mozilla/5.0 (Windows NT 5.1; rv:11.0) Gecko Firefox/11.0 (via ggpht.com GoogleImageProxy)
154384937,2025-01-08T17:16:36.807Z,Eofloisand1@gmail.com,newsletter,everyone,true,US,,,,,,Mozilla/5.0 (Windows NT 5.1; rv:11.0) Gecko Firefox/11.0 (via ggpht.com GoogleImageProxy)
154384937,2025-01-08T17:21:48.107Z,aidanhutch7@gmail.com,newsletter,everyone,true,US,,,,,,Mozilla/5.0 (Windows NT 5.1; rv:11.0) Gecko Firefox/11.0 (via ggpht.com GoogleImageProxy)
154384937,2025-01-08T17:25:41.079Z,francisjacobs@icloud.com,newsletter,everyone,true,US,,,,,,Mozilla/5.0
154384937,2025-01-08T17:30:19.409Z,francisjacobs@icloud.com,newsletter,everyone,true,US,,,,,,Mozilla/4.0 (compatible; ms-office; MSOffice 16)
154384937,2025-01-08T17:38:38.851Z,josephekpo@ucsb.edu,newsletter,everyone,true,US,,,,,,Mozilla/5.0 (Windows NT 5.1; rv:11.0) Gecko Firefox/11.0 (via ggpht.com GoogleImageProxy)
154384937,2025-01-08T17:47:37.887Z,drnewmanjacobs@yahoo.com,newsletter,everyone,true,US,,,,,,Mozilla/5.0
154384937,2025-01-08T17:55:31.955Z,sebastianjacobs0@gmail.com,newsletter,everyone,true,US,,,,,,Mozilla/5.0
154384937,2025-01-08T18:02:16.461Z,aidanhutch7@gmail.com,newsletter,everyone,true,US,,,,,,Mozilla/5.0 (Windows NT 5.1; rv:11.0) Gecko Firefox/11.0 (via ggpht.com GoogleImageProxy)
154384937,2025-01-08T18:05:51.605Z,derekuy@ucsb.edu,newsletter,everyone,true,US,,,,,,Mozilla/5.0 (Windows NT 5.1; rv:11.0) Gecko Firefox/11.0 (via ggpht.com GoogleImageProxy)
154384937,2025-01-08T18:15:53.813Z,derekuy@ucsb.edu,newsletter,everyone,true,US,,,,,,Mozilla/5.0 (Windows NT 5.1; rv:11.0) Gecko Firefox/11.0 (via ggpht.com GoogleImageProxy)
154384937,2025-01-08T18:27:31.714Z,katherinemansfield13@gmail.com,newsletter,everyone,true,US,,,,,,Mozilla/5.0 (Windows NT 5.1; rv:11.0) Gecko Firefox/11.0 (via ggpht.com GoogleImageProxy)
154384937,2025-01-08T18:47:12.298Z,derekuy@ucsb.edu,newsletter,everyone,true,US,,,,,,Mozilla/5.0 (Windows NT 5.1; rv:11.0) Gecko Firefox/11.0 (via ggpht.com GoogleImageProxy)
154384937,2025-01-08T18:49:53.259Z,Derek.uy@gmail.com,newsletter,everyone,true,US,,,,,,Mozilla/5.0 (Windows NT 5.1; rv:11.0) Gecko Firefox/11.0 (via ggpht.com GoogleImageProxy)
154384937,2025-01-08T18:55:48.995Z,josephekpo@ucsb.edu,newsletter,everyone,true,US,,,,,,Mozilla/5.0
154384937,2025-01-08T18:57:20.843Z,henryw.2118@gmail.com,newsletter,everyone,true,NL,,,,,,Mozilla/5.0
154384937,2025-01-08T19:06:18.426Z,Eofloisand1@gmail.com,newsletter,everyone,true,US,,,,,,Mozilla/5.0 (Windows NT 5.1; rv:11.0) Gecko Firefox/11.0 (via ggpht.com GoogleImageProxy)
154384937,2025-01-08T20:09:18.613Z,brodyricci805@gmail.com,newsletter,everyone,true,US,,,,,,Mozilla/5.0
154384937,2025-01-08T20:40:29.950Z,josephekpo@ucsb.edu,newsletter,everyone,true,US,,,,,,Mozilla/5.0 (Windows NT 5.1; rv:11.0) Gecko Firefox/11.0 (via ggpht.com GoogleImageProxy)
154384937,2025-01-08T21:22:39.904Z,ptantchev@gmail.com,newsletter,everyone,false,US,,,,,,Mozilla/5.0
154384937,2025-01-08T21:43:05.515Z,lorimoreplease@gmail.com,newsletter,everyone,true,GB,,,,,,Mozilla/5.0
154384937,2025-01-08T21:48:28.116Z,olafjkuiper@gmail.com,newsletter,everyone,true,US,,,,,,Mozilla/5.0
154384937,2025-01-08T22:16:42.520Z,Derek.uy@gmail.com,newsletter,everyone,true,NL,,,,,,Mozilla/5.0
154384937,2025-01-08T23:29:06.179Z,francisjacobs@icloud.com,newsletter,everyone,true,US,,,,,,Mozilla/5.0
154384937,2025-01-08T23:29:52.790Z,hayeswu@icloud.com,newsletter,everyone,true,US,,,,,,Mozilla/5.0
154384937,2025-01-09T04:08:44.201Z,olafjkuiper@gmail.com,newsletter,everyone,true,US,,,,,,Mozilla/5.0 (Windows NT 5.1; rv:11.0) Gecko Firefox/11.0 (via ggpht.com GoogleImageProxy)
154384937,2025-01-09T04:34:16.611Z,aidanhutch7@gmail.com,newsletter,everyone,true,US,,,,,,Mozilla/5.0
154384937,2025-01-09T06:51:18.881Z,griffin.szymoniak@gmail.com,newsletter,everyone,true,US,,,,,,Mozilla/5.0
154384937,2025-01-09T09:19:54.526Z,seanand113@gmail.com,newsletter,everyone,true,US,,,,,,Mozilla/5.0
154384937,2025-01-09T09:56:49.846Z,lorimoreplease@gmail.com,newsletter,everyone,true,GB,,,,,,Mozilla/5.0
154384937,2025-01-09T17:41:18.676Z,katherinemansfield13@gmail.com,newsletter,everyone,true,US,,,,,,Mozilla/5.0
154384937,2025-01-09T22:19:16.153Z,henryw.2118@gmail.com,newsletter,everyone,true,US,,,,,,Mozilla/5.0
154384937,2025-01-09T23:25:09.837Z,jamespwilson14@gmail.com,newsletter,everyone,true,US,,,,,,Mozilla/5.0 (Windows NT 5.1; rv:11.0) Gecko Firefox/11.0 (via ggpht.com GoogleImageProxy)
154384937,2025-01-10T00:43:24.739Z,henryw.2118@gmail.com,newsletter,everyone,true,US,,,,,,Mozilla/5.0
154384937,2025-01-11T00:28:14.506Z,willthomas127@gmail.com,newsletter,everyone,true,US,,,,,,Mozilla/5.0 (Windows NT 5.1; rv:11.0) Gecko Firefox/11.0 (via ggpht.com GoogleImageProxy)
154384937,2025-01-12T02:47:41.425Z,olafjkuiper@gmail.com,newsletter,everyone,true,US,,,,,,Mozilla/5.0
154384937,2025-01-12T09:05:57.057Z,zoewcrews@gmail.com,newsletter,everyone,true,NL,,,,,,Mozilla/5.0
154384937,2025-01-14T21:38:40.288Z,drnewmanjacobs@yahoo.com,newsletter,everyone,true,NL,,,,,,Mozilla/5.0
154384937,2025-01-18T08:22:51.575Z,vaniapmark@gmail.com,newsletter,everyone,true,NL,,,,,,Mozilla/5.0
154384937,2025-01-22T00:38:40.183Z,jamespwilson14@gmail.com,newsletter,everyone,true,US,,,,,,Mozilla/5.0
154384937,2025-01-24T00:04:32.778Z,brodyricci805@gmail.com,newsletter,everyone,true,US,,,,,,Mozilla/5.0
