post_id,timestamp,email,post_type,post_audience,active_subscription,country,city,region,device_type,client_os,client_type,user_agent
154308394,2025-01-07T02:36:38.733Z,katherinemansfield13@gmail.com,newsletter,everyone,true,US,,,,,,Mozilla/5.0 (Windows NT 5.1; rv:11.0) Gecko Firefox/11.0 (via ggpht.com GoogleImageProxy)
154308394,2025-01-07T02:36:40.499Z,katherinemansfield13@gmail.com,newsletter,everyone,true,US,,,,,,Mozilla/5.0 (Windows NT 5.1; rv:11.0) Gecko Firefox/11.0 (via ggpht.com GoogleImageProxy)
154308394,2025-01-07T02:44:28.326Z,lorimoreplease@gmail.com,newsletter,everyone,true,GB,,,,,,Mozilla/5.0
154308394,2025-01-07T03:53:04.444Z,ian.pokorny47@gmail.com,newsletter,everyone,true,US,,,,,,Mozilla/5.0 (Windows NT 5.1; rv:11.0) Gecko Firefox/11.0 (via ggpht.com GoogleImageProxy)
154308394,2025-01-07T05:20:59.409Z,sebastianjacobs0@gmail.com,newsletter,everyone,true,US,,,,,,Mozilla/5.0
154308394,2025-01-07T06:34:52.761Z,josephekpo@ucsb.edu,newsletter,everyone,true,US,,,,,,Mozilla/5.0
154308394,2025-01-07T07:33:13.284Z,griffin.szymoniak@gmail.com,newsletter,everyone,true,US,,,,,,Mozilla/5.0
154308394,2025-01-07T08:56:48.097Z,katherinemansfield13@gmail.com,newsletter,everyone,true,US,,,,,,Mozilla/5.0
154308394,2025-01-07T09:15:27.035Z,henryw.2118@gmail.com,newsletter,everyone,true,US,,,,,,Mozilla/5.0
154308394,2025-01-07T11:08:15.596Z,brodyricci805@gmail.com,newsletter,everyone,true,US,,,,,,Mozilla/5.0
154308394,2025-01-07T15:38:25.237Z,ptantchev@gmail.com,newsletter,everyone,false,US,,,,,,Mozilla/5.0
154308394,2025-01-07T16:39:33.974Z,derekuy@ucsb.edu,newsletter,everyone,true,US,,,,,,Mozilla/5.0 (Windows NT 5.1; rv:11.0) Gecko Firefox/11.0 (via ggpht.com GoogleImageProxy)
154308394,2025-01-07T16:46:59.324Z,vaniapmark@gmail.com,newsletter,everyone,true,US,,,,,,Mozilla/5.0
154308394,2025-01-07T17:25:35.070Z,seanand113@gmail.com,newsletter,everyone,true,US,,,,,,Mozilla/5.0
154308394,2025-01-07T19:17:12.967Z,drnewmanjacobs@yahoo.com,newsletter,everyone,true,US,,,,,,Mozilla/5.0
154308394,2025-01-07T22:16:46.267Z,Derek.uy@gmail.com,newsletter,everyone,true,US,,,,,,Mozilla/5.0 (Windows NT 5.1; rv:11.0) Gecko Firefox/11.0 (via ggpht.com GoogleImageProxy)
154308394,2025-01-08T00:14:14.087Z,olafjkuiper@gmail.com,newsletter,everyone,true,US,,,,,,Mozilla/5.0
154308394,2025-01-08T00:22:51.287Z,hayeswu@icloud.com,newsletter,everyone,true,US,,,,,,Mozilla/5.0
154308394,2025-01-08T06:43:17.585Z,aidanhutch7@gmail.com,newsletter,everyone,true,US,,,,,,Mozilla/5.0
154308394,2025-01-08T22:16:42.519Z,Derek.uy@gmail.com,newsletter,everyone,true,NL,,,,,,Mozilla/5.0
154308394,2025-01-08T22:27:53.052Z,francisjacobs@icloud.com,newsletter,everyone,true,US,,,,,,Mozilla/5.0
154308394,2025-01-09T22:19:16.152Z,henryw.2118@gmail.com,newsletter,everyone,true,US,,,,,,Mozilla/5.0
154308394,2025-01-10T04:45:28.087Z,zoewcrews@gmail.com,newsletter,everyone,true,US,,,,,,Mozilla/5.0
154308394,2025-01-12T02:47:41.425Z,olafjkuiper@gmail.com,newsletter,everyone,true,US,,,,,,Mozilla/5.0
154308394,2025-01-14T21:19:20.868Z,drnewmanjacobs@yahoo.com,newsletter,everyone,true,US,,,,,,Mozilla/5.0
154308394,2025-01-14T22:37:52.338Z,henryw.2118@gmail.com,newsletter,everyone,true,US,,,,,,Mozilla/5.0
154308394,2025-01-21T23:17:05.513Z,jamespwilson14@gmail.com,newsletter,everyone,true,NL,,,,,,Mozilla/5.0
154308394,2025-01-24T00:25:19.231Z,brodyricci805@gmail.com,newsletter,everyone,true,US,,,,,,Mozilla/5.0
