post_id,timestamp,email,post_type,post_audience,active_subscription
154308394,2025-01-07T02:06:03.486Z,brodyricci805@gmail.com,newsletter,everyone,true
154308394,2025-01-07T02:06:03.515Z,ian.pokorny47@gmail.com,newsletter,everyone,true
154308394,2025-01-07T02:06:03.539Z,seanand113@gmail.com,newsletter,everyone,true
154308394,2025-01-07T02:06:03.573Z,willthomas127@gmail.com,newsletter,everyone,true
154308394,2025-01-07T02:06:03.579Z,josephekpo@ucsb.edu,newsletter,everyone,true
154308394,2025-01-07T02:06:03.600Z,zoewcrews@gmail.com,newsletter,everyone,true
154308394,2025-01-07T02:06:03.609Z,seansantos3000@gmail.com,newsletter,everyone,true
154308394,2025-01-07T02:06:03.634Z,Eofloisand1@gmail.com,newsletter,everyone,true
154308394,2025-01-07T02:06:03.645Z,lorimoreplease@gmail.com,newsletter,everyone,true
154308394,2025-01-07T02:06:03.651Z,derekuy@ucsb.edu,newsletter,everyone,true
154308394,2025-01-07T02:06:03.661Z,aidanhutch7@gmail.com,newsletter,everyone,true
154308394,2025-01-07T02:06:03.733Z,aidankenney08@gmail.com,newsletter,everyone,true
154308394,2025-01-07T02:06:03.746Z,sebastianjacobs0@gmail.com,newsletter,everyone,true
154308394,2025-01-07T02:06:03.746Z,zfgillingham@gmail.com,newsletter,everyone,true
154308394,2025-01-07T02:06:03.820Z,vaniapmark@gmail.com,newsletter,everyone,true
154308394,2025-01-07T02:06:03.913Z,bgstudioda@gmail.com,newsletter,everyone,true
154308394,2025-01-07T02:06:03.969Z,drnewmanjacobs@yahoo.com,newsletter,everyone,true
154308394,2025-01-07T02:06:04.055Z,jamespwilson14@gmail.com,newsletter,everyone,true
154308394,2025-01-07T02:06:04.123Z,Derek.uy@gmail.com,newsletter,everyone,true
154308394,2025-01-07T02:06:04.175Z,griffin.szymoniak@gmail.com,newsletter,everyone,true
154308394,2025-01-07T02:06:04.201Z,olafjkuiper@gmail.com,newsletter,everyone,true
154308394,2025-01-07T02:06:04.207Z,btantchev@yahoo.com,newsletter,everyone,true
154308394,2025-01-07T02:06:04.270Z,kittfricke04@gmail.com,newsletter,everyone,true
154308394,2025-01-07T02:06:04.291Z,henryw.2118@gmail.com,newsletter,everyone,true
154308394,2025-01-07T02:06:04.309Z,katherinemansfield13@gmail.com,newsletter,everyone,true
154308394,2025-01-07T02:06:04.406Z,ptantchev@gmail.com,newsletter,everyone,false
154308394,2025-01-07T02:06:04.443Z,faigorjaihometv@gmail.com,newsletter,everyone,true
154308394,2025-01-07T02:06:04.498Z,scumler19@gmail.com,newsletter,everyone,true
154308394,2025-01-07T02:06:05.326Z,francisjacobs@icloud.com,newsletter,everyone,true
154308394,2025-01-07T02:06:06.531Z,hayeswu@icloud.com,newsletter,everyone,true
