post_id,timestamp,email,post_type,post_audience,active_subscription
154848987,2025-01-14T20:58:58.789Z,seanand113@gmail.com,newsletter,everyone,true
154848987,2025-01-14T20:58:58.791Z,drnewmanjacobs@yahoo.com,newsletter,everyone,true
154848987,2025-01-14T20:58:58.807Z,kittfricke04@gmail.com,newsletter,everyone,true
154848987,2025-01-14T20:58:58.811Z,diana.hardin@outlook.com,newsletter,everyone,true
154848987,2025-01-14T20:58:58.877Z,Derek.uy@gmail.com,newsletter,everyone,true
154848987,2025-01-14T20:58:58.916Z,seansantos3000@gmail.com,newsletter,everyone,true
154848987,2025-01-14T20:58:59.056Z,lorimoreplease@gmail.com,newsletter,everyone,true
154848987,2025-01-14T20:58:59.166Z,ptantchev@gmail.com,newsletter,everyone,false
154848987,2025-01-14T20:58:59.214Z,griffin.szymoniak@gmail.com,newsletter,everyone,true
154848987,2025-01-14T20:58:59.219Z,willthomas127@gmail.com,newsletter,everyone,true
154848987,2025-01-14T20:58:59.230Z,aidankenney08@gmail.com,newsletter,everyone,true
154848987,2025-01-14T20:58:59.237Z,vaniapmark@gmail.com,newsletter,everyone,true
154848987,2025-01-14T20:58:59.264Z,btantchev@yahoo.com,newsletter,everyone,true
154848987,2025-01-14T20:58:59.282Z,josephekpo@ucsb.edu,newsletter,everyone,true
154848987,2025-01-14T20:58:59.286Z,derekuy@ucsb.edu,newsletter,everyone,true
154848987,2025-01-14T20:58:59.303Z,Eofloisand1@gmail.com,newsletter,everyone,true
154848987,2025-01-14T20:58:59.361Z,olafjkuiper@gmail.com,newsletter,everyone,true
154848987,2025-01-14T20:58:59.402Z,jamespwilson14@gmail.com,newsletter,everyone,true
154848987,2025-01-14T20:58:59.411Z,ian.pokorny47@gmail.com,newsletter,everyone,true
154848987,2025-01-14T20:58:59.417Z,katherinemansfield13@gmail.com,newsletter,everyone,true
154848987,2025-01-14T20:58:59.417Z,aidanhutch7@gmail.com,newsletter,everyone,true
154848987,2025-01-14T20:58:59.478Z,henryw.2118@gmail.com,newsletter,everyone,true
154848987,2025-01-14T20:58:59.483Z,bgstudioda@gmail.com,newsletter,everyone,true
154848987,2025-01-14T20:58:59.584Z,sebastianjacobs0@gmail.com,newsletter,everyone,true
154848987,2025-01-14T20:58:59.646Z,brodyricci805@gmail.com,newsletter,everyone,true
154848987,2025-01-14T20:59:00.348Z,zoewcrews@gmail.com,newsletter,everyone,true
154848987,2025-01-14T20:59:00.542Z,faigorjaihometv@gmail.com,newsletter,everyone,true
154848987,2025-01-14T20:59:00.560Z,zfgillingham@gmail.com,newsletter,everyone,true
154848987,2025-01-14T20:59:04.947Z,francisjacobs@icloud.com,newsletter,everyone,true
154848987,2025-01-14T20:59:05.847Z,hayeswu@icloud.com,newsletter,everyone,true
