post_id,timestamp,email,post_type,post_audience,active_subscription,country,city,region,device_type,client_os,client_type,user_agent
154848987,2025-01-14T20:59:18.667Z,henryw.2118@gmail.com,newsletter,everyone,true,US,,,,,,Mozilla/5.0
154848987,2025-01-14T20:59:19.019Z,aidanhutch7@gmail.com,newsletter,everyone,true,US,,,,,,Mozilla/5.0 (Windows NT 5.1; rv:11.0) Gecko Firefox/11.0 (via ggpht.com GoogleImageProxy)
154848987,2025-01-14T20:59:23.827Z,diana.hardin@outlook.com,newsletter,everyone,true,US,,,,,,"Mozilla/5.0 (Windows NT 10.0; Win64; x64) AppleWebKit/537.36 (KHTML, like Gecko) Chrome/109.0.0.0 Safari/537.36"
154848987,2025-01-14T20:59:39.565Z,Eofloisand1@gmail.com,newsletter,everyone,true,US,,,,,,Mozilla/5.0 (Windows NT 5.1; rv:11.0) Gecko Firefox/11.0 (via ggpht.com GoogleImageProxy)
154848987,2025-01-14T21:01:41.519Z,ptantchev@gmail.com,newsletter,everyone,false,US,,,,,,Mozilla/5.0 (Windows NT 5.1; rv:11.0) Gecko Firefox/11.0 (via ggpht.com GoogleImageProxy)
154848987,2025-01-14T21:01:46.305Z,derekuy@ucsb.edu,newsletter,everyone,true,US,,,,,,Mozilla/5.0 (Windows NT 5.1; rv:11.0) Gecko Firefox/11.0 (via ggpht.com GoogleImageProxy)
154848987,2025-01-14T21:11:51.974Z,katherinemansfield13@gmail.com,newsletter,everyone,true,US,,,,,,Mozilla/5.0 (Windows NT 5.1; rv:11.0) Gecko Firefox/11.0 (via ggpht.com GoogleImageProxy)
154848987,2025-01-14T21:25:47.642Z,derekuy@ucsb.edu,newsletter,everyone,true,US,,,,,,Mozilla/5.0 (Windows NT 5.1; rv:11.0) Gecko Firefox/11.0 (via ggpht.com GoogleImageProxy)
154848987,2025-01-14T21:27:08.276Z,vaniapmark@gmail.com,newsletter,everyone,true,US,,,,,,Mozilla/5.0
154848987,2025-01-14T22:04:58.594Z,lorimoreplease@gmail.com,newsletter,everyone,true,GB,,,,,,Mozilla/5.0
154848987,2025-01-14T22:30:49.246Z,drnewmanjacobs@yahoo.com,newsletter,everyone,true,NL,,,,,,Mozilla/5.0
154848987,2025-01-14T23:15:58.194Z,sebastianjacobs0@gmail.com,newsletter,everyone,true,US,,,,,,Mozilla/5.0
154848987,2025-01-14T23:35:31.049Z,henryw.2118@gmail.com,newsletter,everyone,true,US,,,,,,Mozilla/5.0 (Windows NT 5.1; rv:11.0) Gecko Firefox/11.0 (via ggpht.com GoogleImageProxy)
154848987,2025-01-15T00:26:18.248Z,katherinemansfield13@gmail.com,newsletter,everyone,true,US,,,,,,Mozilla/5.0 (Windows NT 5.1; rv:11.0) Gecko Firefox/11.0 (via ggpht.com GoogleImageProxy)
154848987,2025-01-15T01:35:58.384Z,katherinemansfield13@gmail.com,newsletter,everyone,true,US,,,,,,Mozilla/5.0
154848987,2025-01-15T02:25:53.289Z,olafjkuiper@gmail.com,newsletter,everyone,true,US,,,,,,Mozilla/5.0
154848987,2025-01-15T03:30:28.766Z,francisjacobs@icloud.com,newsletter,everyone,true,US,,,,,,Mozilla/5.0
154848987,2025-01-15T04:46:26.353Z,zoewcrews@gmail.com,newsletter,everyone,true,US,,,,,,Mozilla/5.0
154848987,2025-01-15T04:52:58.138Z,griffin.szymoniak@gmail.com,newsletter,everyone,true,US,,,,,,Mozilla/5.0
154848987,2025-01-15T06:15:32.245Z,henryw.2118@gmail.com,newsletter,everyone,true,NL,,,,,,Mozilla/5.0
154848987,2025-01-15T07:36:04.762Z,brodyricci805@gmail.com,newsletter,everyone,true,US,,,,,,Mozilla/5.0
154848987,2025-01-15T07:52:30.780Z,bgstudioda@gmail.com,newsletter,everyone,true,US,,,,,,Mozilla/5.0 (Windows NT 5.1; rv:11.0) Gecko Firefox/11.0 (via ggpht.com GoogleImageProxy)
154848987,2025-01-15T20:01:47.024Z,hayeswu@icloud.com,newsletter,everyone,true,US,,,,,,Mozilla/5.0
154848987,2025-01-16T02:02:31.572Z,ptantchev@gmail.com,newsletter,everyone,false,US,,,,,,Mozilla/5.0
154848987,2025-01-16T08:15:57.007Z,willthomas127@gmail.com,newsletter,everyone,true,US,,,,,,Mozilla/5.0 (Windows NT 5.1; rv:11.0) Gecko Firefox/11.0 (via ggpht.com GoogleImageProxy)
154848987,2025-01-16T10:26:13.092Z,Derek.uy@gmail.com,newsletter,everyone,true,US,,,,,,Mozilla/5.0
154848987,2025-01-18T03:56:28.117Z,vaniapmark@gmail.com,newsletter,everyone,true,US,,,,,,Mozilla/5.0
154848987,2025-01-18T20:04:38.455Z,josephekpo@ucsb.edu,newsletter,everyone,true,NL,,,,,,Mozilla/5.0
154848987,2025-01-21T00:52:43.811Z,drnewmanjacobs@yahoo.com,newsletter,everyone,true,US,,,,,,Mozilla/5.0
154848987,2025-01-22T00:38:42.678Z,jamespwilson14@gmail.com,newsletter,everyone,true,US,,,,,,Mozilla/5.0
154848987,2025-01-27T03:55:31.946Z,olafjkuiper@gmail.com,newsletter,everyone,true,US,,,,,,Mozilla/5.0
154848987,2025-02-02T23:23:19.532Z,henryw.2118@gmail.com,newsletter,everyone,true,US,,,,,,Mozilla/5.0
154848987,2025-02-04T22:31:18.145Z,lorimoreplease@gmail.com,newsletter,everyone,true,GB,,,,,,Mozilla/5.0
154848987,2025-02-07T13:40:04.530Z,griffin.szymoniak@gmail.com,newsletter,everyone,true,US,,,,,,Mozilla/5.0
154848987,2025-02-11T03:01:16.829Z,drnewmanjacobs@yahoo.com,newsletter,everyone,true,NL,,,,,,Mozilla/5.0
