post_id,timestamp,email,post_type,post_audience,active_subscription,country,city,region,device_type,client_os,client_type,user_agent
154899923,2025-01-15T17:49:02.648Z,btantchev@yahoo.com,newsletter,everyone,true,US,,,,,,YahooMailProxy; https://help.yahoo.com/kb/yahoo-mail-proxy-SLN28749.html
154899923,2025-01-15T17:52:09.950Z,kittfricke04@gmail.com,newsletter,everyone,true,US,,,,,,Mozilla/5.0 (Windows NT 5.1; rv:11.0) Gecko Firefox/11.0 (via ggpht.com GoogleImageProxy)
154899923,2025-01-15T18:04:38.952Z,griffin.szymoniak@gmail.com,newsletter,everyone,true,US,,,,,,Mozilla/5.0 (Windows NT 5.1; rv:11.0) Gecko Firefox/11.0 (via ggpht.com GoogleImageProxy)
154899923,2025-01-15T18:57:37.996Z,ptantchev@gmail.com,newsletter,everyone,false,US,,,,,,Mozilla/5.0 (Windows NT 5.1; rv:11.0) Gecko Firefox/11.0 (via ggpht.com GoogleImageProxy)
154899923,2025-01-15T19:16:06.232Z,bgstudioda@gmail.com,newsletter,everyone,true,US,,,,,,Mozilla/5.0 (Windows NT 5.1; rv:11.0) Gecko Firefox/11.0 (via ggpht.com GoogleImageProxy)
154899923,2025-01-15T19:39:27.942Z,ian.pokorny47@gmail.com,newsletter,everyone,true,US,,,,,,Mozilla/5.0 (Windows NT 5.1; rv:11.0) Gecko Firefox/11.0 (via ggpht.com GoogleImageProxy)
154899923,2025-01-15T19:49:12.926Z,henryw.2118@gmail.com,newsletter,everyone,true,US,,,,,,Mozilla/5.0
154899923,2025-01-15T20:01:47.022Z,hayeswu@icloud.com,newsletter,everyone,true,US,,,,,,Mozilla/5.0
154899923,2025-01-15T20:31:49.968Z,sebastianjacobs0@gmail.com,newsletter,everyone,true,US,,,,,,Mozilla/5.0
154899923,2025-01-15T21:04:14.917Z,olafjkuiper@gmail.com,newsletter,everyone,true,US,,,,,,Mozilla/5.0
154899923,2025-01-15T21:23:55.213Z,vaniapmark@gmail.com,newsletter,everyone,true,US,,,,,,Mozilla/5.0
154899923,2025-01-15T22:00:23.823Z,lorimoreplease@gmail.com,newsletter,everyone,true,GB,,,,,,Mozilla/5.0
154899923,2025-01-15T22:01:15.286Z,katherinemansfield13@gmail.com,newsletter,everyone,true,US,,,,,,Mozilla/5.0
154899923,2025-01-15T22:51:53.674Z,willthomas127@gmail.com,newsletter,everyone,true,US,,,,,,Mozilla/5.0 (Windows NT 5.1; rv:11.0) Gecko Firefox/11.0 (via ggpht.com GoogleImageProxy)
154899923,2025-01-16T00:47:38.925Z,brodyricci805@gmail.com,newsletter,everyone,true,US,,,,,,Mozilla/5.0
154899923,2025-01-16T02:02:31.574Z,ptantchev@gmail.com,newsletter,everyone,false,US,,,,,,Mozilla/5.0
154899923,2025-01-16T02:36:51.613Z,derekuy@ucsb.edu,newsletter,everyone,true,US,,,,,,Mozilla/5.0 (Windows NT 5.1; rv:11.0) Gecko Firefox/11.0 (via ggpht.com GoogleImageProxy)
154899923,2025-01-16T05:51:40.438Z,aidanhutch7@gmail.com,newsletter,everyone,true,US,,,,,,Mozilla/5.0
154899923,2025-01-16T05:57:20.672Z,griffin.szymoniak@gmail.com,newsletter,everyone,true,NL,,,,,,Mozilla/5.0
154899923,2025-01-16T05:58:41.165Z,drnewmanjacobs@yahoo.com,newsletter,everyone,true,NL,,,,,,Mozilla/5.0
154899923,2025-01-16T08:15:54.102Z,willthomas127@gmail.com,newsletter,everyone,true,US,,,,,,Mozilla/5.0 (Windows NT 5.1; rv:11.0) Gecko Firefox/11.0 (via ggpht.com GoogleImageProxy)
154899923,2025-01-16T10:40:55.549Z,Derek.uy@gmail.com,newsletter,everyone,true,US,,,,,,Mozilla/5.0
154899923,2025-01-16T11:08:33.713Z,seanand113@gmail.com,newsletter,everyone,true,US,,,,,,Mozilla/5.0
154899923,2025-01-16T15:25:41.497Z,drnewmanjacobs@yahoo.com,newsletter,everyone,true,US,,,,,,Mozilla/5.0
154899923,2025-01-16T19:18:40.784Z,Eofloisand1@gmail.com,newsletter,everyone,true,US,,,,,,Mozilla/5.0 (Windows NT 5.1; rv:11.0) Gecko Firefox/11.0 (via ggpht.com GoogleImageProxy)
154899923,2025-01-16T19:39:11.824Z,zoewcrews@gmail.com,newsletter,everyone,true,NL,,,,,,Mozilla/5.0
154899923,2025-01-16T19:50:55.282Z,griffin.szymoniak@gmail.com,newsletter,everyone,true,US,,,,,,Mozilla/5.0 (Windows NT 5.1; rv:11.0) Gecko Firefox/11.0 (via ggpht.com GoogleImageProxy)
154899923,2025-01-17T16:56:11.462Z,katherinemansfield13@gmail.com,newsletter,everyone,true,US,,,,,,Mozilla/5.0 (Windows NT 5.1; rv:11.0) Gecko Firefox/11.0 (via ggpht.com GoogleImageProxy)
154899923,2025-01-18T03:56:28.115Z,vaniapmark@gmail.com,newsletter,everyone,true,US,,,,,,Mozilla/5.0
154899923,2025-01-18T20:04:38.455Z,josephekpo@ucsb.edu,newsletter,everyone,true,NL,,,,,,Mozilla/5.0
154899923,2025-01-20T21:13:07.307Z,henryw.2118@gmail.com,newsletter,everyone,true,US,,,,,,Mozilla/5.0
154899923,2025-01-21T00:52:46.091Z,drnewmanjacobs@yahoo.com,newsletter,everyone,true,US,,,,,,Mozilla/5.0
154899923,2025-01-21T04:48:04.994Z,francisjacobs@icloud.com,newsletter,everyone,true,US,,,,,,Mozilla/5.0
154899923,2025-01-22T00:38:42.676Z,jamespwilson14@gmail.com,newsletter,everyone,true,US,,,,,,Mozilla/5.0
154899923,2025-01-27T03:55:31.945Z,olafjkuiper@gmail.com,newsletter,everyone,true,US,,,,,,Mozilla/5.0
154899923,2025-02-02T23:35:18.614Z,henryw.2118@gmail.com,newsletter,everyone,true,NL,,,,,,Mozilla/5.0
154899923,2025-02-04T22:31:18.144Z,lorimoreplease@gmail.com,newsletter,everyone,true,GB,,,,,,Mozilla/5.0
154899923,2025-02-07T13:40:04.530Z,griffin.szymoniak@gmail.com,newsletter,everyone,true,US,,,,,,Mozilla/5.0
154899923,2025-02-10T20:57:25.120Z,drnewmanjacobs@yahoo.com,newsletter,everyone,true,US,,,,,,Mozilla/5.0
