post_id,timestamp,email,post_type,post_audience,active_subscription
154899923,2025-01-15T17:43:40.887Z,ptantchev@gmail.com,newsletter,everyone,false
154899923,2025-01-15T17:43:41.020Z,katherinemansfield13@gmail.com,newsletter,everyone,true
154899923,2025-01-15T17:43:41.569Z,Derek.uy@gmail.com,newsletter,everyone,true
154899923,2025-01-15T17:43:41.570Z,seanand113@gmail.com,newsletter,everyone,true
154899923,2025-01-15T17:43:41.608Z,zoewcrews@gmail.com,newsletter,everyone,true
154899923,2025-01-15T17:43:41.611Z,seansantos3000@gmail.com,newsletter,everyone,true
154899923,2025-01-15T17:43:41.637Z,kittfricke04@gmail.com,newsletter,everyone,true
154899923,2025-01-15T17:43:41.703Z,drnewmanjacobs@yahoo.com,newsletter,everyone,true
154899923,2025-01-15T17:43:41.728Z,lorimoreplease@gmail.com,newsletter,everyone,true
154899923,2025-01-15T17:43:41.751Z,ian.pokorny47@gmail.com,newsletter,everyone,true
154899923,2025-01-15T17:43:41.774Z,btantchev@yahoo.com,newsletter,everyone,true
154899923,2025-01-15T17:43:41.840Z,vaniapmark@gmail.com,newsletter,everyone,true
154899923,2025-01-15T17:43:41.912Z,brodyricci805@gmail.com,newsletter,everyone,true
154899923,2025-01-15T17:43:41.938Z,griffin.szymoniak@gmail.com,newsletter,everyone,true
154899923,2025-01-15T17:43:41.971Z,olafjkuiper@gmail.com,newsletter,everyone,true
154899923,2025-01-15T17:43:42.094Z,henryw.2118@gmail.com,newsletter,everyone,true
154899923,2025-01-15T17:43:42.111Z,aidankenney08@gmail.com,newsletter,everyone,true
154899923,2025-01-15T17:43:42.126Z,josephekpo@ucsb.edu,newsletter,everyone,true
154899923,2025-01-15T17:43:42.148Z,faigorjaihometv@gmail.com,newsletter,everyone,true
154899923,2025-01-15T17:43:42.151Z,sebastianjacobs0@gmail.com,newsletter,everyone,true
154899923,2025-01-15T17:43:42.198Z,derekuy@ucsb.edu,newsletter,everyone,true
154899923,2025-01-15T17:43:42.414Z,zfgillingham@gmail.com,newsletter,everyone,true
154899923,2025-01-15T17:43:42.445Z,aidanhutch7@gmail.com,newsletter,everyone,true
154899923,2025-01-15T17:43:42.470Z,bgstudioda@gmail.com,newsletter,everyone,true
154899923,2025-01-15T17:43:42.490Z,Eofloisand1@gmail.com,newsletter,everyone,true
154899923,2025-01-15T17:43:42.514Z,willthomas127@gmail.com,newsletter,everyone,true
154899923,2025-01-15T17:43:42.574Z,jamespwilson14@gmail.com,newsletter,everyone,true
154899923,2025-01-15T17:43:46.819Z,francisjacobs@icloud.com,newsletter,everyone,true
154899923,2025-01-15T17:43:48.873Z,hayeswu@icloud.com,newsletter,everyone,true
