post_id,timestamp,email,post_type,post_audience,active_subscription
154929477,2025-01-16T16:45:57.760Z,katherinemansfield13@gmail.com,newsletter,everyone,true
154929477,2025-01-16T16:45:58.834Z,ptantchev@gmail.com,newsletter,everyone,false
154929477,2025-01-16T16:45:59.641Z,seanand113@gmail.com,newsletter,everyone,true
154929477,2025-01-16T16:45:59.786Z,zoewcrews@gmail.com,newsletter,everyone,true
154929477,2025-01-16T16:45:59.801Z,griffin.szymoniak@gmail.com,newsletter,everyone,true
154929477,2025-01-16T16:45:59.833Z,bgstudioda@gmail.com,newsletter,everyone,true
154929477,2025-01-16T16:45:59.835Z,jamespwilson14@gmail.com,newsletter,everyone,true
154929477,2025-01-16T16:45:59.837Z,willthomas127@gmail.com,newsletter,everyone,true
154929477,2025-01-16T16:45:59.854Z,henryw.2118@gmail.com,newsletter,everyone,true
154929477,2025-01-16T16:45:59.869Z,faigorjaihometv@gmail.com,newsletter,everyone,true
154929477,2025-01-16T16:45:59.881Z,Derek.uy@gmail.com,newsletter,everyone,true
154929477,2025-01-16T16:45:59.883Z,aidankenney08@gmail.com,newsletter,everyone,true
154929477,2025-01-16T16:45:59.884Z,vaniapmark@gmail.com,newsletter,everyone,true
154929477,2025-01-16T16:45:59.886Z,derekuy@ucsb.edu,newsletter,everyone,true
154929477,2025-01-16T16:45:59.888Z,brodyricci805@gmail.com,newsletter,everyone,true
154929477,2025-01-16T16:45:59.888Z,kittfricke04@gmail.com,newsletter,everyone,true
154929477,2025-01-16T16:45:59.916Z,ian.pokorny47@gmail.com,newsletter,everyone,true
154929477,2025-01-16T16:45:59.918Z,Eofloisand1@gmail.com,newsletter,everyone,true
154929477,2025-01-16T16:45:59.921Z,olafjkuiper@gmail.com,newsletter,everyone,true
154929477,2025-01-16T16:45:59.950Z,seansantos3000@gmail.com,newsletter,everyone,true
154929477,2025-01-16T16:45:59.959Z,aidanhutch7@gmail.com,newsletter,everyone,true
154929477,2025-01-16T16:46:00.062Z,sebastianjacobs0@gmail.com,newsletter,everyone,true
154929477,2025-01-16T16:46:00.082Z,josephekpo@ucsb.edu,newsletter,everyone,true
154929477,2025-01-16T16:46:00.194Z,zfgillingham@gmail.com,newsletter,everyone,true
154929477,2025-01-16T16:46:00.275Z,btantchev@yahoo.com,newsletter,everyone,true
154929477,2025-01-16T16:46:00.545Z,lorimoreplease@gmail.com,newsletter,everyone,true
154929477,2025-01-16T16:46:00.670Z,francisjacobs@icloud.com,newsletter,everyone,true
154929477,2025-01-16T16:46:00.788Z,drnewmanjacobs@yahoo.com,newsletter,everyone,true
154929477,2025-01-16T16:46:05.114Z,hayeswu@icloud.com,newsletter,everyone,true
