post_id,timestamp,email,post_type,post_audience,active_subscription,country,city,region,device_type,client_os,client_type,user_agent
154929477,2025-01-16T16:49:36.228Z,Eofloisand1@gmail.com,newsletter,everyone,true,US,,,,,,Mozilla/5.0 (Windows NT 5.1; rv:11.0) Gecko Firefox/11.0 (via ggpht.com GoogleImageProxy)
154929477,2025-01-16T16:49:49.286Z,derekuy@ucsb.edu,newsletter,everyone,true,US,,,,,,Mozilla/5.0 (Windows NT 5.1; rv:11.0) Gecko Firefox/11.0 (via ggpht.com GoogleImageProxy)
154929477,2025-01-16T16:53:09.148Z,katherinemansfield13@gmail.com,newsletter,everyone,true,US,,,,,,Mozilla/5.0 (Windows NT 5.1; rv:11.0) Gecko Firefox/11.0 (via ggpht.com GoogleImageProxy)
154929477,2025-01-16T16:53:10.544Z,katherinemansfield13@gmail.com,newsletter,everyone,true,US,,,,,,Mozilla/5.0 (Windows NT 5.1; rv:11.0) Gecko Firefox/11.0 (via ggpht.com GoogleImageProxy)
154929477,2025-01-16T16:55:30.590Z,josephekpo@ucsb.edu,newsletter,everyone,true,US,,,,,,Mozilla/5.0 (Windows NT 5.1; rv:11.0) Gecko Firefox/11.0 (via ggpht.com GoogleImageProxy)
154929477,2025-01-16T17:00:32.033Z,brodyricci805@gmail.com,newsletter,everyone,true,US,,,,,,Mozilla/5.0 (Windows NT 5.1; rv:11.0) Gecko Firefox/11.0 (via ggpht.com GoogleImageProxy)
154929477,2025-01-16T17:18:44.343Z,ptantchev@gmail.com,newsletter,everyone,false,US,,,,,,Mozilla/5.0
154929477,2025-01-16T17:23:35.314Z,Derek.uy@gmail.com,newsletter,everyone,true,US,,,,,,Mozilla/5.0
154929477,2025-01-16T17:29:13.539Z,ptantchev@gmail.com,newsletter,everyone,false,US,,,,,,Mozilla/5.0 (Windows NT 5.1; rv:11.0) Gecko Firefox/11.0 (via ggpht.com GoogleImageProxy)
154929477,2025-01-16T17:55:25.010Z,derekuy@ucsb.edu,newsletter,everyone,true,US,,,,,,Mozilla/5.0 (Windows NT 5.1; rv:11.0) Gecko Firefox/11.0 (via ggpht.com GoogleImageProxy)
154929477,2025-01-16T17:55:28.886Z,derekuy@ucsb.edu,newsletter,everyone,true,US,,,,,,Mozilla/5.0 (Windows NT 5.1; rv:11.0) Gecko Firefox/11.0 (via ggpht.com GoogleImageProxy)
154929477,2025-01-16T18:01:45.418Z,bgstudioda@gmail.com,newsletter,everyone,true,US,,,,,,Mozilla/5.0 (Windows NT 5.1; rv:11.0) Gecko Firefox/11.0 (via ggpht.com GoogleImageProxy)
154929477,2025-01-16T18:04:34.314Z,Eofloisand1@gmail.com,newsletter,everyone,true,US,,,,,,Mozilla/5.0 (Windows NT 5.1; rv:11.0) Gecko Firefox/11.0 (via ggpht.com GoogleImageProxy)
154929477,2025-01-16T18:24:27.062Z,brodyricci805@gmail.com,newsletter,everyone,true,US,,,,,,Mozilla/5.0
154929477,2025-01-16T18:32:31.055Z,ian.pokorny47@gmail.com,newsletter,everyone,true,US,,,,,,Mozilla/5.0 (Windows NT 5.1; rv:11.0) Gecko Firefox/11.0 (via ggpht.com GoogleImageProxy)
154929477,2025-01-16T18:46:48.773Z,griffin.szymoniak@gmail.com,newsletter,everyone,true,US,,,,,,Mozilla/5.0 (Windows NT 5.1; rv:11.0) Gecko Firefox/11.0 (via ggpht.com GoogleImageProxy)
154929477,2025-01-16T18:59:53.344Z,sebastianjacobs0@gmail.com,newsletter,everyone,true,US,,,,,,Mozilla/5.0
154929477,2025-01-16T19:05:59.330Z,lorimoreplease@gmail.com,newsletter,everyone,true,GB,,,,,,Mozilla/5.0
154929477,2025-01-16T19:18:08.216Z,Eofloisand1@gmail.com,newsletter,everyone,true,US,,,,,,Mozilla/5.0 (Windows NT 5.1; rv:11.0) Gecko Firefox/11.0 (via ggpht.com GoogleImageProxy)
154929477,2025-01-16T19:18:43.864Z,Eofloisand1@gmail.com,newsletter,everyone,true,US,,,,,,Mozilla/5.0 (Windows NT 5.1; rv:11.0) Gecko Firefox/11.0 (via ggpht.com GoogleImageProxy)
154929477,2025-01-16T19:40:12.973Z,willthomas127@gmail.com,newsletter,everyone,true,US,,,,,,Mozilla/5.0 (Windows NT 5.1; rv:11.0) Gecko Firefox/11.0 (via ggpht.com GoogleImageProxy)
154929477,2025-01-16T20:06:22.992Z,zoewcrews@gmail.com,newsletter,everyone,true,NL,,,,,,Mozilla/5.0
154929477,2025-01-16T20:25:57.320Z,willthomas127@gmail.com,newsletter,everyone,true,US,,,,,,Mozilla/5.0 (Windows NT 5.1; rv:11.0) Gecko Firefox/11.0 (via ggpht.com GoogleImageProxy)
154929477,2025-01-16T20:44:04.928Z,hayeswu@icloud.com,newsletter,everyone,true,US,,,,,,Mozilla/5.0
154929477,2025-01-16T22:42:42.023Z,drnewmanjacobs@yahoo.com,newsletter,everyone,true,US,,,,,,Mozilla/5.0
154929477,2025-01-16T23:27:03.831Z,henryw.2118@gmail.com,newsletter,everyone,true,US,,,,,,Mozilla/5.0
154929477,2025-01-17T01:17:55.213Z,olafjkuiper@gmail.com,newsletter,everyone,true,US,,,,,,Mozilla/5.0
154929477,2025-01-17T07:59:59.271Z,seanand113@gmail.com,newsletter,everyone,true,US,,,,,,Mozilla/5.0
154929477,2025-01-17T09:35:24.887Z,aidanhutch7@gmail.com,newsletter,everyone,true,US,,,,,,Mozilla/5.0
154929477,2025-01-17T17:01:29.021Z,katherinemansfield13@gmail.com,newsletter,everyone,true,US,,,,,,Mozilla/5.0 (Windows NT 5.1; rv:11.0) Gecko Firefox/11.0 (via ggpht.com GoogleImageProxy)
154929477,2025-01-17T18:23:52.889Z,vaniapmark@gmail.com,newsletter,everyone,true,US,,,,,,Mozilla/5.0
154929477,2025-01-18T03:26:28.900Z,vaniapmark@gmail.com,newsletter,everyone,true,US,,,,,,Mozilla/5.0
154929477,2025-01-18T09:06:21.755Z,griffin.szymoniak@gmail.com,newsletter,everyone,true,NL,,,,,,Mozilla/5.0
154929477,2025-01-18T20:15:49.897Z,josephekpo@ucsb.edu,newsletter,everyone,true,US,,,,,,Mozilla/5.0
154929477,2025-01-20T21:13:07.308Z,henryw.2118@gmail.com,newsletter,everyone,true,US,,,,,,Mozilla/5.0
154929477,2025-01-21T05:28:58.715Z,francisjacobs@icloud.com,newsletter,everyone,true,US,,,,,,Mozilla/5.0
154929477,2025-01-21T18:33:16.395Z,drnewmanjacobs@yahoo.com,newsletter,everyone,true,US,,,,,,Mozilla/5.0
154929477,2025-01-27T03:32:26.210Z,olafjkuiper@gmail.com,newsletter,everyone,true,US,,,,,,Mozilla/5.0
154929477,2025-01-29T00:35:29.969Z,jamespwilson14@gmail.com,newsletter,everyone,true,US,,,,,,Mozilla/5.0
154929477,2025-02-02T23:23:19.533Z,henryw.2118@gmail.com,newsletter,everyone,true,US,,,,,,Mozilla/5.0
154929477,2025-02-04T22:31:18.143Z,lorimoreplease@gmail.com,newsletter,everyone,true,GB,,,,,,Mozilla/5.0
154929477,2025-02-07T10:07:52.055Z,aidankenney08@gmail.com,newsletter,everyone,true,US,,,,,,Mozilla/5.0
154929477,2025-02-07T13:40:04.529Z,griffin.szymoniak@gmail.com,newsletter,everyone,true,US,,,,,,Mozilla/5.0
154929477,2025-02-10T20:57:25.120Z,drnewmanjacobs@yahoo.com,newsletter,everyone,true,US,,,,,,Mozilla/5.0
