post_id,timestamp,email,post_type,post_audience,active_subscription
154929645,2025-01-17T17:03:35.189Z,ptantchev@gmail.com,newsletter,everyone,false
154929645,2025-01-17T17:03:35.211Z,katherinemansfield13@gmail.com,newsletter,everyone,true
154929645,2025-01-17T17:03:36.314Z,Derek.uy@gmail.com,newsletter,everyone,true
154929645,2025-01-17T17:03:36.323Z,ian.pokorny47@gmail.com,newsletter,everyone,true
154929645,2025-01-17T17:03:36.691Z,aidanhutch7@gmail.com,newsletter,everyone,true
154929645,2025-01-17T17:03:36.802Z,kittfricke04@gmail.com,newsletter,everyone,true
154929645,2025-01-17T17:03:36.818Z,vaniapmark@gmail.com,newsletter,everyone,true
154929645,2025-01-17T17:03:36.985Z,seansantos3000@gmail.com,newsletter,everyone,true
154929645,2025-01-17T17:03:37.097Z,brodyricci805@gmail.com,newsletter,everyone,true
154929645,2025-01-17T17:03:37.124Z,zoewcrews@gmail.com,newsletter,everyone,true
154929645,2025-01-17T17:03:37.249Z,willthomas127@gmail.com,newsletter,everyone,true
154929645,2025-01-17T17:03:37.268Z,henryw.2118@gmail.com,newsletter,everyone,true
154929645,2025-01-17T17:03:37.309Z,seanand113@gmail.com,newsletter,everyone,true
154929645,2025-01-17T17:03:37.316Z,griffin.szymoniak@gmail.com,newsletter,everyone,true
154929645,2025-01-17T17:03:37.386Z,derekuy@ucsb.edu,newsletter,everyone,true
154929645,2025-01-17T17:03:37.429Z,jamespwilson14@gmail.com,newsletter,everyone,true
154929645,2025-01-17T17:03:37.437Z,aidankenney08@gmail.com,newsletter,everyone,true
154929645,2025-01-17T17:03:37.461Z,Eofloisand1@gmail.com,newsletter,everyone,true
154929645,2025-01-17T17:03:37.509Z,sebastianjacobs0@gmail.com,newsletter,everyone,true
154929645,2025-01-17T17:03:37.554Z,bgstudioda@gmail.com,newsletter,everyone,true
154929645,2025-01-17T17:03:37.785Z,zfgillingham@gmail.com,newsletter,everyone,true
154929645,2025-01-17T17:03:37.938Z,drnewmanjacobs@yahoo.com,newsletter,everyone,true
154929645,2025-01-17T17:03:37.982Z,olafjkuiper@gmail.com,newsletter,everyone,true
154929645,2025-01-17T17:03:37.983Z,josephekpo@ucsb.edu,newsletter,everyone,true
154929645,2025-01-17T17:03:38.175Z,btantchev@yahoo.com,newsletter,everyone,true
154929645,2025-01-17T17:03:38.441Z,faigorjaihometv@gmail.com,newsletter,everyone,true
154929645,2025-01-17T17:03:38.757Z,lorimoreplease@gmail.com,newsletter,everyone,true
154929645,2025-01-17T17:03:39.377Z,francisjacobs@icloud.com,newsletter,everyone,true
154929645,2025-01-17T17:03:43.124Z,hayeswu@icloud.com,newsletter,everyone,true
