post_id,timestamp,email,post_type,post_audience,active_subscription,country,city,region,device_type,client_os,client_type,user_agent
154929645,2025-01-17T17:04:10.967Z,Eofloisand1@gmail.com,newsletter,everyone,true,US,,,,,,Mozilla/5.0 (Windows NT 5.1; rv:11.0) Gecko Firefox/11.0 (via ggpht.com GoogleImageProxy)
154929645,2025-01-17T17:06:10.101Z,lorimoreplease@gmail.com,newsletter,everyone,true,GB,,,,,,Mozilla/5.0
154929645,2025-01-17T17:08:20.276Z,katherinemansfield13@gmail.com,newsletter,everyone,true,US,,,,,,Mozilla/5.0 (Windows NT 5.1; rv:11.0) Gecko Firefox/11.0 (via ggpht.com GoogleImageProxy)
154929645,2025-01-17T17:08:28.636Z,katherinemansfield13@gmail.com,newsletter,everyone,true,US,,,,,,Mozilla/5.0 (Windows NT 5.1; rv:11.0) Gecko Firefox/11.0 (via ggpht.com GoogleImageProxy)
154929645,2025-01-17T17:08:49.413Z,derekuy@ucsb.edu,newsletter,everyone,true,US,,,,,,Mozilla/5.0 (Windows NT 5.1; rv:11.0) Gecko Firefox/11.0 (via ggpht.com GoogleImageProxy)
154929645,2025-01-17T17:23:46.095Z,brodyricci805@gmail.com,newsletter,everyone,true,US,,,,,,Mozilla/5.0 (Windows NT 5.1; rv:11.0) Gecko Firefox/11.0 (via ggpht.com GoogleImageProxy)
154929645,2025-01-17T17:54:35.484Z,aidanhutch7@gmail.com,newsletter,everyone,true,US,,,,,,Mozilla/5.0
154929645,2025-01-17T18:23:52.889Z,vaniapmark@gmail.com,newsletter,everyone,true,US,,,,,,Mozilla/5.0
154929645,2025-01-17T18:56:04.402Z,derekuy@ucsb.edu,newsletter,everyone,true,US,,,,,,Mozilla/5.0 (Windows NT 5.1; rv:11.0) Gecko Firefox/11.0 (via ggpht.com GoogleImageProxy)
154929645,2025-01-17T18:56:14.222Z,Derek.uy@gmail.com,newsletter,everyone,true,US,,,,,,Mozilla/5.0 (Windows NT 5.1; rv:11.0) Gecko Firefox/11.0 (via ggpht.com GoogleImageProxy)
154929645,2025-01-17T18:58:55.397Z,derekuy@ucsb.edu,newsletter,everyone,true,US,,,,,,Mozilla/5.0 (Windows NT 5.1; rv:11.0) Gecko Firefox/11.0 (via ggpht.com GoogleImageProxy)
154929645,2025-01-17T18:59:00.218Z,derekuy@ucsb.edu,newsletter,everyone,true,US,,,,,,Mozilla/5.0 (Windows NT 5.1; rv:11.0) Gecko Firefox/11.0 (via ggpht.com GoogleImageProxy)
154929645,2025-01-17T19:05:26.182Z,drnewmanjacobs@yahoo.com,newsletter,everyone,true,US,,,,,,Mozilla/5.0
154929645,2025-01-17T19:48:13.818Z,hayeswu@icloud.com,newsletter,everyone,true,NL,,,,,,Mozilla/5.0
154929645,2025-01-17T20:44:47.452Z,sebastianjacobs0@gmail.com,newsletter,everyone,true,TH,,,,,,Mozilla/5.0
154929645,2025-01-18T01:07:23.096Z,brodyricci805@gmail.com,newsletter,everyone,true,US,,,,,,Mozilla/5.0
154929645,2025-01-18T01:22:09.493Z,katherinemansfield13@gmail.com,newsletter,everyone,true,US,,,,,,Mozilla/5.0 (Windows NT 5.1; rv:11.0) Gecko Firefox/11.0 (via ggpht.com GoogleImageProxy)
154929645,2025-01-18T01:37:24.989Z,seanand113@gmail.com,newsletter,everyone,true,US,,,,,,Mozilla/5.0
154929645,2025-01-18T03:26:28.899Z,vaniapmark@gmail.com,newsletter,everyone,true,US,,,,,,Mozilla/5.0
154929645,2025-01-18T05:31:40.659Z,henryw.2118@gmail.com,newsletter,everyone,true,US,,,,,,Mozilla/5.0
154929645,2025-01-18T09:18:31.624Z,Derek.uy@gmail.com,newsletter,everyone,true,US,,,,,,Mozilla/5.0
154929645,2025-01-18T10:00:07.637Z,griffin.szymoniak@gmail.com,newsletter,everyone,true,NL,,,,,,Mozilla/5.0
154929645,2025-01-18T23:17:13.085Z,katherinemansfield13@gmail.com,newsletter,everyone,true,US,,,,,,Mozilla/5.0
154929645,2025-01-19T22:29:55.217Z,zoewcrews@gmail.com,newsletter,everyone,true,US,,,,,,Mozilla/5.0
154929645,2025-01-20T02:58:51.617Z,josephekpo@ucsb.edu,newsletter,everyone,true,NL,,,,,,Mozilla/5.0
154929645,2025-01-20T22:05:31.555Z,henryw.2118@gmail.com,newsletter,everyone,true,US,,,,,,Mozilla/5.0
154929645,2025-01-21T06:01:52.381Z,francisjacobs@icloud.com,newsletter,everyone,true,US,,,,,,Mozilla/5.0
154929645,2025-01-21T18:33:16.396Z,drnewmanjacobs@yahoo.com,newsletter,everyone,true,US,,,,,,Mozilla/5.0
154929645,2025-01-27T03:32:26.209Z,olafjkuiper@gmail.com,newsletter,everyone,true,US,,,,,,Mozilla/5.0
154929645,2025-01-28T02:14:11.227Z,ptantchev@gmail.com,newsletter,everyone,false,US,,,,,,Mozilla/5.0
154929645,2025-01-29T00:35:29.929Z,jamespwilson14@gmail.com,newsletter,everyone,true,US,,,,,,Mozilla/5.0
154929645,2025-02-02T23:35:18.615Z,henryw.2118@gmail.com,newsletter,everyone,true,NL,,,,,,Mozilla/5.0
154929645,2025-02-04T22:31:18.141Z,lorimoreplease@gmail.com,newsletter,everyone,true,GB,,,,,,Mozilla/5.0
154929645,2025-02-07T10:07:52.054Z,aidankenney08@gmail.com,newsletter,everyone,true,US,,,,,,Mozilla/5.0
154929645,2025-02-07T13:40:04.529Z,griffin.szymoniak@gmail.com,newsletter,everyone,true,US,,,,,,Mozilla/5.0
