post_id,timestamp,email,post_type,post_audience,active_subscription,country,city,region,device_type,client_os,client_type,user_agent
155124826,2025-01-18T23:08:10.079Z,jamespwilson14@gmail.com,newsletter,everyone,true,US,,,,,,Mozilla/5.0 (Windows NT 5.1; rv:11.0) Gecko Firefox/11.0 (via ggpht.com GoogleImageProxy)
155124826,2025-01-18T23:10:13.622Z,katherinemansfield13@gmail.com,newsletter,everyone,true,US,,,,,,Mozilla/5.0 (Windows NT 5.1; rv:11.0) Gecko Firefox/11.0 (via ggpht.com GoogleImageProxy)
155124826,2025-01-18T23:11:12.319Z,brodyricci805@gmail.com,newsletter,everyone,true,US,,,,,,Mozilla/5.0 (Windows NT 5.1; rv:11.0) Gecko Firefox/11.0 (via ggpht.com GoogleImageProxy)
155124826,2025-01-18T23:17:13.085Z,katherinemansfield13@gmail.com,newsletter,everyone,true,US,,,,,,Mozilla/5.0
155124826,2025-01-18T23:23:41.564Z,lorimoreplease@gmail.com,newsletter,everyone,true,GB,,,,,,Mozilla/5.0
155124826,2025-01-18T23:54:34.356Z,sebastianjacobs0@gmail.com,newsletter,everyone,true,US,,,,,,Mozilla/5.0
155124826,2025-01-18T23:59:09.373Z,Derek.uy@gmail.com,newsletter,everyone,true,US,,,,,,Mozilla/5.0 (Windows NT 5.1; rv:11.0) Gecko Firefox/11.0 (via ggpht.com GoogleImageProxy)
155124826,2025-01-19T00:03:26.665Z,katherinemansfield13@gmail.com,newsletter,everyone,true,US,,,,,,Mozilla/5.0 (Windows NT 5.1; rv:11.0) Gecko Firefox/11.0 (via ggpht.com GoogleImageProxy)
155124826,2025-01-19T00:10:12.011Z,francisjacobs@icloud.com,newsletter,everyone,true,US,,,,,,Mozilla/5.0
155124826,2025-01-19T01:11:37.918Z,Derek.uy@gmail.com,newsletter,everyone,true,US,,,,,,Mozilla/5.0 (Windows NT 5.1; rv:11.0) Gecko Firefox/11.0 (via ggpht.com GoogleImageProxy)
155124826,2025-01-19T02:28:15.817Z,kittfricke04@gmail.com,newsletter,everyone,true,US,,,,,,Mozilla/5.0 (Windows NT 5.1; rv:11.0) Gecko Firefox/11.0 (via ggpht.com GoogleImageProxy)
155124826,2025-01-19T03:02:14.766Z,Eofloisand1@gmail.com,newsletter,everyone,true,US,,,,,,Mozilla/5.0 (Windows NT 5.1; rv:11.0) Gecko Firefox/11.0 (via ggpht.com GoogleImageProxy)
155124826,2025-01-19T05:02:33.444Z,Derek.uy@gmail.com,newsletter,everyone,true,US,,,,,,Mozilla/5.0
155124826,2025-01-19T07:48:48.465Z,seanand113@gmail.com,newsletter,everyone,true,US,,,,,,Mozilla/5.0
155124826,2025-01-19T11:12:20.240Z,henryw.2118@gmail.com,newsletter,everyone,true,US,,,,,,Mozilla/5.0
155124826,2025-01-19T17:30:52.760Z,aidanhutch7@gmail.com,newsletter,everyone,true,US,,,,,,Mozilla/5.0
155124826,2025-01-19T19:20:31.742Z,Derek.uy@gmail.com,newsletter,everyone,true,US,,,,,,Mozilla/5.0 (Windows NT 5.1; rv:11.0) Gecko Firefox/11.0 (via ggpht.com GoogleImageProxy)
155124826,2025-01-19T20:06:30.072Z,brodyricci805@gmail.com,newsletter,everyone,true,US,,,,,,Mozilla/5.0
155124826,2025-01-19T20:13:03.812Z,griffin.szymoniak@gmail.com,newsletter,everyone,true,US,,,,,,Mozilla/5.0 (Windows NT 5.1; rv:11.0) Gecko Firefox/11.0 (via ggpht.com GoogleImageProxy)
155124826,2025-01-19T20:30:51.048Z,derekuy@ucsb.edu,newsletter,everyone,true,US,,,,,,Mozilla/5.0 (Windows NT 5.1; rv:11.0) Gecko Firefox/11.0 (via ggpht.com GoogleImageProxy)
155124826,2025-01-19T22:24:50.491Z,olafjkuiper@gmail.com,newsletter,everyone,true,US,,,,,,Mozilla/5.0
155124826,2025-01-19T23:30:18.227Z,zoewcrews@gmail.com,newsletter,everyone,true,US,,,,,,Mozilla/5.0
155124826,2025-01-19T23:57:01.389Z,ptantchev@gmail.com,newsletter,everyone,false,US,,,,,,Mozilla/5.0
155124826,2025-01-20T00:27:53.978Z,vaniapmark@gmail.com,newsletter,everyone,true,US,,,,,,Mozilla/5.0
155124826,2025-01-20T08:44:05.927Z,griffin.szymoniak@gmail.com,newsletter,everyone,true,US,,,,,,Mozilla/5.0
155124826,2025-01-20T17:40:34.598Z,drnewmanjacobs@yahoo.com,newsletter,everyone,true,US,,,,,,Mozilla/5.0
155124826,2025-01-20T20:07:43.055Z,hayeswu@icloud.com,newsletter,everyone,true,US,,,,,,Mozilla/5.0
155124826,2025-01-20T22:05:31.556Z,henryw.2118@gmail.com,newsletter,everyone,true,US,,,,,,Mozilla/5.0
155124826,2025-01-21T06:37:20.188Z,francisjacobs@icloud.com,newsletter,everyone,true,US,,,,,,Mozilla/5.0
155124826,2025-01-22T20:46:07.506Z,aidankenney08@gmail.com,newsletter,everyone,true,US,,,,,,Mozilla/5.0
155124826,2025-01-23T06:06:20.733Z,josephekpo@ucsb.edu,newsletter,everyone,true,US,,,,,,Mozilla/5.0
155124826,2025-01-24T00:12:42.633Z,drnewmanjacobs@yahoo.com,newsletter,everyone,true,US,,,,,,Mozilla/5.0
155124826,2025-01-24T17:34:12.775Z,vaniapmark@gmail.com,newsletter,everyone,true,NL,,,,,,Mozilla/5.0
155124826,2025-01-26T05:26:26.133Z,olafjkuiper@gmail.com,newsletter,everyone,true,US,,,,,,Mozilla/5.0
155124826,2025-01-29T00:35:24.487Z,jamespwilson14@gmail.com,newsletter,everyone,true,US,,,,,,Mozilla/5.0
155124826,2025-02-02T23:35:18.615Z,henryw.2118@gmail.com,newsletter,everyone,true,NL,,,,,,Mozilla/5.0
155124826,2025-02-07T13:33:11.742Z,griffin.szymoniak@gmail.com,newsletter,everyone,true,US,,,,,,Mozilla/5.0
