post_id,timestamp,email,post_type,post_audience,active_subscription
155124826,2025-01-18T23:07:37.350Z,katherinemansfield13@gmail.com,newsletter,everyone,true
155124826,2025-01-18T23:07:37.745Z,aidanhutch7@gmail.com,newsletter,everyone,true
155124826,2025-01-18T23:07:37.819Z,seanand113@gmail.com,newsletter,everyone,true
155124826,2025-01-18T23:07:37.872Z,Derek.uy@gmail.com,newsletter,everyone,true
155124826,2025-01-18T23:07:37.873Z,btantchev@yahoo.com,newsletter,everyone,true
155124826,2025-01-18T23:07:37.885Z,ian.pokorny47@gmail.com,newsletter,everyone,true
155124826,2025-01-18T23:07:37.891Z,zoewcrews@gmail.com,newsletter,everyone,true
155124826,2025-01-18T23:07:37.963Z,seansantos3000@gmail.com,newsletter,everyone,true
155124826,2025-01-18T23:07:37.987Z,vaniapmark@gmail.com,newsletter,everyone,true
155124826,2025-01-18T23:07:38.176Z,ptantchev@gmail.com,newsletter,everyone,false
155124826,2025-01-18T23:07:38.297Z,brodyricci805@gmail.com,newsletter,everyone,true
155124826,2025-01-18T23:07:38.402Z,kittfricke04@gmail.com,newsletter,everyone,true
155124826,2025-01-18T23:07:38.508Z,lorimoreplease@gmail.com,newsletter,everyone,true
155124826,2025-01-18T23:07:38.514Z,drnewmanjacobs@yahoo.com,newsletter,everyone,true
155124826,2025-01-18T23:07:39.276Z,jamespwilson14@gmail.com,newsletter,everyone,true
155124826,2025-01-18T23:07:39.345Z,willthomas127@gmail.com,newsletter,everyone,true
155124826,2025-01-18T23:07:39.386Z,derekuy@ucsb.edu,newsletter,everyone,true
155124826,2025-01-18T23:07:39.443Z,bgstudioda@gmail.com,newsletter,everyone,true
155124826,2025-01-18T23:07:39.572Z,faigorjaihometv@gmail.com,newsletter,everyone,true
155124826,2025-01-18T23:07:39.600Z,olafjkuiper@gmail.com,newsletter,everyone,true
155124826,2025-01-18T23:07:39.996Z,griffin.szymoniak@gmail.com,newsletter,everyone,true
155124826,2025-01-18T23:07:40.066Z,josephekpo@ucsb.edu,newsletter,everyone,true
155124826,2025-01-18T23:07:40.085Z,aidankenney08@gmail.com,newsletter,everyone,true
155124826,2025-01-18T23:07:40.097Z,henryw.2118@gmail.com,newsletter,everyone,true
155124826,2025-01-18T23:07:40.098Z,Eofloisand1@gmail.com,newsletter,everyone,true
155124826,2025-01-18T23:07:40.195Z,sebastianjacobs0@gmail.com,newsletter,everyone,true
155124826,2025-01-18T23:07:41.099Z,zfgillingham@gmail.com,newsletter,everyone,true
155124826,2025-01-18T23:07:43.293Z,francisjacobs@icloud.com,newsletter,everyone,true
155124826,2025-01-18T23:07:44.247Z,hayeswu@icloud.com,newsletter,everyone,true
