post_id,timestamp,email,post_type,post_audience,active_subscription
155312027,2025-01-21T16:45:56.988Z,katherinemansfield13@gmail.com,newsletter,everyone,true
155312027,2025-01-21T16:45:57.586Z,ptantchev@gmail.com,newsletter,everyone,false
155312027,2025-01-21T16:45:58.645Z,josephekpo@ucsb.edu,newsletter,everyone,true
155312027,2025-01-21T16:45:58.649Z,henryw.2118@gmail.com,newsletter,everyone,true
155312027,2025-01-21T16:45:58.686Z,aidankenney08@gmail.com,newsletter,everyone,true
155312027,2025-01-21T16:45:58.700Z,Eofloisand1@gmail.com,newsletter,everyone,true
155312027,2025-01-21T16:45:58.765Z,jamespwilson14@gmail.com,newsletter,everyone,true
155312027,2025-01-21T16:45:58.773Z,zfgillingham@gmail.com,newsletter,everyone,true
155312027,2025-01-21T16:45:58.781Z,willthomas127@gmail.com,newsletter,everyone,true
155312027,2025-01-21T16:45:58.799Z,griffin.szymoniak@gmail.com,newsletter,everyone,true
155312027,2025-01-21T16:45:58.835Z,derekuy@ucsb.edu,newsletter,everyone,true
155312027,2025-01-21T16:45:58.838Z,sebastianjacobs0@gmail.com,newsletter,everyone,true
155312027,2025-01-21T16:45:58.966Z,faigorjaihometv@gmail.com,newsletter,everyone,true
155312027,2025-01-21T16:45:59.002Z,bgstudioda@gmail.com,newsletter,everyone,true
155312027,2025-01-21T16:45:59.083Z,olafjkuiper@gmail.com,newsletter,everyone,true
155312027,2025-01-21T16:45:59.157Z,seanand113@gmail.com,newsletter,everyone,true
155312027,2025-01-21T16:45:59.166Z,kittfricke04@gmail.com,newsletter,everyone,true
155312027,2025-01-21T16:45:59.181Z,Derek.uy@gmail.com,newsletter,everyone,true
155312027,2025-01-21T16:45:59.192Z,aidanhutch7@gmail.com,newsletter,everyone,true
155312027,2025-01-21T16:45:59.288Z,zoewcrews@gmail.com,newsletter,everyone,true
155312027,2025-01-21T16:45:59.289Z,brodyricci805@gmail.com,newsletter,everyone,true
155312027,2025-01-21T16:45:59.290Z,ian.pokorny47@gmail.com,newsletter,everyone,true
155312027,2025-01-21T16:45:59.311Z,drnewmanjacobs@yahoo.com,newsletter,everyone,true
155312027,2025-01-21T16:45:59.420Z,lorimoreplease@gmail.com,newsletter,everyone,true
155312027,2025-01-21T16:45:59.527Z,btantchev@yahoo.com,newsletter,everyone,true
155312027,2025-01-21T16:45:59.527Z,vaniapmark@gmail.com,newsletter,everyone,true
155312027,2025-01-21T16:45:59.610Z,seansantos3000@gmail.com,newsletter,everyone,true
155312027,2025-01-21T16:46:00.757Z,hayeswu@icloud.com,newsletter,everyone,true
155312027,2025-01-21T16:46:02.723Z,francisjacobs@icloud.com,newsletter,everyone,true
