post_id,timestamp,email,post_type,post_audience,active_subscription,country,city,region,device_type,client_os,client_type,user_agent
155310421,2025-01-21T04:55:07.539Z,Eofloisand1@gmail.com,newsletter,everyone,true,US,,,,,,Mozilla/5.0 (Windows NT 5.1; rv:11.0) Gecko Firefox/11.0 (via ggpht.com GoogleImageProxy)
155310421,2025-01-21T04:55:51.725Z,josephekpo@ucsb.edu,newsletter,everyone,true,US,,,,,,Mozilla/5.0 (Windows NT 5.1; rv:11.0) Gecko Firefox/11.0 (via ggpht.com GoogleImageProxy)
155310421,2025-01-21T05:05:33.012Z,katherinemansfield13@gmail.com,newsletter,everyone,true,US,,,,,,Mozilla/5.0 (Windows NT 5.1; rv:11.0) Gecko Firefox/11.0 (via ggpht.com GoogleImageProxy)
155310421,2025-01-21T05:05:35.485Z,katherinemansfield13@gmail.com,newsletter,everyone,true,US,,,,,,Mozilla/5.0 (Windows NT 5.1; rv:11.0) Gecko Firefox/11.0 (via ggpht.com GoogleImageProxy)
155310421,2025-01-21T05:09:45.465Z,sebastianjacobs0@gmail.com,newsletter,everyone,true,US,,,,,,Mozilla/5.0
155310421,2025-01-21T05:26:01.149Z,Eofloisand1@gmail.com,newsletter,everyone,true,US,,,,,,Mozilla/5.0 (Windows NT 5.1; rv:11.0) Gecko Firefox/11.0 (via ggpht.com GoogleImageProxy)
155310421,2025-01-21T05:27:58.448Z,btantchev@yahoo.com,newsletter,everyone,true,US,,,,,,YahooMailProxy; https://help.yahoo.com/kb/yahoo-mail-proxy-SLN28749.html
155310421,2025-01-21T05:38:47.316Z,lorimoreplease@gmail.com,newsletter,everyone,true,GB,,,,,,Mozilla/5.0
155310421,2025-01-21T05:45:07.067Z,brodyricci805@gmail.com,newsletter,everyone,true,NL,,,,,,Mozilla/5.0
155310421,2025-01-21T06:41:47.864Z,olafjkuiper@gmail.com,newsletter,everyone,true,US,,,,,,Mozilla/5.0
155310421,2025-01-21T06:46:59.262Z,henryw.2118@gmail.com,newsletter,everyone,true,US,,,,,,Mozilla/5.0
155310421,2025-01-21T07:20:45.896Z,kittfricke04@gmail.com,newsletter,everyone,true,US,,,,,,Mozilla/5.0 (Windows NT 5.1; rv:11.0) Gecko Firefox/11.0 (via ggpht.com GoogleImageProxy)
155310421,2025-01-21T07:27:21.737Z,francisjacobs@icloud.com,newsletter,everyone,true,US,,,,,,Mozilla/5.0
155310421,2025-01-21T07:36:16.535Z,katherinemansfield13@gmail.com,newsletter,everyone,true,US,,,,,,Mozilla/5.0
155310421,2025-01-21T08:06:53.560Z,griffin.szymoniak@gmail.com,newsletter,everyone,true,NL,,,,,,Mozilla/5.0
155310421,2025-01-21T08:24:02.592Z,Derek.uy@gmail.com,newsletter,everyone,true,US,,,,,,Mozilla/5.0
155310421,2025-01-21T09:09:01.752Z,seanand113@gmail.com,newsletter,everyone,true,US,,,,,,Mozilla/5.0
155310421,2025-01-21T15:27:03.868Z,ptantchev@gmail.com,newsletter,everyone,false,US,,,,,,Mozilla/5.0
155310421,2025-01-21T16:59:10.291Z,ian.pokorny47@gmail.com,newsletter,everyone,true,US,,,,,,Mozilla/5.0 (Windows NT 5.1; rv:11.0) Gecko Firefox/11.0 (via ggpht.com GoogleImageProxy)
155310421,2025-01-21T17:46:30.858Z,ptantchev@gmail.com,newsletter,everyone,false,US,,,,,,Mozilla/5.0 (Windows NT 5.1; rv:11.0) Gecko Firefox/11.0 (via ggpht.com GoogleImageProxy)
155310421,2025-01-21T18:13:34.789Z,vaniapmark@gmail.com,newsletter,everyone,true,US,,,,,,Mozilla/5.0
155310421,2025-01-21T20:15:53.170Z,willthomas127@gmail.com,newsletter,everyone,true,US,,,,,,Mozilla/5.0 (Windows NT 5.1; rv:11.0) Gecko Firefox/11.0 (via ggpht.com GoogleImageProxy)
155310421,2025-01-21T23:13:42.348Z,drnewmanjacobs@yahoo.com,newsletter,everyone,true,US,,,,,,Mozilla/5.0
155310421,2025-01-22T02:27:52.769Z,aidankenney08@gmail.com,newsletter,everyone,true,US,,,,,,Mozilla/5.0
155310421,2025-01-22T04:00:31.307Z,aidanhutch7@gmail.com,newsletter,everyone,true,US,,,,,,Mozilla/5.0
155310421,2025-01-22T19:50:30.724Z,henryw.2118@gmail.com,newsletter,everyone,true,US,,,,,,Mozilla/5.0
155310421,2025-01-23T02:36:46.312Z,zoewcrews@gmail.com,newsletter,everyone,true,MX,,,,,,Mozilla/5.0
155310421,2025-01-24T17:34:12.774Z,vaniapmark@gmail.com,newsletter,everyone,true,NL,,,,,,Mozilla/5.0
155310421,2025-01-25T18:53:15.209Z,drnewmanjacobs@yahoo.com,newsletter,everyone,true,US,,,,,,Mozilla/5.0
155310421,2025-01-28T05:16:58.769Z,olafjkuiper@gmail.com,newsletter,everyone,true,US,,,,,,Mozilla/5.0
155310421,2025-01-29T00:58:13.234Z,jamespwilson14@gmail.com,newsletter,everyone,true,US,,,,,,Mozilla/5.0
155310421,2025-01-29T06:48:55.581Z,josephekpo@ucsb.edu,newsletter,everyone,true,US,,,,,,Mozilla/5.0
155310421,2025-02-02T23:35:18.616Z,henryw.2118@gmail.com,newsletter,everyone,true,NL,,,,,,Mozilla/5.0
155310421,2025-02-04T16:21:50.898Z,lorimoreplease@gmail.com,newsletter,everyone,true,GB,,,,,,Mozilla/5.0
155310421,2025-02-07T13:33:11.741Z,griffin.szymoniak@gmail.com,newsletter,everyone,true,US,,,,,,Mozilla/5.0
