post_id,timestamp,email,post_type,post_audience,active_subscription
155310421,2025-01-21T04:50:59.859Z,katherinemansfield13@gmail.com,newsletter,everyone,true
155310421,2025-01-21T04:51:00.150Z,ptantchev@gmail.com,newsletter,everyone,false
155310421,2025-01-21T04:51:00.790Z,seanand113@gmail.com,newsletter,everyone,true
155310421,2025-01-21T04:51:00.793Z,willthomas127@gmail.com,newsletter,everyone,true
155310421,2025-01-21T04:51:00.874Z,olafjkuiper@gmail.com,newsletter,everyone,true
155310421,2025-01-21T04:51:00.878Z,lorimoreplease@gmail.com,newsletter,everyone,true
155310421,2025-01-21T04:51:00.923Z,seansantos3000@gmail.com,newsletter,everyone,true
155310421,2025-01-21T04:51:00.950Z,josephekpo@ucsb.edu,newsletter,everyone,true
155310421,2025-01-21T04:51:00.954Z,sebastianjacobs0@gmail.com,newsletter,everyone,true
155310421,2025-01-21T04:51:00.958Z,derekuy@ucsb.edu,newsletter,everyone,true
155310421,2025-01-21T04:51:00.982Z,kittfricke04@gmail.com,newsletter,everyone,true
155310421,2025-01-21T04:51:01.006Z,jamespwilson14@gmail.com,newsletter,everyone,true
155310421,2025-01-21T04:51:01.022Z,Derek.uy@gmail.com,newsletter,everyone,true
155310421,2025-01-21T04:51:01.025Z,vaniapmark@gmail.com,newsletter,everyone,true
155310421,2025-01-21T04:51:01.058Z,zoewcrews@gmail.com,newsletter,everyone,true
155310421,2025-01-21T04:51:01.065Z,zfgillingham@gmail.com,newsletter,everyone,true
155310421,2025-01-21T04:51:01.117Z,aidanhutch7@gmail.com,newsletter,everyone,true
155310421,2025-01-21T04:51:01.128Z,henryw.2118@gmail.com,newsletter,everyone,true
155310421,2025-01-21T04:51:01.135Z,brodyricci805@gmail.com,newsletter,everyone,true
155310421,2025-01-21T04:51:01.219Z,faigorjaihometv@gmail.com,newsletter,everyone,true
155310421,2025-01-21T04:51:01.281Z,aidankenney08@gmail.com,newsletter,everyone,true
155310421,2025-01-21T04:51:01.325Z,Eofloisand1@gmail.com,newsletter,everyone,true
155310421,2025-01-21T04:51:01.455Z,btantchev@yahoo.com,newsletter,everyone,true
155310421,2025-01-21T04:51:01.794Z,griffin.szymoniak@gmail.com,newsletter,everyone,true
155310421,2025-01-21T04:51:02.198Z,drnewmanjacobs@yahoo.com,newsletter,everyone,true
155310421,2025-01-21T04:51:02.310Z,bgstudioda@gmail.com,newsletter,everyone,true
155310421,2025-01-21T04:51:02.321Z,ian.pokorny47@gmail.com,newsletter,everyone,true
155310421,2025-01-21T04:51:04.187Z,francisjacobs@icloud.com,newsletter,everyone,true
