post_id,timestamp,email,post_type,post_audience,active_subscription,country,city,region,device_type,client_os,client_type,user_agent
155312027,2025-01-21T16:46:28.222Z,griffin.szymoniak@gmail.com,newsletter,everyone,true,US,,,,,,Mozilla/5.0 (Windows NT 5.1; rv:11.0) Gecko Firefox/11.0 (via ggpht.com GoogleImageProxy)
155312027,2025-01-21T16:46:56.566Z,henryw.2118@gmail.com,newsletter,everyone,true,US,,,,,,Mozilla/5.0 (Windows NT 5.1; rv:11.0) Gecko Firefox/11.0 (via ggpht.com GoogleImageProxy)
155312027,2025-01-21T16:49:26.181Z,aidanhutch7@gmail.com,newsletter,everyone,true,US,,,,,,Mozilla/5.0 (Windows NT 5.1; rv:11.0) Gecko Firefox/11.0 (via ggpht.com GoogleImageProxy)
155312027,2025-01-21T16:49:36.461Z,willthomas127@gmail.com,newsletter,everyone,true,US,,,,,,Mozilla/5.0 (Windows NT 5.1; rv:11.0) Gecko Firefox/11.0 (via ggpht.com GoogleImageProxy)
155312027,2025-01-21T16:51:54.989Z,Eofloisand1@gmail.com,newsletter,everyone,true,US,,,,,,Mozilla/5.0 (Windows NT 5.1; rv:11.0) Gecko Firefox/11.0 (via ggpht.com GoogleImageProxy)
155312027,2025-01-21T17:04:20.595Z,bgstudioda@gmail.com,newsletter,everyone,true,US,,,,,,Mozilla/5.0 (Windows NT 5.1; rv:11.0) Gecko Firefox/11.0 (via ggpht.com GoogleImageProxy)
155312027,2025-01-21T17:04:59.746Z,derekuy@ucsb.edu,newsletter,everyone,true,US,,,,,,Mozilla/5.0 (Windows NT 5.1; rv:11.0) Gecko Firefox/11.0 (via ggpht.com GoogleImageProxy)
155312027,2025-01-21T17:17:51.694Z,lorimoreplease@gmail.com,newsletter,everyone,true,GB,,,,,,Mozilla/5.0
155312027,2025-01-21T17:19:17.150Z,derekuy@ucsb.edu,newsletter,everyone,true,US,,,,,,Mozilla/5.0 (Windows NT 5.1; rv:11.0) Gecko Firefox/11.0 (via ggpht.com GoogleImageProxy)
155312027,2025-01-21T17:43:51.115Z,derekuy@ucsb.edu,newsletter,everyone,true,US,,,,,,Mozilla/5.0 (Windows NT 5.1; rv:11.0) Gecko Firefox/11.0 (via ggpht.com GoogleImageProxy)
155312027,2025-01-21T18:05:52.408Z,hayeswu@icloud.com,newsletter,everyone,true,US,,,,,,Mozilla/5.0
155312027,2025-01-21T18:13:34.789Z,vaniapmark@gmail.com,newsletter,everyone,true,US,,,,,,Mozilla/5.0
155312027,2025-01-21T18:30:20.072Z,Eofloisand1@gmail.com,newsletter,everyone,true,US,,,,,,Mozilla/5.0 (Windows NT 5.1; rv:11.0) Gecko Firefox/11.0 (via ggpht.com GoogleImageProxy)
155312027,2025-01-21T18:45:51.835Z,willthomas127@gmail.com,newsletter,everyone,true,US,,,,,,Mozilla/5.0 (Windows NT 5.1; rv:11.0) Gecko Firefox/11.0 (via ggpht.com GoogleImageProxy)
155312027,2025-01-21T18:45:58.629Z,willthomas127@gmail.com,newsletter,everyone,true,US,,,,,,Mozilla/5.0 (Windows NT 5.1; rv:11.0) Gecko Firefox/11.0 (via ggpht.com GoogleImageProxy)
155312027,2025-01-21T18:52:52.268Z,sebastianjacobs0@gmail.com,newsletter,everyone,true,US,,,,,,Mozilla/5.0
155312027,2025-01-21T19:58:31.870Z,brodyricci805@gmail.com,newsletter,everyone,true,NL,,,,,,Mozilla/5.0
155312027,2025-01-21T20:40:07.508Z,katherinemansfield13@gmail.com,newsletter,everyone,true,US,,,,,,Mozilla/5.0
155312027,2025-01-21T21:10:37.380Z,ian.pokorny47@gmail.com,newsletter,everyone,true,US,,,,,,Mozilla/5.0 (Windows NT 5.1; rv:11.0) Gecko Firefox/11.0 (via ggpht.com GoogleImageProxy)
155312027,2025-01-22T00:33:24.509Z,olafjkuiper@gmail.com,newsletter,everyone,true,US,,,,,,Mozilla/5.0
155312027,2025-01-22T02:27:52.768Z,aidankenney08@gmail.com,newsletter,everyone,true,US,,,,,,Mozilla/5.0
155312027,2025-01-22T02:29:08.420Z,seanand113@gmail.com,newsletter,everyone,true,US,,,,,,Mozilla/5.0
155312027,2025-01-22T03:21:32.821Z,katherinemansfield13@gmail.com,newsletter,everyone,true,US,,,,,,Mozilla/5.0 (Windows NT 5.1; rv:11.0) Gecko Firefox/11.0 (via ggpht.com GoogleImageProxy)
155312027,2025-01-22T05:52:37.496Z,henryw.2118@gmail.com,newsletter,everyone,true,US,,,,,,Mozilla/5.0
155312027,2025-01-22T06:36:24.665Z,drnewmanjacobs@yahoo.com,newsletter,everyone,true,US,,,,,,Mozilla/5.0
155312027,2025-01-22T08:46:31.392Z,Derek.uy@gmail.com,newsletter,everyone,true,US,,,,,,Mozilla/5.0
155312027,2025-01-22T08:57:09.255Z,griffin.szymoniak@gmail.com,newsletter,everyone,true,US,,,,,,Mozilla/5.0
155312027,2025-01-22T18:33:21.614Z,aidanhutch7@gmail.com,newsletter,everyone,true,NL,,,,,,Mozilla/5.0
155312027,2025-01-22T19:50:30.725Z,henryw.2118@gmail.com,newsletter,everyone,true,US,,,,,,Mozilla/5.0
155312027,2025-01-23T02:36:46.313Z,zoewcrews@gmail.com,newsletter,everyone,true,MX,,,,,,Mozilla/5.0
155312027,2025-01-23T04:04:03.159Z,jamespwilson14@gmail.com,newsletter,everyone,true,US,,,,,,Mozilla/5.0 (Windows NT 5.1; rv:11.0) Gecko Firefox/11.0 (via ggpht.com GoogleImageProxy)
155312027,2025-01-24T02:56:27.471Z,francisjacobs@icloud.com,newsletter,everyone,true,US,,,,,,Mozilla/5.0
155312027,2025-01-24T17:34:12.774Z,vaniapmark@gmail.com,newsletter,everyone,true,NL,,,,,,Mozilla/5.0
155312027,2025-01-25T18:53:15.209Z,drnewmanjacobs@yahoo.com,newsletter,everyone,true,US,,,,,,Mozilla/5.0
155312027,2025-01-27T06:12:38.997Z,olafjkuiper@gmail.com,newsletter,everyone,true,US,,,,,,Mozilla/5.0
155312027,2025-01-28T15:42:52.573Z,ptantchev@gmail.com,newsletter,everyone,false,US,,,,,,Mozilla/5.0
155312027,2025-01-29T00:58:13.232Z,jamespwilson14@gmail.com,newsletter,everyone,true,US,,,,,,Mozilla/5.0
155312027,2025-01-29T06:48:55.580Z,josephekpo@ucsb.edu,newsletter,everyone,true,US,,,,,,Mozilla/5.0
155312027,2025-01-31T04:52:00.555Z,hayeswu@icloud.com,newsletter,everyone,true,US,,,,,,Mozilla/5.0
155312027,2025-02-03T00:11:17.518Z,henryw.2118@gmail.com,newsletter,everyone,true,US,,,,,,Mozilla/5.0
155312027,2025-02-04T16:21:50.898Z,lorimoreplease@gmail.com,newsletter,everyone,true,GB,,,,,,Mozilla/5.0
