post_id,timestamp,email,post_type,post_audience,active_subscription,country,city,region,device_type,client_os,client_type,user_agent
155450247,2025-01-22T17:04:14.005Z,henryw.2118@gmail.com,newsletter,everyone,true,US,,,,,,Mozilla/5.0 (Windows NT 5.1; rv:11.0) Gecko Firefox/11.0 (via ggpht.com GoogleImageProxy)
155450247,2025-01-22T17:05:28.759Z,Eofloisand1@gmail.com,newsletter,everyone,true,US,,,,,,Mozilla/5.0 (Windows NT 5.1; rv:11.0) Gecko Firefox/11.0 (via ggpht.com GoogleImageProxy)
155450247,2025-01-22T17:12:41.166Z,willthomas127@gmail.com,newsletter,everyone,true,US,,,,,,Mozilla/5.0 (Windows NT 5.1; rv:11.0) Gecko Firefox/11.0 (via ggpht.com GoogleImageProxy)
155450247,2025-01-22T17:17:50.199Z,sebastianjacobs0@gmail.com,newsletter,everyone,true,US,,,,,,Mozilla/5.0
155450247,2025-01-22T17:20:14.173Z,lorimoreplease@gmail.com,newsletter,everyone,true,GB,,,,,,Mozilla/5.0
155450247,2025-01-22T17:31:12.115Z,griffin.szymoniak@gmail.com,newsletter,everyone,true,US,,,,,,Mozilla/5.0 (Windows NT 5.1; rv:11.0) Gecko Firefox/11.0 (via ggpht.com GoogleImageProxy)
155450247,2025-01-22T17:45:31.275Z,olafjkuiper@gmail.com,newsletter,everyone,true,US,,,,,,Mozilla/5.0
155450247,2025-01-22T17:59:20.053Z,henryw.2118@gmail.com,newsletter,everyone,true,US,,,,,,Mozilla/5.0
155450247,2025-01-22T18:33:21.615Z,aidanhutch7@gmail.com,newsletter,everyone,true,NL,,,,,,Mozilla/5.0
155450247,2025-01-22T19:39:23.938Z,ptantchev@gmail.com,newsletter,everyone,false,US,,,,,,Mozilla/5.0
155450247,2025-01-22T20:59:25.158Z,henryw.2118@gmail.com,newsletter,everyone,true,US,,,,,,Mozilla/5.0
155450247,2025-01-22T21:30:02.389Z,katherinemansfield13@gmail.com,newsletter,everyone,true,US,,,,,,Mozilla/5.0 (Windows NT 5.1; rv:11.0) Gecko Firefox/11.0 (via ggpht.com GoogleImageProxy)
155450247,2025-01-22T21:49:24.836Z,drnewmanjacobs@yahoo.com,newsletter,everyone,true,US,,,,,,Mozilla/5.0
155450247,2025-01-22T21:54:51.527Z,aidanhutch7@gmail.com,newsletter,everyone,true,US,,,,,,Mozilla/5.0 (Windows NT 5.1; rv:11.0) Gecko Firefox/11.0 (via ggpht.com GoogleImageProxy)
155450247,2025-01-22T21:54:51.632Z,aidanhutch7@gmail.com,newsletter,everyone,true,US,,,,,,Mozilla/5.0 (Windows NT 5.1; rv:11.0) Gecko Firefox/11.0 (via ggpht.com GoogleImageProxy)
155450247,2025-01-22T23:16:08.913Z,willthomas127@gmail.com,newsletter,everyone,true,US,,,,,,Mozilla/5.0 (Windows NT 5.1; rv:11.0) Gecko Firefox/11.0 (via ggpht.com GoogleImageProxy)
155450247,2025-01-22T23:27:33.128Z,hayeswu@icloud.com,newsletter,everyone,true,US,,,,,,Mozilla/5.0
155450247,2025-01-23T01:34:36.315Z,katherinemansfield13@gmail.com,newsletter,everyone,true,US,,,,,,Mozilla/5.0
155450247,2025-01-23T02:36:46.311Z,zoewcrews@gmail.com,newsletter,everyone,true,MX,,,,,,Mozilla/5.0
155450247,2025-01-23T04:03:34.077Z,jamespwilson14@gmail.com,newsletter,everyone,true,US,,,,,,Mozilla/5.0 (Windows NT 5.1; rv:11.0) Gecko Firefox/11.0 (via ggpht.com GoogleImageProxy)
155450247,2025-01-23T08:08:55.146Z,seanand113@gmail.com,newsletter,everyone,true,US,,,,,,Mozilla/5.0
155450247,2025-01-23T08:24:58.419Z,griffin.szymoniak@gmail.com,newsletter,everyone,true,US,,,,,,Mozilla/5.0
155450247,2025-01-23T12:41:37.413Z,brodyricci805@gmail.com,newsletter,everyone,true,US,,,,,,Mozilla/5.0
155450247,2025-01-23T15:46:36.986Z,katherinemansfield13@gmail.com,newsletter,everyone,true,US,,,,,,Mozilla/5.0 (Windows NT 5.1; rv:11.0) Gecko Firefox/11.0 (via ggpht.com GoogleImageProxy)
155450247,2025-01-23T17:54:42.570Z,Derek.uy@gmail.com,newsletter,everyone,true,US,,,,,,Mozilla/5.0
155450247,2025-01-24T02:22:49.433Z,willthomas127@gmail.com,newsletter,everyone,true,US,,,,,,Mozilla/5.0 (Windows NT 5.1; rv:11.0) Gecko Firefox/11.0 (via ggpht.com GoogleImageProxy)
155450247,2025-01-24T17:34:12.772Z,vaniapmark@gmail.com,newsletter,everyone,true,NL,,,,,,Mozilla/5.0
155450247,2025-01-25T19:06:53.405Z,drnewmanjacobs@yahoo.com,newsletter,everyone,true,US,,,,,,Mozilla/5.0
155450247,2025-01-25T20:32:55.936Z,vaniapmark@gmail.com,newsletter,everyone,true,US,,,,,,Mozilla/5.0
155450247,2025-01-26T00:30:18.881Z,francisjacobs@icloud.com,newsletter,everyone,true,US,,,,,,Mozilla/5.0
155450247,2025-01-27T04:56:03.247Z,olafjkuiper@gmail.com,newsletter,everyone,true,US,,,,,,Mozilla/5.0
155450247,2025-01-27T20:57:55.533Z,katherinemansfield13@gmail.com,newsletter,everyone,true,US,,,,,,Mozilla/5.0 (Windows NT 5.1; rv:11.0) Gecko Firefox/11.0 (via ggpht.com GoogleImageProxy)
155450247,2025-01-29T00:58:13.240Z,jamespwilson14@gmail.com,newsletter,everyone,true,US,,,,,,Mozilla/5.0
155450247,2025-01-29T06:48:55.581Z,josephekpo@ucsb.edu,newsletter,everyone,true,US,,,,,,Mozilla/5.0
155450247,2025-01-31T04:52:00.556Z,hayeswu@icloud.com,newsletter,everyone,true,US,,,,,,Mozilla/5.0
155450247,2025-02-03T00:59:21.609Z,henryw.2118@gmail.com,newsletter,everyone,true,US,,,,,,Mozilla/5.0
