post_id,timestamp,email,post_type,post_audience,active_subscription
155450247,2025-01-22T17:03:42.525Z,ptantchev@gmail.com,newsletter,everyone,false
155450247,2025-01-22T17:03:43.086Z,katherinemansfield13@gmail.com,newsletter,everyone,true
155450247,2025-01-22T17:03:43.451Z,derekuy@ucsb.edu,newsletter,everyone,true
155450247,2025-01-22T17:03:43.551Z,griffin.szymoniak@gmail.com,newsletter,everyone,true
155450247,2025-01-22T17:03:43.588Z,josephekpo@ucsb.edu,newsletter,everyone,true
155450247,2025-01-22T17:03:43.592Z,Derek.uy@gmail.com,newsletter,everyone,true
155450247,2025-01-22T17:03:43.603Z,olafjkuiper@gmail.com,newsletter,everyone,true
155450247,2025-01-22T17:03:43.603Z,jamespwilson14@gmail.com,newsletter,everyone,true
155450247,2025-01-22T17:03:43.612Z,Eofloisand1@gmail.com,newsletter,everyone,true
155450247,2025-01-22T17:03:43.661Z,aidanhutch7@gmail.com,newsletter,everyone,true
155450247,2025-01-22T17:03:43.723Z,willthomas127@gmail.com,newsletter,everyone,true
155450247,2025-01-22T17:03:43.796Z,seansantos3000@gmail.com,newsletter,everyone,true
155450247,2025-01-22T17:03:43.802Z,aidankenney08@gmail.com,newsletter,everyone,true
155450247,2025-01-22T17:03:43.815Z,zfgillingham@gmail.com,newsletter,everyone,true
155450247,2025-01-22T17:03:43.824Z,sebastianjacobs0@gmail.com,newsletter,everyone,true
155450247,2025-01-22T17:03:43.843Z,zoewcrews@gmail.com,newsletter,everyone,true
155450247,2025-01-22T17:03:43.857Z,seanand113@gmail.com,newsletter,everyone,true
155450247,2025-01-22T17:03:43.870Z,lorimoreplease@gmail.com,newsletter,everyone,true
155450247,2025-01-22T17:03:43.904Z,vaniapmark@gmail.com,newsletter,everyone,true
155450247,2025-01-22T17:03:43.986Z,drnewmanjacobs@yahoo.com,newsletter,everyone,true
155450247,2025-01-22T17:03:44.022Z,henryw.2118@gmail.com,newsletter,everyone,true
155450247,2025-01-22T17:03:44.025Z,kittfricke04@gmail.com,newsletter,everyone,true
155450247,2025-01-22T17:03:44.041Z,brodyricci805@gmail.com,newsletter,everyone,true
155450247,2025-01-22T17:03:44.065Z,ian.pokorny47@gmail.com,newsletter,everyone,true
155450247,2025-01-22T17:03:44.104Z,bgstudioda@gmail.com,newsletter,everyone,true
155450247,2025-01-22T17:03:44.268Z,faigorjaihometv@gmail.com,newsletter,everyone,true
155450247,2025-01-22T17:03:45.007Z,hayeswu@icloud.com,newsletter,everyone,true
155450247,2025-01-22T17:03:45.720Z,btantchev@yahoo.com,newsletter,everyone,true
155450247,2025-01-22T17:03:46.726Z,francisjacobs@icloud.com,newsletter,everyone,true
