post_id,timestamp,email,post_type,post_audience,active_subscription
155544286,2025-01-23T16:04:48.129Z,derekuy@ucsb.edu,newsletter,everyone,true
155544286,2025-01-23T16:04:48.315Z,griffin.szymoniak@gmail.com,newsletter,everyone,true
155544286,2025-01-23T16:04:48.366Z,olafjkuiper@gmail.com,newsletter,everyone,true
155544286,2025-01-23T16:04:48.379Z,jamespwilson14@gmail.com,newsletter,everyone,true
155544286,2025-01-23T16:04:48.409Z,henryw.2118@gmail.com,newsletter,everyone,true
155544286,2025-01-23T16:04:48.421Z,zfgillingham@gmail.com,newsletter,everyone,true
155544286,2025-01-23T16:04:48.473Z,sebastianjacobs0@gmail.com,newsletter,everyone,true
155544286,2025-01-23T16:04:48.622Z,zoewcrews@gmail.com,newsletter,everyone,true
155544286,2025-01-23T16:04:48.648Z,willthomas127@gmail.com,newsletter,everyone,true
155544286,2025-01-23T16:04:48.654Z,ryanking925@gmail.com,newsletter,everyone,true
155544286,2025-01-23T16:04:48.737Z,vaniapmark@gmail.com,newsletter,everyone,true
155544286,2025-01-23T16:04:48.767Z,lorimoreplease@gmail.com,newsletter,everyone,true
155544286,2025-01-23T16:04:48.791Z,josephekpo@ucsb.edu,newsletter,everyone,true
155544286,2025-01-23T16:04:48.833Z,Eofloisand1@gmail.com,newsletter,everyone,true
155544286,2025-01-23T16:04:48.883Z,Derek.uy@gmail.com,newsletter,everyone,true
155544286,2025-01-23T16:04:48.917Z,ptantchev@gmail.com,newsletter,everyone,false
155544286,2025-01-23T16:04:49.015Z,kittfricke04@gmail.com,newsletter,everyone,true
155544286,2025-01-23T16:04:49.062Z,seansantos3000@gmail.com,newsletter,everyone,true
155544286,2025-01-23T16:04:49.093Z,drnewmanjacobs@yahoo.com,newsletter,everyone,true
155544286,2025-01-23T16:04:49.094Z,bgstudioda@gmail.com,newsletter,everyone,true
155544286,2025-01-23T16:04:49.124Z,aidanhutch7@gmail.com,newsletter,everyone,true
155544286,2025-01-23T16:04:49.127Z,aidankenney08@gmail.com,newsletter,everyone,true
155544286,2025-01-23T16:04:49.150Z,brodyricci805@gmail.com,newsletter,everyone,true
155544286,2025-01-23T16:04:49.232Z,seanand113@gmail.com,newsletter,everyone,true
155544286,2025-01-23T16:04:49.341Z,ian.pokorny47@gmail.com,newsletter,everyone,true
155544286,2025-01-23T16:04:49.342Z,faigorjaihometv@gmail.com,newsletter,everyone,true
155544286,2025-01-23T16:04:50.586Z,katherinemansfield13@gmail.com,newsletter,everyone,true
155544286,2025-01-23T16:04:50.824Z,btantchev@yahoo.com,newsletter,everyone,true
155544286,2025-01-23T16:04:52.149Z,hayeswu@icloud.com,newsletter,everyone,true
155544286,2025-01-23T16:04:54.822Z,francisjacobs@icloud.com,newsletter,everyone,true
