post_id,timestamp,email,post_type,post_audience,active_subscription
155639479,2025-01-24T19:03:17.388Z,katherinemansfield13@gmail.com,newsletter,everyone,true
155639479,2025-01-24T19:03:18.366Z,deb.naude@gmail.com,newsletter,everyone,true
155639479,2025-01-24T19:03:19.505Z,ptantchev@gmail.com,newsletter,everyone,false
155639479,2025-01-24T19:03:21.456Z,josephekpo@ucsb.edu,newsletter,everyone,true
155639479,2025-01-24T19:03:21.470Z,griffin.szymoniak@gmail.com,newsletter,everyone,true
155639479,2025-01-24T19:03:21.482Z,derekuy@ucsb.edu,newsletter,everyone,true
155639479,2025-01-24T19:03:21.499Z,Eofloisand1@gmail.com,newsletter,everyone,true
155639479,2025-01-24T19:03:21.529Z,aidanhutch7@gmail.com,newsletter,everyone,true
155639479,2025-01-24T19:03:21.541Z,zfgillingham@gmail.com,newsletter,everyone,true
155639479,2025-01-24T19:03:21.545Z,bgstudioda@gmail.com,newsletter,everyone,true
155639479,2025-01-24T19:03:21.568Z,brodyricci805@gmail.com,newsletter,everyone,true
155639479,2025-01-24T19:03:21.602Z,zoewcrews@gmail.com,newsletter,everyone,true
155639479,2025-01-24T19:03:21.609Z,drnewmanjacobs@yahoo.com,newsletter,everyone,true
155639479,2025-01-24T19:03:21.642Z,ian.pokorny47@gmail.com,newsletter,everyone,true
155639479,2025-01-24T19:03:21.669Z,jamespwilson14@gmail.com,newsletter,everyone,true
155639479,2025-01-24T19:03:21.765Z,ryanking925@gmail.com,newsletter,everyone,true
155639479,2025-01-24T19:03:21.777Z,willthomas127@gmail.com,newsletter,everyone,true
155639479,2025-01-24T19:03:21.786Z,seanand113@gmail.com,newsletter,everyone,true
155639479,2025-01-24T19:03:21.788Z,henryw.2118@gmail.com,newsletter,everyone,true
155639479,2025-01-24T19:03:21.802Z,olafjkuiper@gmail.com,newsletter,everyone,true
155639479,2025-01-24T19:03:21.850Z,Derek.uy@gmail.com,newsletter,everyone,true
155639479,2025-01-24T19:03:21.920Z,lorimoreplease@gmail.com,newsletter,everyone,true
155639479,2025-01-24T19:03:21.932Z,aidankenney08@gmail.com,newsletter,everyone,true
155639479,2025-01-24T19:03:21.935Z,faigorjaihometv@gmail.com,newsletter,everyone,true
155639479,2025-01-24T19:03:21.954Z,kittfricke04@gmail.com,newsletter,everyone,true
155639479,2025-01-24T19:03:21.978Z,vaniapmark@gmail.com,newsletter,everyone,true
155639479,2025-01-24T19:03:21.980Z,sebastianjacobs0@gmail.com,newsletter,everyone,true
155639479,2025-01-24T19:03:22.006Z,seansantos3000@gmail.com,newsletter,everyone,true
155639479,2025-01-24T19:03:22.719Z,btantchev@yahoo.com,newsletter,everyone,true
155639479,2025-01-24T19:03:22.922Z,francisjacobs@icloud.com,newsletter,everyone,true
155639479,2025-01-24T19:03:24.441Z,hayeswu@icloud.com,newsletter,everyone,true
