post_id,timestamp,email,post_type,post_audience,active_subscription
155814274,2025-01-27T04:56:20.266Z,katherinemansfield13@gmail.com,newsletter,everyone,true
155814274,2025-01-27T04:56:20.732Z,ptantchev@gmail.com,newsletter,everyone,false
155814274,2025-01-27T04:56:21.047Z,ryanking925@gmail.com,newsletter,everyone,true
155814274,2025-01-27T04:56:21.086Z,deb.naude@gmail.com,newsletter,everyone,true
155814274,2025-01-27T04:56:21.089Z,Eofloisand1@gmail.com,newsletter,everyone,true
155814274,2025-01-27T04:56:21.156Z,ian.pokorny47@gmail.com,newsletter,everyone,true
155814274,2025-01-27T04:56:21.171Z,jamespwilson14@gmail.com,newsletter,everyone,true
155814274,2025-01-27T04:56:21.179Z,willthomas127@gmail.com,newsletter,everyone,true
155814274,2025-01-27T04:56:21.199Z,josephekpo@ucsb.edu,newsletter,everyone,true
155814274,2025-01-27T04:56:21.208Z,seansantos3000@gmail.com,newsletter,everyone,true
155814274,2025-01-27T04:56:21.209Z,sebastianjacobs0@gmail.com,newsletter,everyone,true
155814274,2025-01-27T04:56:21.241Z,vaniapmark@gmail.com,newsletter,everyone,true
155814274,2025-01-27T04:56:21.251Z,lorimoreplease@gmail.com,newsletter,everyone,true
155814274,2025-01-27T04:56:21.253Z,zfgillingham@gmail.com,newsletter,everyone,true
155814274,2025-01-27T04:56:21.322Z,bgstudioda@gmail.com,newsletter,everyone,true
155814274,2025-01-27T04:56:21.328Z,brodyricci805@gmail.com,newsletter,everyone,true
155814274,2025-01-27T04:56:21.345Z,zoewcrews@gmail.com,newsletter,everyone,true
155814274,2025-01-27T04:56:21.364Z,Derek.uy@gmail.com,newsletter,everyone,true
155814274,2025-01-27T04:56:21.586Z,btantchev@yahoo.com,newsletter,everyone,true
155814274,2025-01-27T04:56:21.630Z,henryw.2118@gmail.com,newsletter,everyone,true
155814274,2025-01-27T04:56:21.646Z,griffin.szymoniak@gmail.com,newsletter,everyone,true
155814274,2025-01-27T04:56:21.729Z,seanand113@gmail.com,newsletter,everyone,true
155814274,2025-01-27T04:56:21.807Z,aidankenney08@gmail.com,newsletter,everyone,true
155814274,2025-01-27T04:56:21.812Z,faigorjaihometv@gmail.com,newsletter,everyone,true
155814274,2025-01-27T04:56:21.821Z,kittfricke04@gmail.com,newsletter,everyone,true
155814274,2025-01-27T04:56:21.842Z,olafjkuiper@gmail.com,newsletter,everyone,true
155814274,2025-01-27T04:56:21.978Z,derekuy@ucsb.edu,newsletter,everyone,true
155814274,2025-01-27T04:56:22.226Z,aidanhutch7@gmail.com,newsletter,everyone,true
155814274,2025-01-27T04:56:22.512Z,drnewmanjacobs@yahoo.com,newsletter,everyone,true
155814274,2025-01-27T04:56:25.403Z,hayeswu@icloud.com,newsletter,everyone,true
155814274,2025-01-27T04:56:26.946Z,francisjacobs@icloud.com,newsletter,everyone,true
