post_id,timestamp,email,post_type,post_audience,active_subscription,country,city,region,device_type,client_os,client_type,user_agent
155814274,2025-01-27T05:10:57.920Z,francisjacobs@icloud.com,newsletter,everyone,true,US,,,,,,Mozilla/5.0
155814274,2025-01-27T05:19:15.443Z,lorimoreplease@gmail.com,newsletter,everyone,true,GB,,,,,,Mozilla/5.0
155814274,2025-01-27T05:33:35.971Z,Derek.uy@gmail.com,newsletter,everyone,true,US,,,,,,Mozilla/5.0 (Windows NT 5.1; rv:11.0) Gecko Firefox/11.0 (via ggpht.com GoogleImageProxy)
155814274,2025-01-27T05:33:38.454Z,derekuy@ucsb.edu,newsletter,everyone,true,US,,,,,,Mozilla/5.0 (Windows NT 5.1; rv:11.0) Gecko Firefox/11.0 (via ggpht.com GoogleImageProxy)
155814274,2025-01-27T05:55:17.721Z,griffin.szymoniak@gmail.com,newsletter,everyone,true,US,,,,,,Mozilla/5.0 (Windows NT 5.1; rv:11.0) Gecko Firefox/11.0 (via ggpht.com GoogleImageProxy)
155814274,2025-01-27T06:17:18.821Z,katherinemansfield13@gmail.com,newsletter,everyone,true,US,,,,,,Mozilla/5.0 (Windows NT 5.1; rv:11.0) Gecko Firefox/11.0 (via ggpht.com GoogleImageProxy)
155814274,2025-01-27T06:17:20.887Z,katherinemansfield13@gmail.com,newsletter,everyone,true,US,,,,,,Mozilla/5.0 (Windows NT 5.1; rv:11.0) Gecko Firefox/11.0 (via ggpht.com GoogleImageProxy)
155814274,2025-01-27T06:25:55.443Z,aidanhutch7@gmail.com,newsletter,everyone,true,US,,,,,,Mozilla/5.0
155814274,2025-01-27T07:41:19.695Z,zoewcrews@gmail.com,newsletter,everyone,true,NL,,,,,,Mozilla/5.0
155814274,2025-01-27T08:18:23.898Z,hayeswu@icloud.com,newsletter,everyone,true,NL,,,,,,Mozilla/5.0
155814274,2025-01-27T08:29:23.258Z,katherinemansfield13@gmail.com,newsletter,everyone,true,US,,,,,,Mozilla/5.0
155814274,2025-01-27T08:51:28.720Z,seanand113@gmail.com,newsletter,everyone,true,US,,,,,,Mozilla/5.0
155814274,2025-01-27T09:58:18.902Z,henryw.2118@gmail.com,newsletter,everyone,true,US,,,,,,Mozilla/5.0 (Windows NT 5.1; rv:11.0) Gecko Firefox/11.0 (via ggpht.com GoogleImageProxy)
155814274,2025-01-27T12:40:03.943Z,griffin.szymoniak@gmail.com,newsletter,everyone,true,US,,,,,,Mozilla/5.0
155814274,2025-01-27T14:20:01.642Z,drnewmanjacobs@yahoo.com,newsletter,everyone,true,US,,,,,,Mozilla/5.0
155814274,2025-01-27T17:00:50.453Z,francisjacobs@icloud.com,newsletter,everyone,true,US,,,,,,Mozilla/5.0
155814274,2025-01-27T17:52:17.736Z,ptantchev@gmail.com,newsletter,everyone,false,US,,,,,,Mozilla/5.0 (Windows NT 5.1; rv:11.0) Gecko Firefox/11.0 (via ggpht.com GoogleImageProxy)
155814274,2025-01-27T19:21:50.485Z,aidanhutch7@gmail.com,newsletter,everyone,true,US,,,,,,Mozilla/5.0 (Windows NT 5.1; rv:11.0) Gecko Firefox/11.0 (via ggpht.com GoogleImageProxy)
155814274,2025-01-27T20:00:00.999Z,btantchev@yahoo.com,newsletter,everyone,true,US,,,,,,YahooMailProxy; https://help.yahoo.com/kb/yahoo-mail-proxy-SLN28749.html
155814274,2025-01-27T20:30:58.915Z,deb.naude@gmail.com,newsletter,everyone,true,NL,,,,,,Mozilla/5.0
155814274,2025-01-28T00:24:57.165Z,deb.naude@gmail.com,newsletter,everyone,true,US,,,,,,Mozilla/5.0
155814274,2025-01-28T01:47:25.989Z,sebastianjacobs0@gmail.com,newsletter,everyone,true,US,,,,,,Mozilla/5.0
155814274,2025-01-28T05:16:58.770Z,olafjkuiper@gmail.com,newsletter,everyone,true,US,,,,,,Mozilla/5.0
155814274,2025-01-28T05:17:21.707Z,Eofloisand1@gmail.com,newsletter,everyone,true,US,,,,,,Mozilla/5.0 (Windows NT 5.1; rv:11.0) Gecko Firefox/11.0 (via ggpht.com GoogleImageProxy)
155814274,2025-01-28T05:29:33.606Z,olafjkuiper@gmail.com,newsletter,everyone,true,NL,,,,,,Mozilla/5.0
155814274,2025-01-28T21:44:51.699Z,brodyricci805@gmail.com,newsletter,everyone,true,US,,,,,,Mozilla/5.0
155814274,2025-01-29T01:53:16.203Z,jamespwilson14@gmail.com,newsletter,everyone,true,US,,,,,,Mozilla/5.0
155814274,2025-01-29T04:39:28.178Z,drnewmanjacobs@yahoo.com,newsletter,everyone,true,US,,,,,,Mozilla/5.0
155814274,2025-01-29T06:50:03.570Z,deb.naude@gmail.com,newsletter,everyone,true,US,,,,,,Mozilla/5.0
155814274,2025-01-29T15:33:13.398Z,ptantchev@gmail.com,newsletter,everyone,false,US,,,,,,Mozilla/5.0
155814274,2025-01-30T15:21:48.145Z,vaniapmark@gmail.com,newsletter,everyone,true,US,,,,,,Mozilla/5.0
155814274,2025-01-31T05:16:14.985Z,hayeswu@icloud.com,newsletter,everyone,true,US,,,,,,Mozilla/5.0
155814274,2025-01-31T17:46:24.369Z,josephekpo@ucsb.edu,newsletter,everyone,true,US,,,,,,Mozilla/5.0
155814274,2025-02-02T22:36:15.600Z,henryw.2118@gmail.com,newsletter,everyone,true,US,,,,,,Mozilla/5.0
155814274,2025-02-03T00:39:13.983Z,henryw.2118@gmail.com,newsletter,everyone,true,US,,,,,,Mozilla/5.0
155814274,2025-02-09T06:52:25.272Z,vaniapmark@gmail.com,newsletter,everyone,true,US,,,,,,Mozilla/5.0
155814274,2025-02-23T19:34:45.385Z,henryw.2118@gmail.com,newsletter,everyone,true,US,,,,,,Mozilla/5.0
