post_id,timestamp,email,post_type,post_audience,active_subscription
155995723,2025-01-29T16:46:03.305Z,katherinemansfield13@gmail.com,newsletter,everyone,true
155995723,2025-01-29T16:46:03.927Z,ptantchev@gmail.com,newsletter,everyone,false
155995723,2025-01-29T16:46:04.295Z,deb.naude@gmail.com,newsletter,everyone,true
155995723,2025-01-29T16:46:04.300Z,griffin.szymoniak@gmail.com,newsletter,everyone,true
155995723,2025-01-29T16:46:04.376Z,josephekpo@ucsb.edu,newsletter,everyone,true
155995723,2025-01-29T16:46:04.456Z,henryw.2118@gmail.com,newsletter,everyone,true
155995723,2025-01-29T16:46:04.458Z,willthomas127@gmail.com,newsletter,everyone,true
155995723,2025-01-29T16:46:04.496Z,zfgillingham@gmail.com,newsletter,everyone,true
155995723,2025-01-29T16:46:04.497Z,sebastianjacobs0@gmail.com,newsletter,everyone,true
155995723,2025-01-29T16:46:04.506Z,bgstudioda@gmail.com,newsletter,everyone,true
155995723,2025-01-29T16:46:04.514Z,aidankenney08@gmail.com,newsletter,everyone,true
155995723,2025-01-29T16:46:04.581Z,derekuy@ucsb.edu,newsletter,everyone,true
155995723,2025-01-29T16:46:04.650Z,olafjkuiper@gmail.com,newsletter,everyone,true
155995723,2025-01-29T16:46:04.674Z,seanand113@gmail.com,newsletter,everyone,true
155995723,2025-01-29T16:46:04.707Z,vaniapmark@gmail.com,newsletter,everyone,true
155995723,2025-01-29T16:46:04.723Z,ryanking925@gmail.com,newsletter,everyone,true
155995723,2025-01-29T16:46:04.736Z,Derek.uy@gmail.com,newsletter,everyone,true
155995723,2025-01-29T16:46:04.769Z,lorimoreplease@gmail.com,newsletter,everyone,true
155995723,2025-01-29T16:46:04.769Z,jamespwilson14@gmail.com,newsletter,everyone,true
155995723,2025-01-29T16:46:04.839Z,Eofloisand1@gmail.com,newsletter,everyone,true
155995723,2025-01-29T16:46:04.848Z,drnewmanjacobs@yahoo.com,newsletter,everyone,true
155995723,2025-01-29T16:46:04.857Z,aidanhutch7@gmail.com,newsletter,everyone,true
155995723,2025-01-29T16:46:04.925Z,ian.pokorny47@gmail.com,newsletter,everyone,true
155995723,2025-01-29T16:46:04.961Z,seansantos3000@gmail.com,newsletter,everyone,true
155995723,2025-01-29T16:46:04.992Z,kittfricke04@gmail.com,newsletter,everyone,true
155995723,2025-01-29T16:46:05.148Z,brodyricci805@gmail.com,newsletter,everyone,true
155995723,2025-01-29T16:46:05.170Z,faigorjaihometv@gmail.com,newsletter,everyone,true
155995723,2025-01-29T16:46:05.216Z,btantchev@yahoo.com,newsletter,everyone,true
155995723,2025-01-29T16:46:05.293Z,zoewcrews@gmail.com,newsletter,everyone,true
155995723,2025-01-29T16:46:08.083Z,hayeswu@icloud.com,newsletter,everyone,true
155995723,2025-01-29T16:46:11.971Z,francisjacobs@icloud.com,newsletter,everyone,true
