post_id,timestamp,email,post_type,post_audience,active_subscription,country,city,region,device_type,client_os,client_type,user_agent
155995723,2025-01-29T16:46:30.946Z,willthomas127@gmail.com,newsletter,everyone,true,US,,,,,,Mozilla/5.0 (Windows NT 5.1; rv:11.0) Gecko Firefox/11.0 (via ggpht.com GoogleImageProxy)
155995723,2025-01-29T16:50:00.694Z,Eofloisand1@gmail.com,newsletter,everyone,true,US,,,,,,Mozilla/5.0 (Windows NT 5.1; rv:11.0) Gecko Firefox/11.0 (via ggpht.com GoogleImageProxy)
155995723,2025-01-29T16:52:16.803Z,aidanhutch7@gmail.com,newsletter,everyone,true,US,,,,,,Mozilla/5.0 (Windows NT 5.1; rv:11.0) Gecko Firefox/11.0 (via ggpht.com GoogleImageProxy)
155995723,2025-01-29T16:53:09.479Z,willthomas127@gmail.com,newsletter,everyone,true,US,,,,,,Mozilla/5.0 (Windows NT 5.1; rv:11.0) Gecko Firefox/11.0 (via ggpht.com GoogleImageProxy)
155995723,2025-01-29T17:05:12.454Z,deb.naude@gmail.com,newsletter,everyone,true,US,,,,,,Mozilla/5.0
155995723,2025-01-29T17:12:29.620Z,deb.naude@gmail.com,newsletter,everyone,true,US,,,,,,Mozilla/5.0
155995723,2025-01-29T17:16:12.316Z,olafjkuiper@gmail.com,newsletter,everyone,true,US,,,,,,Mozilla/5.0
155995723,2025-01-29T17:17:58.762Z,ptantchev@gmail.com,newsletter,everyone,false,US,,,,,,Mozilla/5.0 (Windows NT 5.1; rv:11.0) Gecko Firefox/11.0 (via ggpht.com GoogleImageProxy)
155995723,2025-01-29T17:40:45.719Z,hayeswu@icloud.com,newsletter,everyone,true,US,,,,,,Mozilla/5.0
155995723,2025-01-29T17:52:59.745Z,seanand113@gmail.com,newsletter,everyone,true,US,,,,,,Mozilla/5.0
155995723,2025-01-29T19:34:20.423Z,drnewmanjacobs@yahoo.com,newsletter,everyone,true,NL,,,,,,Mozilla/5.0
155995723,2025-01-29T20:11:20.169Z,brodyricci805@gmail.com,newsletter,everyone,true,US,,,,,,Mozilla/5.0
155995723,2025-01-29T20:15:12.328Z,derekuy@ucsb.edu,newsletter,everyone,true,US,,,,,,Mozilla/5.0 (Windows NT 5.1; rv:11.0) Gecko Firefox/11.0 (via ggpht.com GoogleImageProxy)
155995723,2025-01-29T20:34:42.946Z,griffin.szymoniak@gmail.com,newsletter,everyone,true,US,,,,,,Mozilla/5.0 (Windows NT 5.1; rv:11.0) Gecko Firefox/11.0 (via ggpht.com GoogleImageProxy)
155995723,2025-01-29T22:09:02.515Z,lorimoreplease@gmail.com,newsletter,everyone,true,GB,,,,,,Mozilla/5.0
155995723,2025-01-29T23:53:53.911Z,olafjkuiper@gmail.com,newsletter,everyone,true,US,,,,,,Mozilla/5.0
155995723,2025-01-30T00:32:02.793Z,francisjacobs@icloud.com,newsletter,everyone,true,NL,,,,,,Mozilla/5.0
155995723,2025-01-30T01:28:36.009Z,vaniapmark@gmail.com,newsletter,everyone,true,US,,,,,,Mozilla/5.0
155995723,2025-01-30T02:23:50.934Z,henryw.2118@gmail.com,newsletter,everyone,true,NL,,,,,,Mozilla/5.0
155995723,2025-01-30T03:30:36.692Z,Derek.uy@gmail.com,newsletter,everyone,true,US,,,,,,Mozilla/5.0
155995723,2025-01-30T04:37:49.900Z,katherinemansfield13@gmail.com,newsletter,everyone,true,US,,,,,,Mozilla/5.0
155995723,2025-01-30T08:45:15.312Z,sebastianjacobs0@gmail.com,newsletter,everyone,true,US,,,,,,Mozilla/5.0
155995723,2025-01-30T10:12:57.036Z,griffin.szymoniak@gmail.com,newsletter,everyone,true,US,,,,,,Mozilla/5.0
155995723,2025-01-30T12:23:36.418Z,aidanhutch7@gmail.com,newsletter,everyone,true,NL,,,,,,Mozilla/5.0
155995723,2025-01-30T16:35:40.244Z,vaniapmark@gmail.com,newsletter,everyone,true,US,,,,,,Mozilla/5.0
155995723,2025-01-30T17:15:08.226Z,jamespwilson14@gmail.com,newsletter,everyone,true,US,,,,,,Mozilla/5.0 (Windows NT 5.1; rv:11.0) Gecko Firefox/11.0 (via ggpht.com GoogleImageProxy)
155995723,2025-01-30T21:45:17.433Z,griffin.szymoniak@gmail.com,newsletter,everyone,true,US,,,,,,Mozilla/5.0 (Windows NT 5.1; rv:11.0) Gecko Firefox/11.0 (via ggpht.com GoogleImageProxy)
155995723,2025-01-31T00:46:17.716Z,deb.naude@gmail.com,newsletter,everyone,true,US,,,,,,Mozilla/5.0 (Windows NT 5.1; rv:11.0) Gecko Firefox/11.0 (via ggpht.com GoogleImageProxy)
155995723,2025-01-31T00:46:28.689Z,deb.naude@gmail.com,newsletter,everyone,true,US,,,,,,Mozilla/5.0 (Windows NT 5.1; rv:11.0) Gecko Firefox/11.0 (via ggpht.com GoogleImageProxy)
155995723,2025-01-31T06:01:10.454Z,hayeswu@icloud.com,newsletter,everyone,true,US,,,,,,Mozilla/5.0
155995723,2025-01-31T18:30:49.376Z,josephekpo@ucsb.edu,newsletter,everyone,true,US,,,,,,Mozilla/5.0
155995723,2025-02-02T23:20:31.282Z,jamespwilson14@gmail.com,newsletter,everyone,true,US,,,,,,Mozilla/5.0
155995723,2025-02-03T00:39:13.982Z,henryw.2118@gmail.com,newsletter,everyone,true,US,,,,,,Mozilla/5.0
155995723,2025-02-03T12:27:05.880Z,zoewcrews@gmail.com,newsletter,everyone,true,US,,,,,,Mozilla/5.0
155995723,2025-02-03T21:40:17.030Z,drnewmanjacobs@yahoo.com,newsletter,everyone,true,US,,,,,,Mozilla/5.0
155995723,2025-02-03T22:03:52.802Z,henryw.2118@gmail.com,newsletter,everyone,true,NL,,,,,,Mozilla/5.0
155995723,2025-02-04T16:21:50.896Z,lorimoreplease@gmail.com,newsletter,everyone,true,GB,,,,,,Mozilla/5.0
155995723,2025-02-05T15:50:09.439Z,ptantchev@gmail.com,newsletter,everyone,false,NL,,,,,,Mozilla/5.0
155995723,2025-02-09T06:52:25.270Z,vaniapmark@gmail.com,newsletter,everyone,true,US,,,,,,Mozilla/5.0
155995723,2025-02-25T23:23:34.348Z,aidankenney08@gmail.com,newsletter,everyone,true,US,,,,,,Mozilla/5.0
