post_id,timestamp,email,post_type,post_audience,active_subscription,country,city,region,device_type,client_os,client_type,user_agent
156041596,2025-01-30T16:48:26.212Z,ryanking925@gmail.com,newsletter,everyone,true,US,,,,,,Mozilla/5.0 (Windows NT 5.1; rv:11.0) Gecko Firefox/11.0 (via ggpht.com GoogleImageProxy)
156041596,2025-01-30T16:55:36.577Z,sebastianjacobs0@gmail.com,newsletter,everyone,true,US,,,,,,Mozilla/5.0
156041596,2025-01-30T16:55:59.479Z,willthomas127@gmail.com,newsletter,everyone,true,US,,,,,,Mozilla/5.0 (Windows NT 5.1; rv:11.0) Gecko Firefox/11.0 (via ggpht.com GoogleImageProxy)
156041596,2025-01-30T16:59:38.198Z,jamespwilson14@gmail.com,newsletter,everyone,true,US,,,,,,Mozilla/5.0 (Windows NT 5.1; rv:11.0) Gecko Firefox/11.0 (via ggpht.com GoogleImageProxy)
156041596,2025-01-30T17:26:39.303Z,seanand113@gmail.com,newsletter,everyone,true,US,,,,,,Mozilla/5.0
156041596,2025-01-30T17:34:19.134Z,olafjkuiper@gmail.com,newsletter,everyone,true,US,,,,,,Mozilla/5.0
156041596,2025-01-30T18:13:56.365Z,Eofloisand1@gmail.com,newsletter,everyone,true,US,,,,,,Mozilla/5.0 (Windows NT 5.1; rv:11.0) Gecko Firefox/11.0 (via ggpht.com GoogleImageProxy)
156041596,2025-01-30T18:14:21.242Z,Eofloisand1@gmail.com,newsletter,everyone,true,US,,,,,,Mozilla/5.0 (Windows NT 5.1; rv:11.0) Gecko Firefox/11.0 (via ggpht.com GoogleImageProxy)
156041596,2025-01-30T18:39:12.825Z,Eofloisand1@gmail.com,newsletter,everyone,true,US,,,,,,Mozilla/5.0 (Windows NT 5.1; rv:11.0) Gecko Firefox/11.0 (via ggpht.com GoogleImageProxy)
156041596,2025-01-30T18:43:52.568Z,brodyricci805@gmail.com,newsletter,everyone,true,US,,,,,,Mozilla/5.0
156041596,2025-01-30T18:46:57.455Z,katherinemansfield13@gmail.com,newsletter,everyone,true,US,,,,,,Mozilla/5.0 (Windows NT 5.1; rv:11.0) Gecko Firefox/11.0 (via ggpht.com GoogleImageProxy)
156041596,2025-01-30T19:46:14.840Z,katherinemansfield13@gmail.com,newsletter,everyone,true,US,,,,,,Mozilla/5.0 (Windows NT 5.1; rv:11.0) Gecko Firefox/11.0 (via ggpht.com GoogleImageProxy)
156041596,2025-01-30T20:24:57.834Z,aidanhutch7@gmail.com,newsletter,everyone,true,US,,,,,,Mozilla/5.0
156041596,2025-01-30T20:49:04.879Z,ptantchev@gmail.com,newsletter,everyone,false,US,,,,,,Mozilla/5.0
156041596,2025-01-30T21:44:56.364Z,griffin.szymoniak@gmail.com,newsletter,everyone,true,US,,,,,,Mozilla/5.0 (Windows NT 5.1; rv:11.0) Gecko Firefox/11.0 (via ggpht.com GoogleImageProxy)
156041596,2025-01-30T22:02:01.503Z,francisjacobs@icloud.com,newsletter,everyone,true,US,,,,,,Mozilla/5.0
156041596,2025-01-30T22:15:16.077Z,Derek.uy@gmail.com,newsletter,everyone,true,US,,,,,,Mozilla/5.0 (Windows NT 5.1; rv:11.0) Gecko Firefox/11.0 (via ggpht.com GoogleImageProxy)
156041596,2025-01-30T22:22:59.052Z,drnewmanjacobs@yahoo.com,newsletter,everyone,true,US,,,,,,Mozilla/5.0
156041596,2025-01-30T23:00:27.956Z,derekuy@ucsb.edu,newsletter,everyone,true,US,,,,,,Mozilla/5.0 (Windows NT 5.1; rv:11.0) Gecko Firefox/11.0 (via ggpht.com GoogleImageProxy)
156041596,2025-01-30T23:00:51.425Z,derekuy@ucsb.edu,newsletter,everyone,true,US,,,,,,Mozilla/5.0 (Windows NT 5.1; rv:11.0) Gecko Firefox/11.0 (via ggpht.com GoogleImageProxy)
156041596,2025-01-30T23:27:59.070Z,olafjkuiper@gmail.com,newsletter,everyone,true,US,,,,,,Mozilla/5.0
156041596,2025-01-31T00:16:42.093Z,hayeswu@icloud.com,newsletter,everyone,true,NL,,,,,,Mozilla/5.0
156041596,2025-01-31T00:36:17.874Z,deb.naude@gmail.com,newsletter,everyone,true,US,,,,,,Mozilla/5.0 (Windows NT 5.1; rv:11.0) Gecko Firefox/11.0 (via ggpht.com GoogleImageProxy)
156041596,2025-01-31T00:37:14.754Z,deb.naude@gmail.com,newsletter,everyone,true,US,,,,,,Mozilla/5.0 (Windows NT 5.1; rv:11.0) Gecko Firefox/11.0 (via ggpht.com GoogleImageProxy)
156041596,2025-01-31T01:34:56.402Z,henryw.2118@gmail.com,newsletter,everyone,true,US,,,,,,Mozilla/5.0
156041596,2025-01-31T03:20:34.835Z,Derek.uy@gmail.com,newsletter,everyone,true,US,,,,,,Mozilla/5.0
156041596,2025-01-31T06:01:10.455Z,hayeswu@icloud.com,newsletter,everyone,true,US,,,,,,Mozilla/5.0
156041596,2025-01-31T13:46:02.247Z,griffin.szymoniak@gmail.com,newsletter,everyone,true,NL,,,,,,Mozilla/5.0
156041596,2025-01-31T15:23:35.476Z,lorimoreplease@gmail.com,newsletter,everyone,true,GB,,,,,,Mozilla/5.0
156041596,2025-01-31T16:27:57.519Z,zoewcrews@gmail.com,newsletter,everyone,true,US,,,,,,Mozilla/5.0
156041596,2025-01-31T20:59:22.550Z,vaniapmark@gmail.com,newsletter,everyone,true,US,,,,,,Mozilla/5.0
156041596,2025-01-31T22:22:39.984Z,seansantos3000@gmail.com,newsletter,everyone,true,US,,,,,,Mozilla/5.0 (Windows NT 5.1; rv:11.0) Gecko Firefox/11.0 (via ggpht.com GoogleImageProxy)
156041596,2025-02-02T02:25:09.538Z,deb.naude@gmail.com,newsletter,everyone,true,US,,,,,,Mozilla/5.0
156041596,2025-02-02T21:08:09.502Z,josephekpo@ucsb.edu,newsletter,everyone,true,US,,,,,,Mozilla/5.0
156041596,2025-02-02T23:22:31.058Z,jamespwilson14@gmail.com,newsletter,everyone,true,US,,,,,,Mozilla/5.0
156041596,2025-02-03T00:11:17.518Z,henryw.2118@gmail.com,newsletter,everyone,true,US,,,,,,Mozilla/5.0
156041596,2025-02-03T20:50:41.003Z,henryw.2118@gmail.com,newsletter,everyone,true,US,,,,,,Mozilla/5.0
156041596,2025-02-03T22:08:37.172Z,drnewmanjacobs@yahoo.com,newsletter,everyone,true,US,,,,,,Mozilla/5.0
156041596,2025-02-04T16:21:50.897Z,lorimoreplease@gmail.com,newsletter,everyone,true,GB,,,,,,Mozilla/5.0
156041596,2025-02-09T06:10:22.727Z,vaniapmark@gmail.com,newsletter,everyone,true,NL,,,,,,Mozilla/5.0
156041596,2025-02-25T23:23:34.348Z,aidankenney08@gmail.com,newsletter,everyone,true,US,,,,,,Mozilla/5.0
