post_id,timestamp,email,post_type,post_audience,active_subscription
156041596,2025-01-30T16:45:49.150Z,ptantchev@gmail.com,newsletter,everyone,false
156041596,2025-01-30T16:45:49.661Z,deb.naude@gmail.com,newsletter,everyone,true
156041596,2025-01-30T16:45:49.768Z,katherinemansfield13@gmail.com,newsletter,everyone,true
156041596,2025-01-30T16:45:50.162Z,seanand113@gmail.com,newsletter,everyone,true
156041596,2025-01-30T16:45:50.189Z,Derek.uy@gmail.com,newsletter,everyone,true
156041596,2025-01-30T16:45:50.219Z,kittfricke04@gmail.com,newsletter,everyone,true
156041596,2025-01-30T16:45:50.233Z,zoewcrews@gmail.com,newsletter,everyone,true
156041596,2025-01-30T16:45:50.288Z,aidanhutch7@gmail.com,newsletter,everyone,true
156041596,2025-01-30T16:45:50.310Z,seansantos3000@gmail.com,newsletter,everyone,true
156041596,2025-01-30T16:45:50.388Z,derekuy@ucsb.edu,newsletter,everyone,true
156041596,2025-01-30T16:45:50.403Z,willthomas127@gmail.com,newsletter,everyone,true
156041596,2025-01-30T16:45:50.445Z,btantchev@yahoo.com,newsletter,everyone,true
156041596,2025-01-30T16:45:50.460Z,ian.pokorny47@gmail.com,newsletter,everyone,true
156041596,2025-01-30T16:45:50.470Z,aidankenney08@gmail.com,newsletter,everyone,true
156041596,2025-01-30T16:45:50.475Z,brodyricci805@gmail.com,newsletter,everyone,true
156041596,2025-01-30T16:45:50.486Z,henryw.2118@gmail.com,newsletter,everyone,true
156041596,2025-01-30T16:45:50.515Z,josephekpo@ucsb.edu,newsletter,everyone,true
156041596,2025-01-30T16:45:50.528Z,olafjkuiper@gmail.com,newsletter,everyone,true
156041596,2025-01-30T16:45:50.580Z,francisjacobs@icloud.com,newsletter,everyone,true
156041596,2025-01-30T16:45:50.652Z,ryanking925@gmail.com,newsletter,everyone,true
156041596,2025-01-30T16:45:50.655Z,sebastianjacobs0@gmail.com,newsletter,everyone,true
156041596,2025-01-30T16:45:50.696Z,jamespwilson14@gmail.com,newsletter,everyone,true
156041596,2025-01-30T16:45:50.761Z,vaniapmark@gmail.com,newsletter,everyone,true
156041596,2025-01-30T16:45:50.805Z,bgstudioda@gmail.com,newsletter,everyone,true
156041596,2025-01-30T16:45:50.833Z,zfgillingham@gmail.com,newsletter,everyone,true
156041596,2025-01-30T16:45:50.933Z,faigorjaihometv@gmail.com,newsletter,everyone,true
156041596,2025-01-30T16:45:50.986Z,Eofloisand1@gmail.com,newsletter,everyone,true
156041596,2025-01-30T16:45:51.194Z,griffin.szymoniak@gmail.com,newsletter,everyone,true
156041596,2025-01-30T16:45:51.229Z,drnewmanjacobs@yahoo.com,newsletter,everyone,true
156041596,2025-01-30T16:45:51.273Z,lorimoreplease@gmail.com,newsletter,everyone,true
156041596,2025-01-30T16:45:58.636Z,hayeswu@icloud.com,newsletter,everyone,true
