post_id,timestamp,email,post_type,post_audience,active_subscription,country,city,region,device_type,client_os,client_type,user_agent
156392454,2025-02-03T17:05:24.026Z,brodyricci805@gmail.com,newsletter,everyone,true,US,,,,,,Mozilla/5.0 (Windows NT 5.1; rv:11.0) Gecko Firefox/11.0 (via ggpht.com GoogleImageProxy)
156392454,2025-02-03T17:10:21.258Z,deb.naude@gmail.com,newsletter,everyone,true,US,,,,,,Mozilla/5.0
156392454,2025-02-03T17:42:48.232Z,aidanhutch7@gmail.com,newsletter,everyone,true,US,,,,,,Mozilla/5.0 (Windows NT 5.1; rv:11.0) Gecko Firefox/11.0 (via ggpht.com GoogleImageProxy)
156392454,2025-02-03T18:09:15.617Z,josephekpo@ucsb.edu,newsletter,everyone,true,US,,,,,,Mozilla/5.0 (Windows NT 5.1; rv:11.0) Gecko Firefox/11.0 (via ggpht.com GoogleImageProxy)
156392454,2025-02-03T18:18:52.533Z,deb.naude@gmail.com,newsletter,everyone,true,US,,,,,,Mozilla/5.0 (Windows NT 5.1; rv:11.0) Gecko Firefox/11.0 (via ggpht.com GoogleImageProxy)
156392454,2025-02-03T18:18:53.392Z,deb.naude@gmail.com,newsletter,everyone,true,US,,,,,,Mozilla/5.0 (Windows NT 5.1; rv:11.0) Gecko Firefox/11.0 (via ggpht.com GoogleImageProxy)
156392454,2025-02-03T18:24:22.678Z,henryw.2118@gmail.com,newsletter,everyone,true,US,,,,,,Mozilla/5.0
156392454,2025-02-03T18:36:04.935Z,sebastianjacobs0@gmail.com,newsletter,everyone,true,US,,,,,,Mozilla/5.0
156392454,2025-02-03T18:40:15.239Z,josephekpo@ucsb.edu,newsletter,everyone,true,US,,,,,,Mozilla/5.0 (Windows NT 5.1; rv:11.0) Gecko Firefox/11.0 (via ggpht.com GoogleImageProxy)
156392454,2025-02-03T18:53:07.897Z,ian.pokorny47@gmail.com,newsletter,everyone,true,US,,,,,,Mozilla/5.0 (Windows NT 5.1; rv:11.0) Gecko Firefox/11.0 (via ggpht.com GoogleImageProxy)
156392454,2025-02-03T19:04:31.020Z,brodyricci805@gmail.com,newsletter,everyone,true,US,,,,,,Mozilla/5.0
156392454,2025-02-03T19:28:14.742Z,hayeswu@icloud.com,newsletter,everyone,true,US,,,,,,Mozilla/5.0
156392454,2025-02-03T19:36:37.336Z,Derek.uy@gmail.com,newsletter,everyone,true,US,,,,,,Mozilla/5.0 (Windows NT 5.1; rv:11.0) Gecko Firefox/11.0 (via ggpht.com GoogleImageProxy)
156392454,2025-02-03T20:36:32.362Z,Derek.uy@gmail.com,newsletter,everyone,true,US,,,,,,Mozilla/5.0
156392454,2025-02-03T21:21:58.860Z,lorimoreplease@gmail.com,newsletter,everyone,true,GB,,,,,,Mozilla/5.0
156392454,2025-02-03T21:23:46.296Z,hayeswu@icloud.com,newsletter,everyone,true,US,,,,,,Mozilla/5.0
156392454,2025-02-03T21:32:03.447Z,Derek.uy@gmail.com,newsletter,everyone,true,US,,,,,,Mozilla/5.0 (Windows NT 5.1; rv:11.0) Gecko Firefox/11.0 (via ggpht.com GoogleImageProxy)
156392454,2025-02-03T22:55:02.840Z,henryw.2118@gmail.com,newsletter,everyone,true,NL,,,,,,Mozilla/5.0
156392454,2025-02-03T23:25:05.913Z,deb.naude@gmail.com,newsletter,everyone,true,US,,,,,,Mozilla/5.0
156392454,2025-02-04T00:05:42.454Z,aidanhutch7@gmail.com,newsletter,everyone,true,US,,,,,,Mozilla/5.0
156392454,2025-02-04T00:06:59.143Z,olafjkuiper@gmail.com,newsletter,everyone,true,US,,,,,,Mozilla/5.0
156392454,2025-02-04T00:33:47.385Z,seanand113@gmail.com,newsletter,everyone,true,US,,,,,,Mozilla/5.0
156392454,2025-02-04T02:32:40.072Z,Eofloisand1@gmail.com,newsletter,everyone,true,US,,,,,,Mozilla/5.0 (Windows NT 5.1; rv:11.0) Gecko Firefox/11.0 (via ggpht.com GoogleImageProxy)
156392454,2025-02-04T03:55:59.853Z,henryw.2118@gmail.com,newsletter,everyone,true,US,,,,,,Mozilla/5.0
156392454,2025-02-04T04:56:44.433Z,ptantchev@gmail.com,newsletter,everyone,false,NL,,,,,,Mozilla/5.0
156392454,2025-02-04T09:05:58.480Z,lorimoreplease@gmail.com,newsletter,everyone,true,US,,,,,,Mozilla/5.0 (Windows NT 5.1; rv:11.0) Gecko Firefox/11.0 (via ggpht.com GoogleImageProxy)
156392454,2025-02-04T09:19:08.646Z,griffin.szymoniak@gmail.com,newsletter,everyone,true,US,,,,,,Mozilla/5.0
156392454,2025-02-04T11:12:36.182Z,olafjkuiper@gmail.com,newsletter,everyone,true,US,,,,,,Mozilla/5.0
156392454,2025-02-04T16:21:50.896Z,lorimoreplease@gmail.com,newsletter,everyone,true,GB,,,,,,Mozilla/5.0
156392454,2025-02-04T18:13:35.375Z,francisjacobs@icloud.com,newsletter,everyone,true,US,,,,,,Mozilla/5.0
156392454,2025-02-04T19:16:10.898Z,jamespwilson14@gmail.com,newsletter,everyone,true,US,,,,,,Mozilla/5.0
156392454,2025-02-05T02:34:30.171Z,josephekpo@ucsb.edu,newsletter,everyone,true,US,,,,,,Mozilla/5.0
156392454,2025-02-05T05:33:56.463Z,ian.pokorny47@gmail.com,newsletter,everyone,true,US,,,,,,Mozilla/5.0 (Windows NT 5.1; rv:11.0) Gecko Firefox/11.0 (via ggpht.com GoogleImageProxy)
156392454,2025-02-05T06:05:04.273Z,vaniapmark@gmail.com,newsletter,everyone,true,US,,,,,,Mozilla/5.0
156392454,2025-02-05T12:52:17.331Z,katherinemansfield13@gmail.com,newsletter,everyone,true,US,,,,,,Mozilla/5.0
156392454,2025-02-05T19:09:49.211Z,drnewmanjacobs@yahoo.com,newsletter,everyone,true,US,,,,,,Mozilla/5.0
156392454,2025-02-05T21:13:48.534Z,drnewmanjacobs@yahoo.com,newsletter,everyone,true,US,,,,,,Mozilla/5.0
156392454,2025-02-09T08:39:20.591Z,vaniapmark@gmail.com,newsletter,everyone,true,NL,,,,,,Mozilla/5.0
156392454,2025-02-25T23:18:36.226Z,aidankenney08@gmail.com,newsletter,everyone,true,US,,,,,,Mozilla/5.0
156392454,2025-02-28T09:42:06.828Z,seanand113@gmail.com,newsletter,everyone,true,US,,,,,,Mozilla/5.0
