post_id,timestamp,email,post_type,post_audience,active_subscription
156392454,2025-02-03T17:04:47.518Z,ptantchev@gmail.com,newsletter,everyone,false
156392454,2025-02-03T17:04:48.381Z,katherinemansfield13@gmail.com,newsletter,everyone,true
156392454,2025-02-03T17:04:50.002Z,deb.naude@gmail.com,newsletter,everyone,true
156392454,2025-02-03T17:04:50.478Z,zfgillingham@gmail.com,newsletter,everyone,true
156392454,2025-02-03T17:04:50.489Z,josephekpo@ucsb.edu,newsletter,everyone,true
156392454,2025-02-03T17:04:50.498Z,bgstudioda@gmail.com,newsletter,everyone,true
156392454,2025-02-03T17:04:50.837Z,willthomas127@gmail.com,newsletter,everyone,true
156392454,2025-02-03T17:04:50.853Z,jamespwilson14@gmail.com,newsletter,everyone,true
156392454,2025-02-03T17:04:50.970Z,henryw.2118@gmail.com,newsletter,everyone,true
156392454,2025-02-03T17:04:50.978Z,aidankenney08@gmail.com,newsletter,everyone,true
156392454,2025-02-03T17:04:50.984Z,olafjkuiper@gmail.com,newsletter,everyone,true
156392454,2025-02-03T17:04:50.998Z,sebastianjacobs0@gmail.com,newsletter,everyone,true
156392454,2025-02-03T17:04:51.067Z,Eofloisand1@gmail.com,newsletter,everyone,true
156392454,2025-02-03T17:04:51.149Z,faigorjaihometv@gmail.com,newsletter,everyone,true
156392454,2025-02-03T17:04:51.212Z,griffin.szymoniak@gmail.com,newsletter,everyone,true
156392454,2025-02-03T17:04:51.330Z,derekuy@ucsb.edu,newsletter,everyone,true
156392454,2025-02-03T17:04:52.653Z,ian.pokorny47@gmail.com,newsletter,everyone,true
156392454,2025-02-03T17:04:52.660Z,seanand113@gmail.com,newsletter,everyone,true
156392454,2025-02-03T17:04:52.721Z,aidanhutch7@gmail.com,newsletter,everyone,true
156392454,2025-02-03T17:04:52.727Z,vaniapmark@gmail.com,newsletter,everyone,true
156392454,2025-02-03T17:04:52.870Z,kittfricke04@gmail.com,newsletter,everyone,true
156392454,2025-02-03T17:04:52.889Z,lorimoreplease@gmail.com,newsletter,everyone,true
156392454,2025-02-03T17:04:52.943Z,btantchev@yahoo.com,newsletter,everyone,true
156392454,2025-02-03T17:04:52.973Z,brodyricci805@gmail.com,newsletter,everyone,true
156392454,2025-02-03T17:04:53.019Z,seansantos3000@gmail.com,newsletter,everyone,true
156392454,2025-02-03T17:04:53.321Z,ryanking925@gmail.com,newsletter,everyone,true
156392454,2025-02-03T17:04:53.362Z,drnewmanjacobs@yahoo.com,newsletter,everyone,true
156392454,2025-02-03T17:04:53.677Z,Derek.uy@gmail.com,newsletter,everyone,true
156392454,2025-02-03T17:04:55.235Z,hayeswu@icloud.com,newsletter,everyone,true
156392454,2025-02-03T17:04:56.306Z,francisjacobs@icloud.com,newsletter,everyone,true
