post_id,timestamp,email,post_type,post_audience,active_subscription,country,city,region,device_type,client_os,client_type,user_agent
156439893,2025-02-04T16:25:17.169Z,brodyricci805@gmail.com,newsletter,everyone,true,US,,,,,,Mozilla/5.0 (Windows NT 5.1; rv:11.0) Gecko Firefox/11.0 (via ggpht.com GoogleImageProxy)
156439893,2025-02-04T16:27:04.175Z,willthomas127@gmail.com,newsletter,everyone,true,US,,,,,,Mozilla/5.0 (Windows NT 5.1; rv:11.0) Gecko Firefox/11.0 (via ggpht.com GoogleImageProxy)
156439893,2025-02-04T17:07:46.076Z,katherinemansfield13@gmail.com,newsletter,everyone,true,US,,,,,,Mozilla/5.0 (Windows NT 5.1; rv:11.0) Gecko Firefox/11.0 (via ggpht.com GoogleImageProxy)
156439893,2025-02-04T17:40:35.183Z,henryw.2118@gmail.com,newsletter,everyone,true,US,,,,,,Mozilla/5.0
156439893,2025-02-04T18:34:30.704Z,ptantchev@gmail.com,newsletter,everyone,false,US,,,,,,Mozilla/5.0 (Windows NT 5.1; rv:11.0) Gecko Firefox/11.0 (via ggpht.com GoogleImageProxy)
156439893,2025-02-04T20:52:27.421Z,Derek.uy@gmail.com,newsletter,everyone,true,US,,,,,,Mozilla/5.0 (Windows NT 5.1; rv:11.0) Gecko Firefox/11.0 (via ggpht.com GoogleImageProxy)
156439893,2025-02-04T21:18:59.983Z,seansantos3000@gmail.com,newsletter,everyone,true,US,,,,,,Mozilla/5.0 (Windows NT 5.1; rv:11.0) Gecko Firefox/11.0 (via ggpht.com GoogleImageProxy)
156439893,2025-02-04T21:24:25.439Z,francisjacobs@icloud.com,newsletter,everyone,true,US,,,,,,Mozilla/5.0
156439893,2025-02-04T22:31:18.147Z,lorimoreplease@gmail.com,newsletter,everyone,true,GB,,,,,,Mozilla/5.0
156439893,2025-02-04T23:06:04.866Z,griffin.szymoniak@gmail.com,newsletter,everyone,true,US,,,,,,Mozilla/5.0 (Windows NT 5.1; rv:11.0) Gecko Firefox/11.0 (via ggpht.com GoogleImageProxy)
156439893,2025-02-04T23:15:55.034Z,griffin.szymoniak@gmail.com,newsletter,everyone,true,US,,,,,,Mozilla/5.0 (Windows NT 5.1; rv:11.0) Gecko Firefox/11.0 (via ggpht.com GoogleImageProxy)
156439893,2025-02-04T23:54:38.763Z,olafjkuiper@gmail.com,newsletter,everyone,true,US,,,,,,Mozilla/5.0
156439893,2025-02-05T00:25:57.185Z,ian.pokorny47@gmail.com,newsletter,everyone,true,US,,,,,,Mozilla/5.0 (Windows NT 5.1; rv:11.0) Gecko Firefox/11.0 (via ggpht.com GoogleImageProxy)
156439893,2025-02-05T00:49:35.889Z,seanand113@gmail.com,newsletter,everyone,true,US,,,,,,Mozilla/5.0
156439893,2025-02-05T00:55:11.355Z,ptantchev@gmail.com,newsletter,everyone,false,US,,,,,,Mozilla/5.0
156439893,2025-02-05T03:16:44.038Z,brodyricci805@gmail.com,newsletter,everyone,true,US,,,,,,Mozilla/5.0
156439893,2025-02-05T04:03:30.427Z,hayeswu@icloud.com,newsletter,everyone,true,US,,,,,,Mozilla/5.0
156439893,2025-02-05T04:13:42.489Z,olafjkuiper@gmail.com,newsletter,everyone,true,US,,,,,,Mozilla/5.0
156439893,2025-02-05T04:56:58.985Z,deb.naude@gmail.com,newsletter,everyone,true,US,,,,,,Mozilla/5.0 (Windows NT 5.1; rv:11.0) Gecko Firefox/11.0 (via ggpht.com GoogleImageProxy)
156439893,2025-02-05T05:20:59.821Z,deb.naude@gmail.com,newsletter,everyone,true,US,,,,,,Mozilla/5.0 (Windows NT 5.1; rv:11.0) Gecko Firefox/11.0 (via ggpht.com GoogleImageProxy)
156439893,2025-02-05T05:21:27.176Z,deb.naude@gmail.com,newsletter,everyone,true,US,,,,,,Mozilla/5.0 (Windows NT 5.1; rv:11.0) Gecko Firefox/11.0 (via ggpht.com GoogleImageProxy)
156439893,2025-02-05T06:05:04.272Z,vaniapmark@gmail.com,newsletter,everyone,true,US,,,,,,Mozilla/5.0
156439893,2025-02-05T08:07:03.068Z,henryw.2118@gmail.com,newsletter,everyone,true,NL,,,,,,Mozilla/5.0
156439893,2025-02-05T08:22:23.083Z,griffin.szymoniak@gmail.com,newsletter,everyone,true,NL,,,,,,Mozilla/5.0
156439893,2025-02-05T09:17:31.565Z,lorimoreplease@gmail.com,newsletter,everyone,true,GB,,,,,,Mozilla/5.0
156439893,2025-02-05T12:52:17.330Z,katherinemansfield13@gmail.com,newsletter,everyone,true,US,,,,,,Mozilla/5.0
156439893,2025-02-05T17:44:37.223Z,aidanhutch7@gmail.com,newsletter,everyone,true,US,,,,,,Mozilla/5.0
156439893,2025-02-05T19:18:31.180Z,sebastianjacobs0@gmail.com,newsletter,everyone,true,US,,,,,,Mozilla/5.0
156439893,2025-02-05T21:40:24.753Z,drnewmanjacobs@yahoo.com,newsletter,everyone,true,US,,,,,,Mozilla/5.0
156439893,2025-02-06T02:56:20.262Z,josephekpo@ucsb.edu,newsletter,everyone,true,US,,,,,,Mozilla/5.0
156439893,2025-02-06T17:52:47.757Z,Derek.uy@gmail.com,newsletter,everyone,true,US,,,,,,Mozilla/5.0
156439893,2025-02-06T20:09:14.239Z,griffin.szymoniak@gmail.com,newsletter,everyone,true,US,,,,,,Mozilla/5.0 (Windows NT 5.1; rv:11.0) Gecko Firefox/11.0 (via ggpht.com GoogleImageProxy)
156439893,2025-02-06T22:26:48.426Z,drnewmanjacobs@yahoo.com,newsletter,everyone,true,US,,,,,,Mozilla/5.0
156439893,2025-02-07T00:23:23.259Z,deb.naude@gmail.com,newsletter,everyone,true,US,,,,,,Mozilla/5.0
156439893,2025-02-07T23:02:31.201Z,henryw.2118@gmail.com,newsletter,everyone,true,US,,,,,,Mozilla/5.0
156439893,2025-02-09T08:39:20.591Z,vaniapmark@gmail.com,newsletter,everyone,true,NL,,,,,,Mozilla/5.0
156439893,2025-02-10T05:53:22.913Z,deb.naude@gmail.com,newsletter,everyone,true,US,,,,,,Mozilla/5.0
156439893,2025-02-10T07:10:55.941Z,hayeswu@icloud.com,newsletter,everyone,true,US,,,,,,Mozilla/5.0
156439893,2025-02-12T15:55:14.567Z,seansantos3000@gmail.com,newsletter,everyone,true,US,,,,,,Mozilla/5.0 (Windows NT 5.1; rv:11.0) Gecko Firefox/11.0 (via ggpht.com GoogleImageProxy)
156439893,2025-02-13T20:03:33.622Z,jamespwilson14@gmail.com,newsletter,everyone,true,US,,,,,,Mozilla/5.0
156439893,2025-02-25T23:00:53.224Z,aidankenney08@gmail.com,newsletter,everyone,true,US,,,,,,Mozilla/5.0
156439893,2025-02-25T23:00:54.139Z,aidankenney08@gmail.com,newsletter,everyone,true,US,,,,,,Mozilla/5.0
156439893,2025-02-28T09:42:06.827Z,seanand113@gmail.com,newsletter,everyone,true,US,,,,,,Mozilla/5.0
