post_id,timestamp,email,post_type,post_audience,active_subscription
156439893,2025-02-04T16:20:56.841Z,katherinemansfield13@gmail.com,newsletter,everyone,true
156439893,2025-02-04T16:20:56.988Z,ptantchev@gmail.com,newsletter,everyone,false
156439893,2025-02-04T16:20:57.568Z,seanand113@gmail.com,newsletter,everyone,true
156439893,2025-02-04T16:20:57.603Z,brodyricci805@gmail.com,newsletter,everyone,true
156439893,2025-02-04T16:20:57.605Z,ian.pokorny47@gmail.com,newsletter,everyone,true
156439893,2025-02-04T16:20:57.624Z,kittfricke04@gmail.com,newsletter,everyone,true
156439893,2025-02-04T16:20:57.627Z,derekuy@ucsb.edu,newsletter,everyone,true
156439893,2025-02-04T16:20:57.646Z,sebastianjacobs0@gmail.com,newsletter,everyone,true
156439893,2025-02-04T16:20:57.649Z,seansantos3000@gmail.com,newsletter,everyone,true
156439893,2025-02-04T16:20:57.663Z,vaniapmark@gmail.com,newsletter,everyone,true
156439893,2025-02-04T16:20:57.698Z,Eofloisand1@gmail.com,newsletter,everyone,true
156439893,2025-02-04T16:20:57.724Z,aidankenney08@gmail.com,newsletter,everyone,true
156439893,2025-02-04T16:20:57.737Z,josephekpo@ucsb.edu,newsletter,everyone,true
156439893,2025-02-04T16:20:57.777Z,willthomas127@gmail.com,newsletter,everyone,true
156439893,2025-02-04T16:20:57.855Z,bgstudioda@gmail.com,newsletter,everyone,true
156439893,2025-02-04T16:20:57.866Z,zfgillingham@gmail.com,newsletter,everyone,true
156439893,2025-02-04T16:20:57.952Z,faigorjaihometv@gmail.com,newsletter,everyone,true
156439893,2025-02-04T16:20:57.957Z,Derek.uy@gmail.com,newsletter,everyone,true
156439893,2025-02-04T16:20:58.023Z,deb.naude@gmail.com,newsletter,everyone,true
156439893,2025-02-04T16:20:58.098Z,btantchev@yahoo.com,newsletter,everyone,true
156439893,2025-02-04T16:20:58.262Z,olafjkuiper@gmail.com,newsletter,everyone,true
156439893,2025-02-04T16:20:58.310Z,aidanhutch7@gmail.com,newsletter,everyone,true
156439893,2025-02-04T16:20:58.362Z,griffin.szymoniak@gmail.com,newsletter,everyone,true
156439893,2025-02-04T16:20:58.368Z,ryanking925@gmail.com,newsletter,everyone,true
156439893,2025-02-04T16:20:58.388Z,henryw.2118@gmail.com,newsletter,everyone,true
156439893,2025-02-04T16:20:58.425Z,lorimoreplease@gmail.com,newsletter,everyone,true
156439893,2025-02-04T16:20:58.439Z,jamespwilson14@gmail.com,newsletter,everyone,true
156439893,2025-02-04T16:20:58.773Z,drnewmanjacobs@yahoo.com,newsletter,everyone,true
156439893,2025-02-04T16:21:00.651Z,hayeswu@icloud.com,newsletter,everyone,true
156439893,2025-02-04T16:21:02.699Z,francisjacobs@icloud.com,newsletter,everyone,true
