post_id,timestamp,email,post_type,post_audience,active_subscription
156627157,2025-02-06T20:30:30.927Z,ptantchev@gmail.com,newsletter,everyone,false
156627157,2025-02-06T20:30:31.470Z,katherinemansfield13@gmail.com,newsletter,everyone,true
156627157,2025-02-06T20:30:33.222Z,henryw.2118@gmail.com,newsletter,everyone,true
156627157,2025-02-06T20:30:33.311Z,griffin.szymoniak@gmail.com,newsletter,everyone,true
156627157,2025-02-06T20:30:33.332Z,sebastianjacobs0@gmail.com,newsletter,everyone,true
156627157,2025-02-06T20:30:33.340Z,olafjkuiper@gmail.com,newsletter,everyone,true
156627157,2025-02-06T20:30:33.432Z,faigorjaihometv@gmail.com,newsletter,everyone,true
156627157,2025-02-06T20:30:33.454Z,Eofloisand1@gmail.com,newsletter,everyone,true
156627157,2025-02-06T20:30:33.917Z,aidankenney08@gmail.com,newsletter,everyone,true
156627157,2025-02-06T20:30:33.938Z,bgstudioda@gmail.com,newsletter,everyone,true
156627157,2025-02-06T20:30:33.954Z,seanand113@gmail.com,newsletter,everyone,true
156627157,2025-02-06T20:30:33.957Z,Derek.uy@gmail.com,newsletter,everyone,true
156627157,2025-02-06T20:30:33.967Z,kittfricke04@gmail.com,newsletter,everyone,true
156627157,2025-02-06T20:30:33.968Z,jamespwilson14@gmail.com,newsletter,everyone,true
156627157,2025-02-06T20:30:33.976Z,zfgillingham@gmail.com,newsletter,everyone,true
156627157,2025-02-06T20:30:34.040Z,ryanking925@gmail.com,newsletter,everyone,true
156627157,2025-02-06T20:30:34.041Z,brodyricci805@gmail.com,newsletter,everyone,true
156627157,2025-02-06T20:30:34.090Z,lorimoreplease@gmail.com,newsletter,everyone,true
156627157,2025-02-06T20:30:34.105Z,aidanhutch7@gmail.com,newsletter,everyone,true
156627157,2025-02-06T20:30:34.138Z,ian.pokorny47@gmail.com,newsletter,everyone,true
156627157,2025-02-06T20:30:34.285Z,vaniapmark@gmail.com,newsletter,everyone,true
156627157,2025-02-06T20:30:34.402Z,derekuy@ucsb.edu,newsletter,everyone,true
156627157,2025-02-06T20:30:34.506Z,willthomas127@gmail.com,newsletter,everyone,true
156627157,2025-02-06T20:30:34.878Z,btantchev@yahoo.com,newsletter,everyone,true
156627157,2025-02-06T20:30:34.941Z,drnewmanjacobs@yahoo.com,newsletter,everyone,true
156627157,2025-02-06T20:30:35.137Z,seansantos3000@gmail.com,newsletter,everyone,true
156627157,2025-02-06T20:30:35.928Z,deb.naude@gmail.com,newsletter,everyone,true
156627157,2025-02-06T20:30:37.742Z,hayeswu@icloud.com,newsletter,everyone,true
156627157,2025-02-06T20:32:00.048Z,francisjacobs@icloud.com,newsletter,everyone,true
156627157,2025-02-06T20:32:27.645Z,josephekpo@ucsb.edu,newsletter,everyone,true
