post_id,timestamp,email,post_type,post_audience,active_subscription,country,city,region,device_type,client_os,client_type,user_agent
156695795,2025-02-08T17:49:20.575Z,derekuy@ucsb.edu,newsletter,everyone,true,US,,,,,,Mozilla/5.0 (Windows NT 5.1; rv:11.0) Gecko Firefox/11.0 (via ggpht.com GoogleImageProxy)
156695795,2025-02-08T18:09:04.084Z,griffin.szymoniak@gmail.com,newsletter,everyone,true,US,,,,,,Mozilla/5.0 (Windows NT 5.1; rv:11.0) Gecko Firefox/11.0 (via ggpht.com GoogleImageProxy)
156695795,2025-02-08T18:20:35.236Z,Derek.uy@gmail.com,newsletter,everyone,true,US,,,,,,Mozilla/5.0
156695795,2025-02-08T18:31:37.343Z,henryw.2118@gmail.com,newsletter,everyone,true,US,,,,,,Mozilla/5.0
156695795,2025-02-08T18:35:49.970Z,deb.naude@gmail.com,newsletter,everyone,true,US,,,,,,Mozilla/5.0
156695795,2025-02-08T18:56:47.708Z,derekuy@ucsb.edu,newsletter,everyone,true,US,,,,,,Mozilla/5.0 (Windows NT 5.1; rv:11.0) Gecko Firefox/11.0 (via ggpht.com GoogleImageProxy)
156695795,2025-02-08T18:57:09.236Z,Derek.uy@gmail.com,newsletter,everyone,true,US,,,,,,Mozilla/5.0 (Windows NT 5.1; rv:11.0) Gecko Firefox/11.0 (via ggpht.com GoogleImageProxy)
156695795,2025-02-08T19:18:35.965Z,Eofloisand1@gmail.com,newsletter,everyone,true,US,,,,,,Mozilla/5.0 (Windows NT 5.1; rv:11.0) Gecko Firefox/11.0 (via ggpht.com GoogleImageProxy)
156695795,2025-02-08T19:42:21.380Z,bgstudioda@gmail.com,newsletter,everyone,true,US,,,,,,Mozilla/5.0 (Windows NT 5.1; rv:11.0) Gecko Firefox/11.0 (via ggpht.com GoogleImageProxy)
156695795,2025-02-08T19:42:48.486Z,bgstudioda@gmail.com,newsletter,everyone,true,US,,,,,,Mozilla/5.0 (Windows NT 5.1; rv:11.0) Gecko Firefox/11.0 (via ggpht.com GoogleImageProxy)
156695795,2025-02-08T20:30:36.715Z,katherinemansfield13@gmail.com,newsletter,everyone,true,US,,,,,,Mozilla/5.0 (Windows NT 5.1; rv:11.0) Gecko Firefox/11.0 (via ggpht.com GoogleImageProxy)
156695795,2025-02-08T20:45:14.031Z,derekuy@ucsb.edu,newsletter,everyone,true,US,,,,,,Mozilla/5.0 (Windows NT 5.1; rv:11.0) Gecko Firefox/11.0 (via ggpht.com GoogleImageProxy)
156695795,2025-02-08T21:23:49.149Z,deb.naude@gmail.com,newsletter,everyone,true,US,,,,,,Mozilla/5.0 (Windows NT 5.1; rv:11.0) Gecko Firefox/11.0 (via ggpht.com GoogleImageProxy)
156695795,2025-02-08T21:24:22.451Z,deb.naude@gmail.com,newsletter,everyone,true,US,,,,,,Mozilla/5.0 (Windows NT 5.1; rv:11.0) Gecko Firefox/11.0 (via ggpht.com GoogleImageProxy)
156695795,2025-02-08T21:43:25.344Z,hayeswu@icloud.com,newsletter,everyone,true,US,,,,,,Mozilla/5.0
156695795,2025-02-08T21:49:52.013Z,sebastianjacobs0@gmail.com,newsletter,everyone,true,US,,,,,,Mozilla/5.0
156695795,2025-02-08T21:56:30.811Z,ptantchev@gmail.com,newsletter,everyone,false,US,,,,,,Mozilla/5.0
156695795,2025-02-08T22:26:32.470Z,henryw.2118@gmail.com,newsletter,everyone,true,US,,,,,,Mozilla/5.0
156695795,2025-02-08T22:35:17.913Z,lorimoreplease@gmail.com,newsletter,everyone,true,GB,,,,,,Mozilla/5.0
156695795,2025-02-08T22:39:57.125Z,francisjacobs@icloud.com,newsletter,everyone,true,US,,,,,,Mozilla/5.0
156695795,2025-02-08T23:19:35.896Z,katherinemansfield13@gmail.com,newsletter,everyone,true,US,,,,,,Mozilla/5.0 (Windows NT 5.1; rv:11.0) Gecko Firefox/11.0 (via ggpht.com GoogleImageProxy)
156695795,2025-02-08T23:40:31.104Z,henryw.2118@gmail.com,newsletter,everyone,true,US,,,,,,Mozilla/5.0
156695795,2025-02-09T02:25:38.645Z,brodyricci805@gmail.com,newsletter,everyone,true,US,,,,,,Mozilla/5.0
156695795,2025-02-09T02:28:58.719Z,Eofloisand1@gmail.com,newsletter,everyone,true,US,,,,,,Mozilla/5.0 (Windows NT 5.1; rv:11.0) Gecko Firefox/11.0 (via ggpht.com GoogleImageProxy)
156695795,2025-02-09T04:55:37.019Z,derekuy@ucsb.edu,newsletter,everyone,true,US,,,,,,Mozilla/5.0 (Windows NT 5.1; rv:11.0) Gecko Firefox/11.0 (via ggpht.com GoogleImageProxy)
156695795,2025-02-09T05:57:42.124Z,drnewmanjacobs@yahoo.com,newsletter,everyone,true,US,,,,,,Mozilla/5.0
156695795,2025-02-09T08:13:56.369Z,vaniapmark@gmail.com,newsletter,everyone,true,US,,,,,,Mozilla/5.0
156695795,2025-02-09T16:44:46.825Z,katherinemansfield13@gmail.com,newsletter,everyone,true,US,,,,,,Mozilla/5.0 (Windows NT 5.1; rv:11.0) Gecko Firefox/11.0 (via ggpht.com GoogleImageProxy)
156695795,2025-02-10T00:14:38.322Z,olafjkuiper@gmail.com,newsletter,everyone,true,US,,,,,,Mozilla/5.0
156695795,2025-02-10T04:23:40.097Z,katherinemansfield13@gmail.com,newsletter,everyone,true,US,,,,,,Mozilla/5.0 (Windows NT 5.1; rv:11.0) Gecko Firefox/11.0 (via ggpht.com GoogleImageProxy)
156695795,2025-02-10T07:11:31.765Z,hayeswu@icloud.com,newsletter,everyone,true,US,,,,,,Mozilla/5.0
156695795,2025-02-10T08:54:17.060Z,seanand113@gmail.com,newsletter,everyone,true,US,,,,,,Mozilla/5.0
156695795,2025-02-10T15:44:06.897Z,drnewmanjacobs@yahoo.com,newsletter,everyone,true,US,,,,,,Mozilla/5.0
156695795,2025-02-10T15:52:34.266Z,vaniapmark@gmail.com,newsletter,everyone,true,NL,,,,,,Mozilla/5.0
156695795,2025-02-12T04:44:59.954Z,josephekpo@ucsb.edu,newsletter,everyone,true,US,,,,,,Mozilla/5.0
156695795,2025-02-12T21:36:57.515Z,olafjkuiper@gmail.com,newsletter,everyone,true,MX,,,,,,Mozilla/5.0
156695795,2025-02-14T20:45:24.850Z,jamespwilson14@gmail.com,newsletter,everyone,true,US,,,,,,Mozilla/5.0
156695795,2025-02-28T09:17:51.707Z,seanand113@gmail.com,newsletter,everyone,true,US,,,,,,Mozilla/5.0
