post_id,timestamp,email,post_type,post_audience,active_subscription,country,city,region,device_type,client_os,client_type,user_agent
156627157,2025-02-06T20:30:59.070Z,Eofloisand1@gmail.com,newsletter,everyone,true,US,,,,,,Mozilla/5.0 (Windows NT 5.1; rv:11.0) Gecko Firefox/11.0 (via ggpht.com GoogleImageProxy)
156627157,2025-02-06T20:33:52.676Z,griffin.szymoniak@gmail.com,newsletter,everyone,true,US,,,,,,Mozilla/5.0 (Windows NT 5.1; rv:11.0) Gecko Firefox/11.0 (via ggpht.com GoogleImageProxy)
156627157,2025-02-06T21:12:55.210Z,derekuy@ucsb.edu,newsletter,everyone,true,US,,,,,,Mozilla/5.0 (Windows NT 5.1; rv:11.0) Gecko Firefox/11.0 (via ggpht.com GoogleImageProxy)
156627157,2025-02-06T21:15:20.942Z,Derek.uy@gmail.com,newsletter,everyone,true,US,,,,,,Mozilla/5.0 (Windows NT 5.1; rv:11.0) Gecko Firefox/11.0 (via ggpht.com GoogleImageProxy)
156627157,2025-02-06T21:47:18.653Z,lorimoreplease@gmail.com,newsletter,everyone,true,GB,,,,,,Mozilla/5.0
156627157,2025-02-06T22:15:11.952Z,griffin.szymoniak@gmail.com,newsletter,everyone,true,US,,,,,,Mozilla/5.0 (Windows NT 5.1; rv:11.0) Gecko Firefox/11.0 (via ggpht.com GoogleImageProxy)
156627157,2025-02-06T22:54:29.354Z,ptantchev@gmail.com,newsletter,everyone,false,NL,,,,,,Mozilla/5.0
156627157,2025-02-06T23:19:41.759Z,aidanhutch7@gmail.com,newsletter,everyone,true,NL,,,,,,Mozilla/5.0
156627157,2025-02-07T00:15:53.379Z,francisjacobs@icloud.com,newsletter,everyone,true,US,,,,,,Mozilla/5.0
156627157,2025-02-07T00:17:38.142Z,deb.naude@gmail.com,newsletter,everyone,true,US,,,,,,Mozilla/5.0
156627157,2025-02-07T00:18:10.086Z,henryw.2118@gmail.com,newsletter,everyone,true,US,,,,,,Mozilla/5.0
156627157,2025-02-07T00:24:03.311Z,ptantchev@gmail.com,newsletter,everyone,false,US,,,,,,Mozilla/5.0 (Windows NT 5.1; rv:11.0) Gecko Firefox/11.0 (via ggpht.com GoogleImageProxy)
156627157,2025-02-07T00:27:55.254Z,olafjkuiper@gmail.com,newsletter,everyone,true,US,,,,,,Mozilla/5.0
156627157,2025-02-07T02:19:59.120Z,katherinemansfield13@gmail.com,newsletter,everyone,true,US,,,,,,Mozilla/5.0 (Windows NT 5.1; rv:11.0) Gecko Firefox/11.0 (via ggpht.com GoogleImageProxy)
156627157,2025-02-07T04:02:14.819Z,sebastianjacobs0@gmail.com,newsletter,everyone,true,US,,,,,,Mozilla/5.0
156627157,2025-02-07T05:54:59.875Z,josephekpo@ucsb.edu,newsletter,everyone,true,US,,,,,,Mozilla/5.0 (Windows NT 5.1; rv:11.0) Gecko Firefox/11.0 (via ggpht.com GoogleImageProxy)
156627157,2025-02-07T06:33:58.940Z,katherinemansfield13@gmail.com,newsletter,everyone,true,US,,,,,,Mozilla/5.0
156627157,2025-02-07T09:55:01.286Z,seanand113@gmail.com,newsletter,everyone,true,US,,,,,,Mozilla/5.0
156627157,2025-02-07T14:18:21.616Z,griffin.szymoniak@gmail.com,newsletter,everyone,true,US,,,,,,Mozilla/5.0
156627157,2025-02-07T14:41:57.985Z,katherinemansfield13@gmail.com,newsletter,everyone,true,US,,,,,,Mozilla/5.0 (Windows NT 5.1; rv:11.0) Gecko Firefox/11.0 (via ggpht.com GoogleImageProxy)
156627157,2025-02-07T19:38:35.087Z,brodyricci805@gmail.com,newsletter,everyone,true,US,,,,,,Mozilla/5.0
156627157,2025-02-07T23:55:33.672Z,henryw.2118@gmail.com,newsletter,everyone,true,NL,,,,,,Mozilla/5.0
156627157,2025-02-08T04:02:53.327Z,vaniapmark@gmail.com,newsletter,everyone,true,US,,,,,,Mozilla/5.0
156627157,2025-02-08T10:59:33.431Z,drnewmanjacobs@yahoo.com,newsletter,everyone,true,US,,,,,,Mozilla/5.0
156627157,2025-02-08T18:08:45.533Z,drnewmanjacobs@yahoo.com,newsletter,everyone,true,US,,,,,,Mozilla/5.0
156627157,2025-02-08T22:48:20.976Z,henryw.2118@gmail.com,newsletter,everyone,true,US,,,,,,Mozilla/5.0
156627157,2025-02-09T00:46:41.834Z,josephekpo@ucsb.edu,newsletter,everyone,true,US,,,,,,Mozilla/5.0
156627157,2025-02-09T08:13:56.370Z,vaniapmark@gmail.com,newsletter,everyone,true,US,,,,,,Mozilla/5.0
156627157,2025-02-09T13:34:22.799Z,drnewmanjacobs@yahoo.com,newsletter,everyone,true,US,,,,,,Mozilla/5.0
156627157,2025-02-10T06:18:25.129Z,Derek.uy@gmail.com,newsletter,everyone,true,US,,,,,,Mozilla/5.0
156627157,2025-02-13T20:03:35.513Z,jamespwilson14@gmail.com,newsletter,everyone,true,US,,,,,,Mozilla/5.0
156627157,2025-02-17T23:12:48.221Z,seansantos3000@gmail.com,newsletter,everyone,true,US,,,,,,Mozilla/5.0 (Windows NT 5.1; rv:11.0) Gecko Firefox/11.0 (via ggpht.com GoogleImageProxy)
156627157,2025-02-25T23:00:48.615Z,aidankenney08@gmail.com,newsletter,everyone,true,US,,,,,,Mozilla/5.0
156627157,2025-02-25T23:00:54.138Z,aidankenney08@gmail.com,newsletter,everyone,true,US,,,,,,Mozilla/5.0
156627157,2025-02-28T09:24:14.112Z,seanand113@gmail.com,newsletter,everyone,true,NL,,,,,,Mozilla/5.0
156627157,2025-03-04T16:20:05.789Z,griffin.szymoniak@gmail.com,newsletter,everyone,true,US,,,,,,Mozilla/5.0
