post_id,timestamp,email,post_type,post_audience,active_subscription
156627649,2025-02-07T16:35:39.709Z,ptantchev@gmail.com,newsletter,everyone,false
156627649,2025-02-07T16:35:40.508Z,seanand113@gmail.com,newsletter,everyone,true
156627649,2025-02-07T16:35:40.562Z,deb.naude@gmail.com,newsletter,everyone,true
156627649,2025-02-07T16:35:40.612Z,Derek.uy@gmail.com,newsletter,everyone,true
156627649,2025-02-07T16:35:40.621Z,Eofloisand1@gmail.com,newsletter,everyone,true
156627649,2025-02-07T16:35:40.642Z,ian.pokorny47@gmail.com,newsletter,everyone,true
156627649,2025-02-07T16:35:40.647Z,kittfricke04@gmail.com,newsletter,everyone,true
156627649,2025-02-07T16:35:40.653Z,ryanking925@gmail.com,newsletter,everyone,true
156627649,2025-02-07T16:35:40.654Z,olafjkuiper@gmail.com,newsletter,everyone,true
156627649,2025-02-07T16:35:40.661Z,henryw.2118@gmail.com,newsletter,everyone,true
156627649,2025-02-07T16:35:40.664Z,faigorjaihometv@gmail.com,newsletter,everyone,true
156627649,2025-02-07T16:35:40.685Z,josephekpo@ucsb.edu,newsletter,everyone,true
156627649,2025-02-07T16:35:40.696Z,aidankenney08@gmail.com,newsletter,everyone,true
156627649,2025-02-07T16:35:40.717Z,seansantos3000@gmail.com,newsletter,everyone,true
156627649,2025-02-07T16:35:40.785Z,brodyricci805@gmail.com,newsletter,everyone,true
156627649,2025-02-07T16:35:40.789Z,lorimoreplease@gmail.com,newsletter,everyone,true
156627649,2025-02-07T16:35:40.791Z,jamespwilson14@gmail.com,newsletter,everyone,true
156627649,2025-02-07T16:35:40.865Z,drnewmanjacobs@yahoo.com,newsletter,everyone,true
156627649,2025-02-07T16:35:40.982Z,katherinemansfield13@gmail.com,newsletter,everyone,true
156627649,2025-02-07T16:35:41.011Z,vaniapmark@gmail.com,newsletter,everyone,true
156627649,2025-02-07T16:35:41.066Z,derekuy@ucsb.edu,newsletter,everyone,true
156627649,2025-02-07T16:35:41.075Z,btantchev@yahoo.com,newsletter,everyone,true
156627649,2025-02-07T16:35:41.239Z,griffin.szymoniak@gmail.com,newsletter,everyone,true
156627649,2025-02-07T16:35:41.267Z,bgstudioda@gmail.com,newsletter,everyone,true
156627649,2025-02-07T16:35:41.394Z,zfgillingham@gmail.com,newsletter,everyone,true
156627649,2025-02-07T16:35:41.639Z,sebastianjacobs0@gmail.com,newsletter,everyone,true
156627649,2025-02-07T16:35:42.281Z,willthomas127@gmail.com,newsletter,everyone,true
156627649,2025-02-07T16:35:45.037Z,francisjacobs@icloud.com,newsletter,everyone,true
156627649,2025-02-07T16:35:45.376Z,hayeswu@icloud.com,newsletter,everyone,true
