post_id,timestamp,email,post_type,post_audience,active_subscription,country,city,region,device_type,client_os,client_type,user_agent
156627649,2025-02-07T16:37:49.111Z,derekuy@ucsb.edu,newsletter,everyone,true,US,,,,,,Mozilla/5.0 (Windows NT 5.1; rv:11.0) Gecko Firefox/11.0 (via ggpht.com GoogleImageProxy)
156627649,2025-02-07T16:44:49.361Z,ptantchev@gmail.com,newsletter,everyone,false,US,,,,,,Mozilla/5.0 (Windows NT 5.1; rv:11.0) Gecko Firefox/11.0 (via ggpht.com GoogleImageProxy)
156627649,2025-02-07T16:47:26.999Z,griffin.szymoniak@gmail.com,newsletter,everyone,true,US,,,,,,Mozilla/5.0
156627649,2025-02-07T16:52:29.411Z,ptantchev@gmail.com,newsletter,everyone,false,US,,,,,,Mozilla/5.0
156627649,2025-02-07T16:53:13.613Z,deb.naude@gmail.com,newsletter,everyone,true,US,,,,,,Mozilla/5.0
156627649,2025-02-07T16:53:37.618Z,francisjacobs@icloud.com,newsletter,everyone,true,US,,,,,,Mozilla/5.0
156627649,2025-02-07T16:54:33.279Z,katherinemansfield13@gmail.com,newsletter,everyone,true,US,,,,,,Mozilla/5.0 (Windows NT 5.1; rv:11.0) Gecko Firefox/11.0 (via ggpht.com GoogleImageProxy)
156627649,2025-02-07T17:08:14.133Z,henryw.2118@gmail.com,newsletter,everyone,true,US,,,,,,Mozilla/5.0
156627649,2025-02-07T17:15:44.994Z,ptantchev@gmail.com,newsletter,everyone,false,US,,,,,,Mozilla/5.0 (Windows NT 5.1; rv:11.0) Gecko Firefox/11.0 (via ggpht.com GoogleImageProxy)
156627649,2025-02-07T17:16:29.771Z,Eofloisand1@gmail.com,newsletter,everyone,true,US,,,,,,Mozilla/5.0 (Windows NT 5.1; rv:11.0) Gecko Firefox/11.0 (via ggpht.com GoogleImageProxy)
156627649,2025-02-07T17:42:33.320Z,seanand113@gmail.com,newsletter,everyone,true,US,,,,,,Mozilla/5.0
156627649,2025-02-07T18:01:43.304Z,henryw.2118@gmail.com,newsletter,everyone,true,US,,,,,,Mozilla/5.0 (Windows NT 5.1; rv:11.0) Gecko Firefox/11.0 (via ggpht.com GoogleImageProxy)
156627649,2025-02-07T18:09:49.337Z,deb.naude@gmail.com,newsletter,everyone,true,US,,,,,,Mozilla/5.0 (Windows NT 5.1; rv:11.0) Gecko Firefox/11.0 (via ggpht.com GoogleImageProxy)
156627649,2025-02-07T18:10:23.903Z,deb.naude@gmail.com,newsletter,everyone,true,US,,,,,,Mozilla/5.0 (Windows NT 5.1; rv:11.0) Gecko Firefox/11.0 (via ggpht.com GoogleImageProxy)
156627649,2025-02-07T18:19:16.820Z,Derek.uy@gmail.com,newsletter,everyone,true,US,,,,,,Mozilla/5.0 (Windows NT 5.1; rv:11.0) Gecko Firefox/11.0 (via ggpht.com GoogleImageProxy)
156627649,2025-02-07T18:19:23.834Z,derekuy@ucsb.edu,newsletter,everyone,true,US,,,,,,Mozilla/5.0 (Windows NT 5.1; rv:11.0) Gecko Firefox/11.0 (via ggpht.com GoogleImageProxy)
156627649,2025-02-07T18:33:43.114Z,lorimoreplease@gmail.com,newsletter,everyone,true,GB,,,,,,Mozilla/5.0
156627649,2025-02-07T21:28:55.734Z,jamespwilson14@gmail.com,newsletter,everyone,true,US,,,,,,Mozilla/5.0 (Windows NT 5.1; rv:11.0) Gecko Firefox/11.0 (via ggpht.com GoogleImageProxy)
156627649,2025-02-07T22:51:41.399Z,olafjkuiper@gmail.com,newsletter,everyone,true,US,,,,,,Mozilla/5.0
156627649,2025-02-07T23:57:42.094Z,sebastianjacobs0@gmail.com,newsletter,everyone,true,US,,,,,,Mozilla/5.0
156627649,2025-02-08T00:24:49.104Z,henryw.2118@gmail.com,newsletter,everyone,true,US,,,,,,Mozilla/5.0
156627649,2025-02-08T00:29:21.997Z,henryw.2118@gmail.com,newsletter,everyone,true,US,,,,,,Mozilla/5.0
156627649,2025-02-08T01:20:07.044Z,katherinemansfield13@gmail.com,newsletter,everyone,true,US,,,,,,Mozilla/5.0
156627649,2025-02-08T01:52:55.114Z,katherinemansfield13@gmail.com,newsletter,everyone,true,US,,,,,,Mozilla/5.0 (Windows NT 5.1; rv:11.0) Gecko Firefox/11.0 (via ggpht.com GoogleImageProxy)
156627649,2025-02-08T02:42:07.885Z,brodyricci805@gmail.com,newsletter,everyone,true,US,,,,,,Mozilla/5.0
156627649,2025-02-08T04:18:06.241Z,vaniapmark@gmail.com,newsletter,everyone,true,NL,,,,,,Mozilla/5.0
156627649,2025-02-08T12:01:50.614Z,Derek.uy@gmail.com,newsletter,everyone,true,US,,,,,,Mozilla/5.0
156627649,2025-02-08T19:21:47.404Z,griffin.szymoniak@gmail.com,newsletter,everyone,true,US,,,,,,Mozilla/5.0 (Windows NT 5.1; rv:11.0) Gecko Firefox/11.0 (via ggpht.com GoogleImageProxy)
156627649,2025-02-09T01:47:45.522Z,drnewmanjacobs@yahoo.com,newsletter,everyone,true,US,,,,,,Mozilla/5.0
156627649,2025-02-09T07:16:04.994Z,derekuy@ucsb.edu,newsletter,everyone,true,US,,,,,,Mozilla/5.0 (Windows NT 5.1; rv:11.0) Gecko Firefox/11.0 (via ggpht.com GoogleImageProxy)
156627649,2025-02-09T08:13:56.369Z,vaniapmark@gmail.com,newsletter,everyone,true,US,,,,,,Mozilla/5.0
156627649,2025-02-09T10:43:13.877Z,drnewmanjacobs@yahoo.com,newsletter,everyone,true,US,,,,,,Mozilla/5.0
156627649,2025-02-09T19:00:36.952Z,drnewmanjacobs@yahoo.com,newsletter,everyone,true,US,,,,,,Mozilla/5.0
156627649,2025-02-12T04:44:59.953Z,josephekpo@ucsb.edu,newsletter,everyone,true,US,,,,,,Mozilla/5.0
156627649,2025-02-12T22:07:39.771Z,olafjkuiper@gmail.com,newsletter,everyone,true,MX,,,,,,Mozilla/5.0
156627649,2025-02-14T20:45:24.853Z,jamespwilson14@gmail.com,newsletter,everyone,true,US,,,,,,Mozilla/5.0
156627649,2025-02-28T01:10:29.728Z,aidankenney08@gmail.com,newsletter,everyone,true,US,,,,,,Mozilla/5.0
156627649,2025-02-28T09:24:14.111Z,seanand113@gmail.com,newsletter,everyone,true,NL,,,,,,Mozilla/5.0
