post_id,timestamp,email,post_type,post_audience,active_subscription
156695795,2025-02-08T17:45:51.908Z,katherinemansfield13@gmail.com,newsletter,everyone,true
156695795,2025-02-08T17:45:52.034Z,ptantchev@gmail.com,newsletter,everyone,false
156695795,2025-02-08T17:45:52.677Z,kittfricke04@gmail.com,newsletter,everyone,true
156695795,2025-02-08T17:45:52.693Z,brodyricci805@gmail.com,newsletter,everyone,true
156695795,2025-02-08T17:45:52.711Z,ryanking925@gmail.com,newsletter,everyone,true
156695795,2025-02-08T17:45:52.749Z,seanand113@gmail.com,newsletter,everyone,true
156695795,2025-02-08T17:45:52.779Z,lorimoreplease@gmail.com,newsletter,everyone,true
156695795,2025-02-08T17:45:52.794Z,ian.pokorny47@gmail.com,newsletter,everyone,true
156695795,2025-02-08T17:45:52.831Z,seansantos3000@gmail.com,newsletter,everyone,true
156695795,2025-02-08T17:45:52.872Z,vaniapmark@gmail.com,newsletter,everyone,true
156695795,2025-02-08T17:45:52.887Z,drnewmanjacobs@yahoo.com,newsletter,everyone,true
156695795,2025-02-08T17:45:52.890Z,deb.naude@gmail.com,newsletter,everyone,true
156695795,2025-02-08T17:45:53.363Z,Derek.uy@gmail.com,newsletter,everyone,true
156695795,2025-02-08T17:45:53.385Z,griffin.szymoniak@gmail.com,newsletter,everyone,true
156695795,2025-02-08T17:45:53.389Z,derekuy@ucsb.edu,newsletter,everyone,true
156695795,2025-02-08T17:45:53.411Z,henryw.2118@gmail.com,newsletter,everyone,true
156695795,2025-02-08T17:45:53.473Z,jamespwilson14@gmail.com,newsletter,everyone,true
156695795,2025-02-08T17:45:53.479Z,aidankenney08@gmail.com,newsletter,everyone,true
156695795,2025-02-08T17:45:53.487Z,olafjkuiper@gmail.com,newsletter,everyone,true
156695795,2025-02-08T17:45:53.547Z,josephekpo@ucsb.edu,newsletter,everyone,true
156695795,2025-02-08T17:45:53.553Z,bgstudioda@gmail.com,newsletter,everyone,true
156695795,2025-02-08T17:45:53.565Z,zfgillingham@gmail.com,newsletter,everyone,true
156695795,2025-02-08T17:45:53.621Z,Eofloisand1@gmail.com,newsletter,everyone,true
156695795,2025-02-08T17:45:53.679Z,faigorjaihometv@gmail.com,newsletter,everyone,true
156695795,2025-02-08T17:45:53.692Z,btantchev@yahoo.com,newsletter,everyone,true
156695795,2025-02-08T17:45:53.871Z,willthomas127@gmail.com,newsletter,everyone,true
156695795,2025-02-08T17:45:54.209Z,sebastianjacobs0@gmail.com,newsletter,everyone,true
156695795,2025-02-08T17:45:57.041Z,francisjacobs@icloud.com,newsletter,everyone,true
156695795,2025-02-08T17:45:57.623Z,hayeswu@icloud.com,newsletter,everyone,true
