post_id,timestamp,email,post_type,post_audience,active_subscription
156907764,2025-02-11T16:33:41.255Z,ptantchev@gmail.com,newsletter,everyone,false
156907764,2025-02-11T16:33:42.237Z,katherinemansfield13@gmail.com,newsletter,everyone,true
156907764,2025-02-11T16:33:42.569Z,deb.naude@gmail.com,newsletter,everyone,true
156907764,2025-02-11T16:33:43.511Z,seansantos3000@gmail.com,newsletter,everyone,true
156907764,2025-02-11T16:33:43.550Z,Derek.uy@gmail.com,newsletter,everyone,true
156907764,2025-02-11T16:33:43.552Z,brodyricci805@gmail.com,newsletter,everyone,true
156907764,2025-02-11T16:33:43.641Z,Eofloisand1@gmail.com,newsletter,everyone,true
156907764,2025-02-11T16:33:43.660Z,olafjkuiper@gmail.com,newsletter,everyone,true
156907764,2025-02-11T16:33:43.701Z,bgstudioda@gmail.com,newsletter,everyone,true
156907764,2025-02-11T16:33:43.733Z,willthomas127@gmail.com,newsletter,everyone,true
156907764,2025-02-11T16:33:43.735Z,aidankenney08@gmail.com,newsletter,everyone,true
156907764,2025-02-11T16:33:43.748Z,josephekpo@ucsb.edu,newsletter,everyone,true
156907764,2025-02-11T16:33:43.862Z,derekuy@ucsb.edu,newsletter,everyone,true
156907764,2025-02-11T16:33:43.887Z,faigorjaihometv@gmail.com,newsletter,everyone,true
156907764,2025-02-11T16:33:44.060Z,griffin.szymoniak@gmail.com,newsletter,everyone,true
156907764,2025-02-11T16:33:44.070Z,seanand113@gmail.com,newsletter,everyone,true
156907764,2025-02-11T16:33:44.123Z,btantchev@yahoo.com,newsletter,everyone,true
156907764,2025-02-11T16:33:44.148Z,lorimoreplease@gmail.com,newsletter,everyone,true
156907764,2025-02-11T16:33:44.151Z,ryanking925@gmail.com,newsletter,everyone,true
156907764,2025-02-11T16:33:44.203Z,vaniapmark@gmail.com,newsletter,everyone,true
156907764,2025-02-11T16:33:44.233Z,kittfricke04@gmail.com,newsletter,everyone,true
156907764,2025-02-11T16:33:44.283Z,sebastianjacobs0@gmail.com,newsletter,everyone,true
156907764,2025-02-11T16:33:44.308Z,drnewmanjacobs@yahoo.com,newsletter,everyone,true
156907764,2025-02-11T16:33:44.314Z,henryw.2118@gmail.com,newsletter,everyone,true
156907764,2025-02-11T16:33:44.464Z,zfgillingham@gmail.com,newsletter,everyone,true
156907764,2025-02-11T16:33:44.885Z,jamespwilson14@gmail.com,newsletter,everyone,true
156907764,2025-02-11T16:33:46.826Z,hayeswu@icloud.com,newsletter,everyone,true
156907764,2025-02-11T16:33:51.804Z,francisjacobs@icloud.com,newsletter,everyone,true
156907764,2025-02-11T16:33:54.852Z,ian.pokorny47@gmail.com,newsletter,everyone,true
