post_id,timestamp,email,post_type,post_audience,active_subscription,country,city,region,device_type,client_os,client_type,user_agent
156907764,2025-02-11T16:34:02.455Z,jamespwilson14@gmail.com,newsletter,everyone,true,US,,,,,,Mozilla/5.0 (Windows NT 5.1; rv:11.0) Gecko Firefox/11.0 (via ggpht.com GoogleImageProxy)
156907764,2025-02-11T16:35:14.007Z,henryw.2118@gmail.com,newsletter,everyone,true,US,,,,,,Mozilla/5.0 (Windows NT 5.1; rv:11.0) Gecko Firefox/11.0 (via ggpht.com GoogleImageProxy)
156907764,2025-02-11T16:36:28.852Z,Eofloisand1@gmail.com,newsletter,everyone,true,US,,,,,,Mozilla/5.0 (Windows NT 5.1; rv:11.0) Gecko Firefox/11.0 (via ggpht.com GoogleImageProxy)
156907764,2025-02-11T16:45:47.810Z,sebastianjacobs0@gmail.com,newsletter,everyone,true,US,,,,,,Mozilla/5.0
156907764,2025-02-11T16:56:23.272Z,deb.naude@gmail.com,newsletter,everyone,true,US,,,,,,Mozilla/5.0
156907764,2025-02-11T17:04:33.661Z,deb.naude@gmail.com,newsletter,everyone,true,NL,,,,,,Mozilla/5.0
156907764,2025-02-11T17:25:17.828Z,katherinemansfield13@gmail.com,newsletter,everyone,true,US,,,,,,Mozilla/5.0 (Windows NT 5.1; rv:11.0) Gecko Firefox/11.0 (via ggpht.com GoogleImageProxy)
156907764,2025-02-11T17:49:22.330Z,derekuy@ucsb.edu,newsletter,everyone,true,US,,,,,,Mozilla/5.0 (Windows NT 5.1; rv:11.0) Gecko Firefox/11.0 (via ggpht.com GoogleImageProxy)
156907764,2025-02-11T18:02:32.276Z,henryw.2118@gmail.com,newsletter,everyone,true,US,,,,,,Mozilla/5.0
156907764,2025-02-11T18:08:03.321Z,henryw.2118@gmail.com,newsletter,everyone,true,NL,,,,,,Mozilla/5.0
156907764,2025-02-11T18:08:39.419Z,derekuy@ucsb.edu,newsletter,everyone,true,US,,,,,,Mozilla/5.0 (Windows NT 5.1; rv:11.0) Gecko Firefox/11.0 (via ggpht.com GoogleImageProxy)
156907764,2025-02-11T19:13:35.765Z,derekuy@ucsb.edu,newsletter,everyone,true,US,,,,,,Mozilla/5.0 (Windows NT 5.1; rv:11.0) Gecko Firefox/11.0 (via ggpht.com GoogleImageProxy)
156907764,2025-02-11T19:44:28.890Z,Derek.uy@gmail.com,newsletter,everyone,true,US,,,,,,Mozilla/5.0
156907764,2025-02-11T20:20:46.159Z,deb.naude@gmail.com,newsletter,everyone,true,US,,,,,,Mozilla/5.0 (Windows NT 5.1; rv:11.0) Gecko Firefox/11.0 (via ggpht.com GoogleImageProxy)
156907764,2025-02-11T20:46:53.764Z,josephekpo@ucsb.edu,newsletter,everyone,true,US,,,,,,Mozilla/5.0 (Windows NT 5.1; rv:11.0) Gecko Firefox/11.0 (via ggpht.com GoogleImageProxy)
156907764,2025-02-11T20:46:54.121Z,josephekpo@ucsb.edu,newsletter,everyone,true,US,,,,,,Mozilla/5.0 (Windows NT 5.1; rv:11.0) Gecko Firefox/11.0 (via ggpht.com GoogleImageProxy)
156907764,2025-02-11T20:47:23.771Z,josephekpo@ucsb.edu,newsletter,everyone,true,US,,,,,,Mozilla/5.0 (Windows NT 5.1; rv:11.0) Gecko Firefox/11.0 (via ggpht.com GoogleImageProxy)
156907764,2025-02-11T20:58:11.621Z,lorimoreplease@gmail.com,newsletter,everyone,true,GB,,,,,,Mozilla/5.0
156907764,2025-02-11T21:07:58.225Z,brodyricci805@gmail.com,newsletter,everyone,true,US,,,,,,Mozilla/5.0
156907764,2025-02-11T22:10:00.196Z,drnewmanjacobs@yahoo.com,newsletter,everyone,true,US,,,,,,Mozilla/5.0
156907764,2025-02-11T22:33:16.440Z,griffin.szymoniak@gmail.com,newsletter,everyone,true,US,,,,,,Mozilla/5.0
156907764,2025-02-12T01:41:48.158Z,drnewmanjacobs@yahoo.com,newsletter,everyone,true,US,,,,,,Mozilla/5.0
156907764,2025-02-12T02:06:10.107Z,hayeswu@icloud.com,newsletter,everyone,true,US,,,,,,Mozilla/5.0
156907764,2025-02-12T02:51:08.983Z,henryw.2118@gmail.com,newsletter,everyone,true,US,,,,,,Mozilla/5.0
156907764,2025-02-12T03:30:55.892Z,ptantchev@gmail.com,newsletter,everyone,false,US,,,,,,Mozilla/5.0 (Windows NT 5.1; rv:11.0) Gecko Firefox/11.0 (via ggpht.com GoogleImageProxy)
156907764,2025-02-12T05:33:22.217Z,griffin.szymoniak@gmail.com,newsletter,everyone,true,US,,,,,,Mozilla/5.0 (Windows NT 5.1; rv:11.0) Gecko Firefox/11.0 (via ggpht.com GoogleImageProxy)
156907764,2025-02-12T06:33:25.404Z,katherinemansfield13@gmail.com,newsletter,everyone,true,US,,,,,,Mozilla/5.0
156907764,2025-02-12T06:43:38.592Z,bgstudioda@gmail.com,newsletter,everyone,true,US,,,,,,Mozilla/5.0 (Windows NT 5.1; rv:11.0) Gecko Firefox/11.0 (via ggpht.com GoogleImageProxy)
156907764,2025-02-12T06:43:43.531Z,bgstudioda@gmail.com,newsletter,everyone,true,US,,,,,,Mozilla/5.0 (Windows NT 5.1; rv:11.0) Gecko Firefox/11.0 (via ggpht.com GoogleImageProxy)
156907764,2025-02-12T09:18:55.579Z,seanand113@gmail.com,newsletter,everyone,true,US,,,,,,Mozilla/5.0
156907764,2025-02-12T15:48:09.106Z,drnewmanjacobs@yahoo.com,newsletter,everyone,true,US,,,,,,Mozilla/5.0
156907764,2025-02-12T18:51:46.302Z,olafjkuiper@gmail.com,newsletter,everyone,true,US,,,,,,Mozilla/5.0
156907764,2025-02-12T20:05:08.047Z,vaniapmark@gmail.com,newsletter,everyone,true,US,,,,,,Mozilla/5.0
156907764,2025-02-12T22:09:45.260Z,katherinemansfield13@gmail.com,newsletter,everyone,true,US,,,,,,Mozilla/5.0 (Windows NT 5.1; rv:11.0) Gecko Firefox/11.0 (via ggpht.com GoogleImageProxy)
156907764,2025-02-12T22:31:45.145Z,olafjkuiper@gmail.com,newsletter,everyone,true,MX,,,,,,Mozilla/5.0
156907764,2025-02-13T05:35:37.618Z,ptantchev@gmail.com,newsletter,everyone,false,US,,,,,,Mozilla/5.0
156907764,2025-02-14T20:45:27.480Z,jamespwilson14@gmail.com,newsletter,everyone,true,US,,,,,,Mozilla/5.0
156907764,2025-02-15T21:49:14.779Z,josephekpo@ucsb.edu,newsletter,everyone,true,US,,,,,,Mozilla/5.0
156907764,2025-02-18T00:46:30.522Z,hayeswu@icloud.com,newsletter,everyone,true,US,,,,,,Mozilla/5.0
156907764,2025-02-18T10:13:47.046Z,francisjacobs@icloud.com,newsletter,everyone,true,NL,,,,,,Mozilla/5.0
156907764,2025-02-19T11:39:14.510Z,vaniapmark@gmail.com,newsletter,everyone,true,US,,,,,,Mozilla/5.0
156907764,2025-02-28T09:12:03.269Z,seanand113@gmail.com,newsletter,everyone,true,US,,,,,,Mozilla/5.0
