post_id,timestamp,email,post_type,post_audience,active_subscription,country,city,region,device_type,client_os,client_type,user_agent
157044543,2025-02-13T16:47:09.230Z,Eofloisand1@gmail.com,newsletter,everyone,true,US,,,,,,Mozilla/5.0 (Windows NT 5.1; rv:11.0) Gecko Firefox/11.0 (via ggpht.com GoogleImageProxy)
157044543,2025-02-13T16:47:12.773Z,willthomas127@gmail.com,newsletter,everyone,true,US,,,,,,Mozilla/5.0 (Windows NT 5.1; rv:11.0) Gecko Firefox/11.0 (via ggpht.com GoogleImageProxy)
157044543,2025-02-13T16:48:57.081Z,jamespwilson14@gmail.com,newsletter,everyone,true,US,,,,,,Mozilla/5.0 (Windows NT 5.1; rv:11.0) Gecko Firefox/11.0 (via ggpht.com GoogleImageProxy)
157044543,2025-02-13T16:53:41.585Z,ryanking925@gmail.com,newsletter,everyone,true,US,,,,,,Mozilla/5.0 (Windows NT 5.1; rv:11.0) Gecko Firefox/11.0 (via ggpht.com GoogleImageProxy)
157044543,2025-02-13T16:55:35.534Z,drnewmanjacobs@yahoo.com,newsletter,everyone,true,US,,,,,,Mozilla/5.0
157044543,2025-02-13T17:19:59.182Z,derekuy@ucsb.edu,newsletter,everyone,true,US,,,,,,Mozilla/5.0 (Windows NT 5.1; rv:11.0) Gecko Firefox/11.0 (via ggpht.com GoogleImageProxy)
157044543,2025-02-13T17:20:04.522Z,derekuy@ucsb.edu,newsletter,everyone,true,US,,,,,,Mozilla/5.0 (Windows NT 5.1; rv:11.0) Gecko Firefox/11.0 (via ggpht.com GoogleImageProxy)
157044543,2025-02-13T17:42:06.184Z,henryw.2118@gmail.com,newsletter,everyone,true,US,,,,,,Mozilla/5.0
157044543,2025-02-13T18:13:44.475Z,henryw.2118@gmail.com,newsletter,everyone,true,US,,,,,,Mozilla/5.0
157044543,2025-02-13T19:17:15.599Z,olafjkuiper@gmail.com,newsletter,everyone,true,MX,,,,,,Mozilla/5.0
157044543,2025-02-13T20:00:32.835Z,deb.naude@gmail.com,newsletter,everyone,true,US,,,,,,Mozilla/5.0 (Windows NT 5.1; rv:11.0) Gecko Firefox/11.0 (via ggpht.com GoogleImageProxy)
157044543,2025-02-13T20:01:04.733Z,deb.naude@gmail.com,newsletter,everyone,true,US,,,,,,Mozilla/5.0 (Windows NT 5.1; rv:11.0) Gecko Firefox/11.0 (via ggpht.com GoogleImageProxy)
157044543,2025-02-13T20:15:57.915Z,Derek.uy@gmail.com,newsletter,everyone,true,US,,,,,,Mozilla/5.0 (Windows NT 5.1; rv:11.0) Gecko Firefox/11.0 (via ggpht.com GoogleImageProxy)
157044543,2025-02-13T20:15:59.818Z,Derek.uy@gmail.com,newsletter,everyone,true,US,,,,,,Mozilla/5.0 (Windows NT 5.1; rv:11.0) Gecko Firefox/11.0 (via ggpht.com GoogleImageProxy)
157044543,2025-02-13T20:58:33.352Z,Eofloisand1@gmail.com,newsletter,everyone,true,US,,,,,,Mozilla/5.0 (Windows NT 5.1; rv:11.0) Gecko Firefox/11.0 (via ggpht.com GoogleImageProxy)
157044543,2025-02-13T22:04:50.729Z,katherinemansfield13@gmail.com,newsletter,everyone,true,US,,,,,,Mozilla/5.0 (Windows NT 5.1; rv:11.0) Gecko Firefox/11.0 (via ggpht.com GoogleImageProxy)
157044543,2025-02-13T22:14:06.080Z,olafjkuiper@gmail.com,newsletter,everyone,true,US,,,,,,Mozilla/5.0 (Windows NT 5.1; rv:11.0) Gecko Firefox/11.0 (via ggpht.com GoogleImageProxy)
157044543,2025-02-13T22:20:51.264Z,kittfricke04@gmail.com,newsletter,everyone,true,US,,,,,,Mozilla/5.0 (Windows NT 5.1; rv:11.0) Gecko Firefox/11.0 (via ggpht.com GoogleImageProxy)
157044543,2025-02-13T22:51:52.931Z,hayeswu@icloud.com,newsletter,everyone,true,US,,,,,,Mozilla/5.0
157044543,2025-02-14T00:29:03.184Z,sebastianjacobs0@gmail.com,newsletter,everyone,true,US,,,,,,Mozilla/5.0
157044543,2025-02-14T00:41:00.972Z,ptantchev@gmail.com,newsletter,everyone,false,US,,,,,,Mozilla/5.0
157044543,2025-02-14T01:25:04.144Z,ptantchev@gmail.com,newsletter,everyone,false,US,,,,,,Mozilla/5.0 (Windows NT 5.1; rv:11.0) Gecko Firefox/11.0 (via ggpht.com GoogleImageProxy)
157044543,2025-02-14T03:37:24.614Z,katherinemansfield13@gmail.com,newsletter,everyone,true,US,,,,,,Mozilla/5.0 (Windows NT 5.1; rv:11.0) Gecko Firefox/11.0 (via ggpht.com GoogleImageProxy)
157044543,2025-02-14T03:52:59.198Z,seanand113@gmail.com,newsletter,everyone,true,NL,,,,,,Mozilla/5.0
157044543,2025-02-14T06:36:37.227Z,drnewmanjacobs@yahoo.com,newsletter,everyone,true,US,,,,,,Mozilla/5.0
157044543,2025-02-14T08:03:53.006Z,henryw.2118@gmail.com,newsletter,everyone,true,US,,,,,,Mozilla/5.0
157044543,2025-02-14T10:36:40.489Z,lorimoreplease@gmail.com,newsletter,everyone,true,GB,,,,,,Mozilla/5.0
157044543,2025-02-14T19:23:34.020Z,brodyricci805@gmail.com,newsletter,everyone,true,NL,,,,,,Mozilla/5.0
157044543,2025-02-14T19:23:35.474Z,brodyricci805@gmail.com,newsletter,everyone,true,US,,,,,,Mozilla/5.0
157044543,2025-02-14T19:49:16.528Z,Derek.uy@gmail.com,newsletter,everyone,true,US,,,,,,Mozilla/5.0
157044543,2025-02-14T21:03:18.925Z,jamespwilson14@gmail.com,newsletter,everyone,true,US,,,,,,Mozilla/5.0
157044543,2025-02-14T23:27:05.303Z,griffin.szymoniak@gmail.com,newsletter,everyone,true,US,,,,,,Mozilla/5.0
157044543,2025-02-15T00:55:22.375Z,vaniapmark@gmail.com,newsletter,everyone,true,US,,,,,,Mozilla/5.0
157044543,2025-02-15T14:14:05.850Z,katherinemansfield13@gmail.com,newsletter,everyone,true,US,,,,,,Mozilla/5.0
157044543,2025-02-17T22:32:08.210Z,olafjkuiper@gmail.com,newsletter,everyone,true,US,,,,,,Mozilla/5.0
157044543,2025-02-18T00:47:05.547Z,hayeswu@icloud.com,newsletter,everyone,true,US,,,,,,Mozilla/5.0
157044543,2025-02-18T09:48:52.992Z,francisjacobs@icloud.com,newsletter,everyone,true,US,,,,,,Mozilla/5.0
157044543,2025-02-19T10:25:45.181Z,vaniapmark@gmail.com,newsletter,everyone,true,NL,,,,,,Mozilla/5.0
157044543,2025-02-27T16:14:16.376Z,ryanking925@gmail.com,newsletter,everyone,true,US,,,,,,Mozilla/5.0 (Windows NT 5.1; rv:11.0) Gecko Firefox/11.0 (via ggpht.com GoogleImageProxy)
157044543,2025-02-28T08:59:58.025Z,seanand113@gmail.com,newsletter,everyone,true,US,,,,,,Mozilla/5.0
