post_id,timestamp,email,post_type,post_audience,active_subscription
157044543,2025-02-13T16:45:57.473Z,ptantchev@gmail.com,newsletter,everyone,false
157044543,2025-02-13T16:45:57.590Z,deb.naude@gmail.com,newsletter,everyone,true
157044543,2025-02-13T16:45:57.975Z,katherinemansfield13@gmail.com,newsletter,everyone,true
157044543,2025-02-13T16:45:58.522Z,ryanking925@gmail.com,newsletter,everyone,true
157044543,2025-02-13T16:45:58.588Z,Derek.uy@gmail.com,newsletter,everyone,true
157044543,2025-02-13T16:45:58.642Z,kittfricke04@gmail.com,newsletter,everyone,true
157044543,2025-02-13T16:45:58.670Z,lorimoreplease@gmail.com,newsletter,everyone,true
157044543,2025-02-13T16:45:58.710Z,vaniapmark@gmail.com,newsletter,everyone,true
157044543,2025-02-13T16:45:58.894Z,seansantos3000@gmail.com,newsletter,everyone,true
157044543,2025-02-13T16:45:58.910Z,seanand113@gmail.com,newsletter,everyone,true
157044543,2025-02-13T16:45:59.175Z,ian.pokorny47@gmail.com,newsletter,everyone,true
157044543,2025-02-13T16:45:59.371Z,btantchev@yahoo.com,newsletter,everyone,true
157044543,2025-02-13T16:45:59.580Z,francisjacobs@icloud.com,newsletter,everyone,true
157044543,2025-02-13T16:45:59.606Z,brodyricci805@gmail.com,newsletter,everyone,true
157044543,2025-02-13T16:45:59.735Z,Eofloisand1@gmail.com,newsletter,everyone,true
157044543,2025-02-13T16:45:59.767Z,griffin.szymoniak@gmail.com,newsletter,everyone,true
157044543,2025-02-13T16:45:59.782Z,josephekpo@ucsb.edu,newsletter,everyone,true
157044543,2025-02-13T16:45:59.791Z,zfgillingham@gmail.com,newsletter,everyone,true
157044543,2025-02-13T16:45:59.808Z,bgstudioda@gmail.com,newsletter,everyone,true
157044543,2025-02-13T16:45:59.897Z,faigorjaihometv@gmail.com,newsletter,everyone,true
157044543,2025-02-13T16:45:59.943Z,drnewmanjacobs@yahoo.com,newsletter,everyone,true
157044543,2025-02-13T16:46:00.033Z,aidankenney08@gmail.com,newsletter,everyone,true
157044543,2025-02-13T16:46:00.055Z,henryw.2118@gmail.com,newsletter,everyone,true
157044543,2025-02-13T16:46:00.061Z,sebastianjacobs0@gmail.com,newsletter,everyone,true
157044543,2025-02-13T16:46:00.113Z,derekuy@ucsb.edu,newsletter,everyone,true
157044543,2025-02-13T16:46:00.148Z,willthomas127@gmail.com,newsletter,everyone,true
157044543,2025-02-13T16:46:00.571Z,olafjkuiper@gmail.com,newsletter,everyone,true
157044543,2025-02-13T16:46:01.326Z,hayeswu@icloud.com,newsletter,everyone,true
157044543,2025-02-13T16:46:02.641Z,jamespwilson14@gmail.com,newsletter,everyone,true
