post_id,timestamp,email,post_type,post_audience,active_subscription
157122866,2025-02-14T16:40:52.730Z,ptantchev@gmail.com,newsletter,everyone,false
157122866,2025-02-14T16:40:53.387Z,katherinemansfield13@gmail.com,newsletter,everyone,true
157122866,2025-02-14T16:40:53.408Z,deb.naude@gmail.com,newsletter,everyone,true
157122866,2025-02-14T16:40:53.426Z,seanand113@gmail.com,newsletter,everyone,true
157122866,2025-02-14T16:40:53.495Z,ryanking925@gmail.com,newsletter,everyone,true
157122866,2025-02-14T16:40:53.543Z,aidankenney08@gmail.com,newsletter,everyone,true
157122866,2025-02-14T16:40:53.550Z,uhreeb@gmail.com,newsletter,everyone,true
157122866,2025-02-14T16:40:53.594Z,willthomas127@gmail.com,newsletter,everyone,true
157122866,2025-02-14T16:40:53.617Z,josephekpo@ucsb.edu,newsletter,everyone,true
157122866,2025-02-14T16:40:53.627Z,lorimoreplease@gmail.com,newsletter,everyone,true
157122866,2025-02-14T16:40:53.639Z,faigorjaihometv@gmail.com,newsletter,everyone,true
157122866,2025-02-14T16:40:53.639Z,zfgillingham@gmail.com,newsletter,everyone,true
157122866,2025-02-14T16:40:53.649Z,jamespwilson14@gmail.com,newsletter,everyone,true
157122866,2025-02-14T16:40:53.680Z,sebastianjacobs0@gmail.com,newsletter,everyone,true
157122866,2025-02-14T16:40:53.711Z,vaniapmark@gmail.com,newsletter,everyone,true
157122866,2025-02-14T16:40:53.834Z,brodyricci805@gmail.com,newsletter,everyone,true
157122866,2025-02-14T16:40:53.925Z,griffin.szymoniak@gmail.com,newsletter,everyone,true
157122866,2025-02-14T16:40:53.950Z,derekuy@ucsb.edu,newsletter,everyone,true
157122866,2025-02-14T16:40:53.988Z,kittfricke04@gmail.com,newsletter,everyone,true
157122866,2025-02-14T16:40:54.025Z,Derek.uy@gmail.com,newsletter,everyone,true
157122866,2025-02-14T16:40:54.059Z,henryw.2118@gmail.com,newsletter,everyone,true
157122866,2025-02-14T16:40:54.064Z,olafjkuiper@gmail.com,newsletter,everyone,true
157122866,2025-02-14T16:40:54.094Z,drnewmanjacobs@yahoo.com,newsletter,everyone,true
157122866,2025-02-14T16:40:54.135Z,bgstudioda@gmail.com,newsletter,everyone,true
157122866,2025-02-14T16:40:54.204Z,seansantos3000@gmail.com,newsletter,everyone,true
157122866,2025-02-14T16:40:54.235Z,ian.pokorny47@gmail.com,newsletter,everyone,true
157122866,2025-02-14T16:40:54.245Z,Eofloisand1@gmail.com,newsletter,everyone,true
157122866,2025-02-14T16:40:54.384Z,btantchev@yahoo.com,newsletter,everyone,true
157122866,2025-02-14T16:40:54.756Z,francisjacobs@icloud.com,newsletter,everyone,true
157122866,2025-02-14T16:40:55.545Z,hayeswu@icloud.com,newsletter,everyone,true
