post_id,timestamp,email,post_type,post_audience,active_subscription,country,city,region,device_type,client_os,client_type,user_agent
157176980,2025-02-16T17:04:42.278Z,Eofloisand1@gmail.com,newsletter,everyone,true,US,,,,,,Mozilla/5.0 (Windows NT 5.1; rv:11.0) Gecko Firefox/11.0 (via ggpht.com GoogleImageProxy)
157176980,2025-02-16T17:40:02.623Z,Derek.uy@gmail.com,newsletter,everyone,true,US,,,,,,Mozilla/5.0 (Windows NT 5.1; rv:11.0) Gecko Firefox/11.0 (via ggpht.com GoogleImageProxy)
157176980,2025-02-16T17:40:11.186Z,Derek.uy@gmail.com,newsletter,everyone,true,US,,,,,,Mozilla/5.0 (Windows NT 5.1; rv:11.0) Gecko Firefox/11.0 (via ggpht.com GoogleImageProxy)
157176980,2025-02-16T17:40:16.179Z,derekuy@ucsb.edu,newsletter,everyone,true,US,,,,,,Mozilla/5.0 (Windows NT 5.1; rv:11.0) Gecko Firefox/11.0 (via ggpht.com GoogleImageProxy)
157176980,2025-02-16T17:40:26.518Z,derekuy@ucsb.edu,newsletter,everyone,true,US,,,,,,Mozilla/5.0 (Windows NT 5.1; rv:11.0) Gecko Firefox/11.0 (via ggpht.com GoogleImageProxy)
157176980,2025-02-16T17:40:35.626Z,katherinemansfield13@gmail.com,newsletter,everyone,true,US,,,,,,Mozilla/5.0 (Windows NT 5.1; rv:11.0) Gecko Firefox/11.0 (via ggpht.com GoogleImageProxy)
157176980,2025-02-16T17:45:29.421Z,henryw.2118@gmail.com,newsletter,everyone,true,US,,,,,,Mozilla/5.0
157176980,2025-02-16T18:03:48.901Z,bgstudioda@gmail.com,newsletter,everyone,true,US,,,,,,Mozilla/5.0 (Windows NT 5.1; rv:11.0) Gecko Firefox/11.0 (via ggpht.com GoogleImageProxy)
157176980,2025-02-16T19:22:05.209Z,griffin.szymoniak@gmail.com,newsletter,everyone,true,US,,,,,,Mozilla/5.0 (Windows NT 5.1; rv:11.0) Gecko Firefox/11.0 (via ggpht.com GoogleImageProxy)
157176980,2025-02-16T19:50:31.293Z,Eofloisand1@gmail.com,newsletter,everyone,true,US,,,,,,Mozilla/5.0 (Windows NT 5.1; rv:11.0) Gecko Firefox/11.0 (via ggpht.com GoogleImageProxy)
157176980,2025-02-16T19:54:45.772Z,Eofloisand1@gmail.com,newsletter,everyone,true,US,,,,,,Mozilla/5.0 (Windows NT 5.1; rv:11.0) Gecko Firefox/11.0 (via ggpht.com GoogleImageProxy)
157176980,2025-02-16T19:54:46.159Z,Eofloisand1@gmail.com,newsletter,everyone,true,US,,,,,,Mozilla/5.0 (Windows NT 5.1; rv:11.0) Gecko Firefox/11.0 (via ggpht.com GoogleImageProxy)
157176980,2025-02-16T19:58:08.007Z,hayeswu@icloud.com,newsletter,everyone,true,US,,,,,,Mozilla/5.0
157176980,2025-02-16T20:10:22.552Z,brodyricci805@gmail.com,newsletter,everyone,true,US,,,,,,Mozilla/5.0
157176980,2025-02-16T20:10:31.074Z,sebastianjacobs0@gmail.com,newsletter,everyone,true,US,,,,,,Mozilla/5.0
157176980,2025-02-16T20:13:03.777Z,vaniapmark@gmail.com,newsletter,everyone,true,US,,,,,,Mozilla/5.0
157176980,2025-02-16T22:36:58.901Z,deb.naude@gmail.com,newsletter,everyone,true,US,,,,,,Mozilla/5.0 (Windows NT 5.1; rv:11.0) Gecko Firefox/11.0 (via ggpht.com GoogleImageProxy)
157176980,2025-02-16T23:03:55.335Z,olafjkuiper@gmail.com,newsletter,everyone,true,US,,,,,,Mozilla/5.0
157176980,2025-02-16T23:14:08.730Z,josephekpo@ucsb.edu,newsletter,everyone,true,US,,,,,,Mozilla/5.0 (Windows NT 5.1; rv:11.0) Gecko Firefox/11.0 (via ggpht.com GoogleImageProxy)
157176980,2025-02-17T00:00:51.066Z,seanand113@gmail.com,newsletter,everyone,true,US,,,,,,Mozilla/5.0
157176980,2025-02-17T00:04:40.471Z,deb.naude@gmail.com,newsletter,everyone,true,US,,,,,,Mozilla/5.0 (Windows NT 5.1; rv:11.0) Gecko Firefox/11.0 (via ggpht.com GoogleImageProxy)
157176980,2025-02-17T00:49:59.290Z,kittfricke04@gmail.com,newsletter,everyone,true,US,,,,,,Mozilla/5.0 (Windows NT 5.1; rv:11.0) Gecko Firefox/11.0 (via ggpht.com GoogleImageProxy)
157176980,2025-02-17T01:35:56.402Z,griffin.szymoniak@gmail.com,newsletter,everyone,true,US,,,,,,Mozilla/5.0 (Windows NT 5.1; rv:11.0) Gecko Firefox/11.0 (via ggpht.com GoogleImageProxy)
157176980,2025-02-17T01:49:08.410Z,katherinemansfield13@gmail.com,newsletter,everyone,true,US,,,,,,Mozilla/5.0
157176980,2025-02-17T03:07:12.788Z,ptantchev@gmail.com,newsletter,everyone,false,US,,,,,,Mozilla/5.0
157176980,2025-02-17T23:33:11.711Z,deb.naude@gmail.com,newsletter,everyone,true,NL,,,,,,Mozilla/5.0
157176980,2025-02-17T23:51:22.019Z,olafjkuiper@gmail.com,newsletter,everyone,true,US,,,,,,Mozilla/5.0
157176980,2025-02-18T10:35:13.492Z,francisjacobs@icloud.com,newsletter,everyone,true,US,,,,,,Mozilla/5.0
157176980,2025-02-18T15:28:11.365Z,lorimoreplease@gmail.com,newsletter,everyone,true,GB,,,,,,Mozilla/5.0
157176980,2025-02-18T17:06:39.940Z,lorimoreplease@gmail.com,newsletter,everyone,true,GB,,,,,,Mozilla/5.0
157176980,2025-02-18T17:39:52.373Z,Derek.uy@gmail.com,newsletter,everyone,true,US,,,,,,Mozilla/5.0
157176980,2025-02-19T02:10:21.443Z,jamespwilson14@gmail.com,newsletter,everyone,true,US,,,,,,Mozilla/5.0
157176980,2025-02-19T09:28:10.199Z,vaniapmark@gmail.com,newsletter,everyone,true,US,,,,,,Mozilla/5.0
157176980,2025-02-19T14:43:35.658Z,deb.naude@gmail.com,newsletter,everyone,true,US,,,,,,Mozilla/5.0
157176980,2025-02-20T03:53:29.366Z,griffin.szymoniak@gmail.com,newsletter,everyone,true,US,,,,,,Mozilla/5.0
157176980,2025-02-20T18:21:38.446Z,henryw.2118@gmail.com,newsletter,everyone,true,US,,,,,,Mozilla/5.0
157176980,2025-02-20T18:32:37.605Z,henryw.2118@gmail.com,newsletter,everyone,true,US,,,,,,Mozilla/5.0
157176980,2025-02-20T23:18:19.489Z,griffin.szymoniak@gmail.com,newsletter,everyone,true,US,,,,,,Mozilla/5.0 (Windows NT 5.1; rv:11.0) Gecko Firefox/11.0 (via ggpht.com GoogleImageProxy)
157176980,2025-02-25T21:30:01.856Z,josephekpo@ucsb.edu,newsletter,everyone,true,US,,,,,,Mozilla/5.0
157176980,2025-02-28T03:58:12.956Z,seanand113@gmail.com,newsletter,everyone,true,US,,,,,,Mozilla/5.0
