post_id,timestamp,email,post_type,post_audience,active_subscription
157176980,2025-02-16T17:03:44.504Z,katherinemansfield13@gmail.com,newsletter,everyone,true
157176980,2025-02-16T17:03:44.646Z,ptantchev@gmail.com,newsletter,everyone,false
157176980,2025-02-16T17:03:46.140Z,deb.naude@gmail.com,newsletter,everyone,true
157176980,2025-02-16T17:03:47.789Z,aidankenney08@gmail.com,newsletter,everyone,true
157176980,2025-02-16T17:03:47.805Z,griffin.szymoniak@gmail.com,newsletter,everyone,true
157176980,2025-02-16T17:03:47.818Z,josephekpo@ucsb.edu,newsletter,everyone,true
157176980,2025-02-16T17:03:47.842Z,henryw.2118@gmail.com,newsletter,everyone,true
157176980,2025-02-16T17:03:47.869Z,uhreeb@gmail.com,newsletter,everyone,true
157176980,2025-02-16T17:03:47.903Z,jamespwilson14@gmail.com,newsletter,everyone,true
157176980,2025-02-16T17:03:47.968Z,faigorjaihometv@gmail.com,newsletter,everyone,true
157176980,2025-02-16T17:03:47.986Z,zfgillingham@gmail.com,newsletter,everyone,true
157176980,2025-02-16T17:03:48.024Z,francisjacobs@icloud.com,newsletter,everyone,true
157176980,2025-02-16T17:03:48.107Z,bgstudioda@gmail.com,newsletter,everyone,true
157176980,2025-02-16T17:03:48.134Z,ryanking925@gmail.com,newsletter,everyone,true
157176980,2025-02-16T17:03:48.144Z,seansantos3000@gmail.com,newsletter,everyone,true
157176980,2025-02-16T17:03:48.213Z,lorimoreplease@gmail.com,newsletter,everyone,true
157176980,2025-02-16T17:03:48.277Z,Eofloisand1@gmail.com,newsletter,everyone,true
157176980,2025-02-16T17:03:48.286Z,vaniapmark@gmail.com,newsletter,everyone,true
157176980,2025-02-16T17:03:48.333Z,derekuy@ucsb.edu,newsletter,everyone,true
157176980,2025-02-16T17:03:48.376Z,willthomas127@gmail.com,newsletter,everyone,true
157176980,2025-02-16T17:03:48.478Z,sebastianjacobs0@gmail.com,newsletter,everyone,true
157176980,2025-02-16T17:03:48.488Z,Derek.uy@gmail.com,newsletter,everyone,true
157176980,2025-02-16T17:03:48.611Z,kittfricke04@gmail.com,newsletter,everyone,true
157176980,2025-02-16T17:03:48.655Z,seanand113@gmail.com,newsletter,everyone,true
157176980,2025-02-16T17:03:48.823Z,ian.pokorny47@gmail.com,newsletter,everyone,true
157176980,2025-02-16T17:03:48.854Z,btantchev@yahoo.com,newsletter,everyone,true
157176980,2025-02-16T17:03:48.883Z,olafjkuiper@gmail.com,newsletter,everyone,true
157176980,2025-02-16T17:03:48.961Z,brodyricci805@gmail.com,newsletter,everyone,true
157176980,2025-02-16T17:03:49.026Z,drnewmanjacobs@yahoo.com,newsletter,everyone,true
157176980,2025-02-16T17:03:51.799Z,hayeswu@icloud.com,newsletter,everyone,true
