post_id,timestamp,email,post_type,post_audience,active_subscription,country,city,region,device_type,client_os,client_type,user_agent
157122866,2025-02-14T16:42:50.644Z,Eofloisand1@gmail.com,newsletter,everyone,true,US,,,,,,Mozilla/5.0 (Windows NT 5.1; rv:11.0) Gecko Firefox/11.0 (via ggpht.com GoogleImageProxy)
157122866,2025-02-14T16:44:12.743Z,uhreeb@gmail.com,newsletter,everyone,true,US,,,,,,Mozilla/5.0 (Windows NT 5.1; rv:11.0) Gecko Firefox/11.0 (via ggpht.com GoogleImageProxy)
157122866,2025-02-14T16:49:52.901Z,uhreeb@gmail.com,newsletter,everyone,true,US,,,,,,Mozilla/5.0 (Windows NT 5.1; rv:11.0) Gecko Firefox/11.0 (via ggpht.com GoogleImageProxy)
157122866,2025-02-14T16:54:48.792Z,olafjkuiper@gmail.com,newsletter,everyone,true,US,,,,,,Mozilla/5.0
157122866,2025-02-14T17:00:51.561Z,ptantchev@gmail.com,newsletter,everyone,false,US,,,,,,Mozilla/5.0
157122866,2025-02-14T17:04:22.789Z,deb.naude@gmail.com,newsletter,everyone,true,US,,,,,,Mozilla/5.0
157122866,2025-02-14T17:05:03.459Z,ptantchev@gmail.com,newsletter,everyone,false,US,,,,,,Mozilla/5.0 (Windows NT 5.1; rv:11.0) Gecko Firefox/11.0 (via ggpht.com GoogleImageProxy)
157122866,2025-02-14T17:26:34.490Z,henryw.2118@gmail.com,newsletter,everyone,true,US,,,,,,Mozilla/5.0
157122866,2025-02-14T17:35:08.752Z,josephekpo@ucsb.edu,newsletter,everyone,true,US,,,,,,Mozilla/5.0 (Windows NT 5.1; rv:11.0) Gecko Firefox/11.0 (via ggpht.com GoogleImageProxy)
157122866,2025-02-14T17:55:40.918Z,Derek.uy@gmail.com,newsletter,everyone,true,US,,,,,,Mozilla/5.0 (Windows NT 5.1; rv:11.0) Gecko Firefox/11.0 (via ggpht.com GoogleImageProxy)
157122866,2025-02-14T17:55:42.793Z,derekuy@ucsb.edu,newsletter,everyone,true,US,,,,,,Mozilla/5.0 (Windows NT 5.1; rv:11.0) Gecko Firefox/11.0 (via ggpht.com GoogleImageProxy)
157122866,2025-02-14T18:13:04.327Z,derekuy@ucsb.edu,newsletter,everyone,true,US,,,,,,Mozilla/5.0 (Windows NT 5.1; rv:11.0) Gecko Firefox/11.0 (via ggpht.com GoogleImageProxy)
157122866,2025-02-14T19:02:35.498Z,henryw.2118@gmail.com,newsletter,everyone,true,US,,,,,,Mozilla/5.0
157122866,2025-02-14T19:31:40.611Z,Eofloisand1@gmail.com,newsletter,everyone,true,US,,,,,,Mozilla/5.0 (Windows NT 5.1; rv:11.0) Gecko Firefox/11.0 (via ggpht.com GoogleImageProxy)
157122866,2025-02-14T19:49:16.529Z,Derek.uy@gmail.com,newsletter,everyone,true,US,,,,,,Mozilla/5.0
157122866,2025-02-14T21:08:28.983Z,seansantos3000@gmail.com,newsletter,everyone,true,US,,,,,,Mozilla/5.0 (Windows NT 5.1; rv:11.0) Gecko Firefox/11.0 (via ggpht.com GoogleImageProxy)
157122866,2025-02-14T21:30:06.046Z,jamespwilson14@gmail.com,newsletter,everyone,true,US,,,,,,Mozilla/5.0
157122866,2025-02-14T22:21:51.113Z,brodyricci805@gmail.com,newsletter,everyone,true,US,,,,,,Mozilla/5.0
157122866,2025-02-14T22:33:37.942Z,deb.naude@gmail.com,newsletter,everyone,true,US,,,,,,Mozilla/5.0 (Windows NT 5.1; rv:11.0) Gecko Firefox/11.0 (via ggpht.com GoogleImageProxy)
157122866,2025-02-14T22:34:12.244Z,deb.naude@gmail.com,newsletter,everyone,true,US,,,,,,Mozilla/5.0 (Windows NT 5.1; rv:11.0) Gecko Firefox/11.0 (via ggpht.com GoogleImageProxy)
157122866,2025-02-14T23:11:29.039Z,hayeswu@icloud.com,newsletter,everyone,true,NL,,,,,,Mozilla/5.0
157122866,2025-02-14T23:58:48.241Z,lorimoreplease@gmail.com,newsletter,everyone,true,GB,,,,,,Mozilla/5.0
157122866,2025-02-15T00:55:22.374Z,vaniapmark@gmail.com,newsletter,everyone,true,US,,,,,,Mozilla/5.0
157122866,2025-02-15T03:51:44.020Z,henryw.2118@gmail.com,newsletter,everyone,true,US,,,,,,Mozilla/5.0
157122866,2025-02-15T06:30:27.606Z,seanand113@gmail.com,newsletter,everyone,true,US,,,,,,Mozilla/5.0
157122866,2025-02-15T07:26:04.983Z,sebastianjacobs0@gmail.com,newsletter,everyone,true,US,,,,,,Mozilla/5.0
157122866,2025-02-15T14:14:05.851Z,katherinemansfield13@gmail.com,newsletter,everyone,true,US,,,,,,Mozilla/5.0
157122866,2025-02-16T07:39:51.580Z,griffin.szymoniak@gmail.com,newsletter,everyone,true,US,,,,,,Mozilla/5.0
157122866,2025-02-16T21:48:07.789Z,drnewmanjacobs@yahoo.com,newsletter,everyone,true,US,,,,,,Mozilla/5.0
157122866,2025-02-16T23:57:11.590Z,francisjacobs@icloud.com,newsletter,everyone,true,US,,,,,,Mozilla/5.0
157122866,2025-02-17T22:32:08.209Z,olafjkuiper@gmail.com,newsletter,everyone,true,US,,,,,,Mozilla/5.0
157122866,2025-02-18T01:15:30.090Z,hayeswu@icloud.com,newsletter,everyone,true,US,,,,,,Mozilla/5.0
157122866,2025-02-19T10:25:45.180Z,vaniapmark@gmail.com,newsletter,everyone,true,NL,,,,,,Mozilla/5.0
157122866,2025-02-19T17:50:13.217Z,drnewmanjacobs@yahoo.com,newsletter,everyone,true,US,,,,,,Mozilla/5.0
157122866,2025-02-19T19:58:36.817Z,josephekpo@ucsb.edu,newsletter,everyone,true,US,,,,,,Mozilla/5.0
157122866,2025-02-25T18:26:08.533Z,vaniapmark@gmail.com,newsletter,everyone,true,US,,,,,,Mozilla/5.0
157122866,2025-02-28T03:58:12.957Z,seanand113@gmail.com,newsletter,everyone,true,US,,,,,,Mozilla/5.0
