email,active_subscription,expiry,plan,email_disabled,created_at
drnewmanjacobs@yahoo.com,false,,other,false,2024-12-12T20:46:48.513Z
theo.schipper@icloud.com,false,,other,false,2024-12-08T23:45:46.878Z
uhreeb@gmail.com,false,,other,false,2025-02-13T20:21:55.314Z
sebastianjacobs0@gmail.com,false,,other,false,2024-12-11T18:16:17.241Z
kimbagirl.ks@gmail.com,false,,other,false,2025-03-01T08:13:54.245Z
bgstudioda@gmail.com,false,,other,false,2024-10-20T18:35:41.357Z
maile.lazor@gmail.com,false,,other,false,2025-01-03T04:55:00.845Z
griffin.szymoniak@gmail.com,false,,other,false,2024-07-04T06:54:47.862Z
Derek.uy@gmail.com,false,,other,false,2024-08-16T03:57:24.336Z
mominm2000@gmail.com,false,,other,false,2025-02-05T10:28:12.151Z
seansantos3000@gmail.com,false,,other,false,2024-08-05T18:08:34.633Z
seanand113@gmail.com,false,,other,false,2024-07-08T17:53:33.332Z
avaturner24@gmail.com,false,,other,false,2025-03-04T17:30:42.997Z
deb.naude@gmail.com,false,,other,false,2025-01-24T17:07:21.603Z
katherinemansfield13@gmail.com,false,,other,false,2024-07-02T03:14:19.293Z
brodyricci805@gmail.com,false,,other,false,2024-12-09T00:21:42.965Z
francisjacobs@icloud.com,false,,other,false,2024-12-11T17:49:39.510Z
derekuy@ucsb.edu,false,,other,false,2024-07-04T06:35:14.885Z
henryw.2118@gmail.com,false,,other,false,2024-07-04T06:35:26.690Z
willthomas127@gmail.com,false,,other,false,2024-07-07T02:51:26.793Z
aidankenney08@gmail.com,false,,other,false,2024-07-08T00:49:21.113Z
josephekpo@ucsb.edu,false,,other,false,2024-07-08T00:50:06.240Z
btantchev@yahoo.com,false,,other,false,2024-07-08T01:06:43.136Z
olafjkuiper@gmail.com,false,,other,false,2024-07-23T04:18:26.400Z
ryanking925@gmail.com,false,,other,false,2024-07-25T05:44:52.056Z
faigorjaihometv@gmail.com,false,,other,false,2024-08-09T02:51:14.401Z
zoewcrews@gmail.com,false,,other,false,2024-08-24T23:25:52.863Z
jamespwilson14@gmail.com,false,,other,false,2024-08-15T05:20:41.522Z
hayeswu@icloud.com,false,,other,false,2024-08-15T05:32:00.350Z
Eofloisand1@gmail.com,false,,other,false,2024-08-15T17:56:10.825Z
lorimoreplease@gmail.com,false,,other,false,2024-12-12T20:49:22.841Z
kittfricke04@gmail.com,false,,other,false,2024-12-08T23:48:11.384Z
ian.pokorny47@gmail.com,false,,other,false,2024-12-08T23:55:30.602Z
aidanhutch7@gmail.com,false,,other,false,2024-12-14T02:52:24.201Z
Madeleine.s.gerson@gmail.com,false,,other,false,2025-03-04T16:39:55.472Z
micmarnew2@gmail.com,false,,other,false,2025-02-24T22:11:22.348Z
vaniapmark@gmail.com,false,,other,false,2024-12-27T05:32:44.999Z
zfgillingham@gmail.com,false,,other,false,2024-12-30T05:10:43.948Z
avakuiper13@gmail.com,false,,other,false,2025-02-24T21:35:45.374Z
kendall.kt@gmail.com,false,,other,false,2025-03-04T16:39:53.255Z
ajohnson4325@sdsu.edu,false,,other,false,2025-03-04T21:01:36.487Z
